id,groupe_id,modificationDate,amount,status_id,numero_semaine,annee
1,1,2023-01-05,7150,1,1,2023
2,2,2023-01-05,1070,1,1,2023
3,3,2023-01-05,420,1,1,2023
4,4,2023-01-05,4650,1,1,2023
5,5,2023-01-05,210,1,1,2023
6,1,2023-02-05,7150,1,5,2023
7,2,2023-02-05,1070,1,5,2023
8,3,2023-02-05,420,1,5,2023
9,4,2023-02-05,4650,1,5,2023
10,5,2023-02-05,210,1,5,2023
11,1,2023-03-05,7150,1,9,2023
12,2,2023-03-05,1605,1,9,2023
13,3,2023-03-05,420,1,9,2023
14,4,2023-03-05,4650,1,9,2023
15,5,2023-03-05,210,1,9,2023
16,1,2023-04-05,7150,1,14,2023
17,2,2023-04-05,1070,1,14,2023
18,3,2023-04-05,420,1,14,2023
19,4,2023-04-05,4650,1,14,2023
20,5,2023-04-05,210,1,14,2023
21,1,2023-05-05,7150,1,18,2023
22,2,2023-05-05,1070,1,18,2023
23,3,2023-05-05,420,1,18,2023
24,4,2023-05-05,4650,1,18,2023
25,5,2023-05-05,210,1,18,2023
26,1,2023-06-05,7150,1,23,2023
27,2,2023-06-05,1070,1,23,2023
28,3,2023-06-05,420,1,23,2023
29,4,2023-06-05,4650,1,23,2023
30,5,2023-06-05,210,1,23,2023
31,1,2023-07-05,7150,1,27,2023
32,2,2023-07-05,1070,1,27,2023
33,3,2023-07-05,420,1,27,2023
34,4,2023-07-05,4650,1,27,2023
35,5,2023-07-05,210,1,27,2023
36,1,2023-08-05,7150,1,31,2023
37,2,2023-08-05,1070,1,31,2023
38,3,2023-08-05,420,1,31,2023
39,4,2023-08-05,4650,1,31,2023
40,5,2023-08-05,210,1,31,2023
41,1,2023-09-05,7150,1,36,2023
42,2,2023-09-05,1070,1,36,2023
43,3,2023-09-05,420,1,36,2023
44,4,2023-09-05,4650,1,36,2023
45,5,2023-09-05,210,1,36,2023
46,1,2023-10-05,7150,1,40,2023
47,2,2023-10-05,1070,1,40,2023
48,3,2023-10-05,420,1,40,2023
49,4,2023-10-05,4650,1,40,2023
50,5,2023-10-05,210,1,40,2023
51,1,2023-11-05,7150,1,44,2023
52,2,2023-11-05,1070,1,44,2023
53,3,2023-11-05,420,1,44,2023
54,4,2023-11-05,4650,1,44,2023
55,5,2023-11-05,210,1,44,2023
56,1,2023-12-05,7150,1,49,2023
57,2,2023-12-05,1605,1,49,2023
58,3,2023-12-05,420,1,49,2023
59,4,2023-12-05,4650,1,49,2023
60,5,2023-12-05,210,1,49,2023
61,1,2024-01-05,7150,1,1,2024
62,2,2024-01-05,1070,1,1,2024
63,3,2024-01-05,420,1,1,2024
64,4,2024-01-05,4650,1,1,2024
65,5,2024-01-05,210,1,1,2024
66,1,2024-02-05,7150,1,6,2024
67,2,2024-02-05,1070,1,6,2024
68,3,2024-02-05,420,1,6,2024
69,4,2024-02-05,4650,1,6,2024
70,5,2024-02-05,210,1,6,2024
71,1,2024-03-05,7150,1,10,2024
72,2,2024-03-05,1605,1,10,2024
73,3,2024-03-05,420,1,10,2024
74,4,2024-03-05,4650,1,10,2024
75,5,2024-03-05,210,1,10,2024
76,1,2024-04-05,7150,1,14,2024
77,2,2024-04-05,1070,1,14,2024
78,3,2024-04-05,420,1,14,2024
79,4,2024-04-05,4650,1,14,2024
80,5,2024-04-05,210,1,14,2024
81,1,2024-05-05,7150,1,18,2024
82,2,2024-05-05,1070,1,18,2024
83,3,2024-05-05,420,1,18,2024
84,4,2024-05-05,4650,1,18,2024
85,5,2024-05-05,210,1,18,2024
86,1,2024-06-05,7150,1,23,2024
87,2,2024-06-05,1070,1,23,2024
88,3,2024-06-05,420,1,23,2024
89,4,2024-06-05,4650,1,23,2024
90,5,2024-06-05,210,1,23,2024
91,1,2024-07-05,7150,1,27,2024
92,2,2024-07-05,1070,1,27,2024
93,3,2024-07-05,420,1,27,2024
94,4,2024-07-05,4650,1,27,2024
95,5,2024-07-05,210,1,27,2024
96,1,2024-08-05,7150,1,32,2024
97,2,2024-08-05,1070,1,32,2024
98,3,2024-08-05,420,1,32,2024
99,4,2024-08-05,4650,1,32,2024
100,5,2024-08-05,210,1,32,2024
101,1,2024-09-05,7150,1,36,2024
102,2,2024-09-05,1070,1,36,2024
103,3,2024-09-05,420,1,36,2024
104,4,2024-09-05,4650,1,36,2024
105,5,2024-09-05,210,1,36,2024
106,1,2024-10-05,7150,1,40,2024
107,2,2024-10-05,1070,1,40,2024
108,3,2024-10-05,420,1,40,2024
109,4,2024-10-05,4650,1,40,2024
110,5,2024-10-05,210,1,40,2024
111,1,2024-11-05,7150,1,45,2024
112,2,2024-11-05,1070,1,45,2024
113,3,2024-11-05,420,1,45,2024
114,4,2024-11-05,4650,1,45,2024
115,5,2024-11-05,210,1,45,2024
116,1,2024-12-05,7150,1,49,2024
117,2,2024-12-05,1605,1,49,2024
118,3,2024-12-05,420,1,49,2024
119,4,2024-12-05,4650,1,49,2024
120,5,2024-12-05,210,1,49,2024
121,1,2025-01-05,7150,1,1,2025
122,2,2025-01-05,1070,1,1,2025
123,3,2025-01-05,420,1,1,2025
124,4,2025-01-05,4650,1,1,2025
125,5,2025-01-05,210,1,1,2025
126,1,2025-02-05,7150,1,6,2025
127,2,2025-02-05,1070,1,6,2025
128,3,2025-02-05,420,1,6,2025
129,4,2025-02-05,4650,1,6,2025
130,5,2025-02-05,210,1,6,2025
131,1,2025-03-05,7150,1,10,2025
132,2,2025-03-05,1605,1,10,2025
133,3,2025-03-05,420,1,10,2025
134,4,2025-03-05,4650,1,10,2025
135,5,2025-03-05,210,1,10,2025
136,1,2025-04-05,7150,1,14,2025
137,2,2025-04-05,1070,1,14,2025
138,3,2025-04-05,420,1,14,2025
139,4,2025-04-05,4650,1,14,2025
140,5,2025-04-05,210,1,14,2025
141,1,2025-05-05,7150,1,19,2025
142,2,2025-05-05,1070,1,19,2025
143,3,2025-05-05,420,1,19,2025
144,4,2025-05-05,4650,1,19,2025
145,5,2025-05-05,210,1,19,2025
146,1,2025-06-05,7150,1,23,2025
147,2,2025-06-05,1070,1,23,2025
148,3,2025-06-05,420,1,23,2025
149,4,2025-06-05,4650,1,23,2025
150,5,2025-06-05,210,1,23,2025
151,1,2025-07-05,7150,1,27,2025
152,2,2025-07-05,1070,1,27,2025
153,3,2025-07-05,420,1,27,2025
154,4,2025-07-05,4650,1,27,2025
155,5,2025-07-05,210,1,27,2025
156,1,2025-08-05,7150,1,32,2025
157,2,2025-08-05,1070,1,32,2025
158,3,2025-08-05,420,1,32,2025
159,4,2025-08-05,4650,1,32,2025
160,5,2025-08-05,210,1,32,2025
161,1,2025-09-05,7150,1,36,2025
162,2,2025-09-05,1070,1,36,2025
163,3,2025-09-05,420,1,36,2025
164,4,2025-09-05,4650,1,36,2025
165,5,2025-09-05,210,1,36,2025
166,1,2025-10-05,7150,1,40,2025
167,2,2025-10-05,1070,1,40,2025
168,3,2025-10-05,420,1,40,2025
169,4,2025-10-05,4650,1,40,2025
170,5,2025-10-05,210,1,40,2025
171,1,2025-11-05,7150,1,45,2025
172,2,2025-11-05,1070,1,45,2025
173,3,2025-11-05,420,1,45,2025
174,4,2025-11-05,4650,1,45,2025
175,5,2025-11-05,210,1,45,2025
176,1,2025-12-05,7150,1,49,2025
177,2,2025-12-05,1605,1,49,2025
178,3,2025-12-05,420,1,49,2025
179,4,2025-12-05,4650,1,49,2025
180,5,2025-12-05,210,1,49,2025
181,1,2026-01-05,7150,1,2,2026
182,2,2026-01-05,1070,1,2,2026
183,3,2026-01-05,420,1,2,2026
184,4,2026-01-05,4650,1,2,2026
185,5,2026-01-05,210,1,2,2026
186,1,2026-02-05,7150,1,6,2026
187,2,2026-02-05,1070,1,6,2026
188,3,2026-02-05,420,1,6,2026
189,4,2026-02-05,4650,1,6,2026
190,5,2026-02-05,210,1,6,2026
191,1,2026-03-05,7150,1,10,2026
192,2,2026-03-05,1605,1,10,2026
193,3,2026-03-05,420,1,10,2026
194,4,2026-03-05,4650,1,10,2026
195,5,2026-03-05,210,1,10,2026
196,1,2026-04-05,7150,1,14,2026
197,2,2026-04-05,1070,1,14,2026
198,3,2026-04-05,420,1,14,2026
199,4,2026-04-05,4650,1,14,2026
200,5,2026-04-05,210,1,14,2026
201,1,2023-01-01,-385,2,52,2023
202,2,2023-01-01,-45,2,52,2023
203,3,2023-01-01,-15,2,52,2023
204,4,2023-01-01,-292,2,52,2023
205,5,2023-01-01,-2,2,52,2023
206,1,2023-01-02,-299,2,1,2023
207,2,2023-01-02,-40,2,1,2023
208,3,2023-01-02,-17,2,1,2023
209,4,2023-01-02,-247,2,1,2023
210,5,2023-01-02,-9,2,1,2023
211,1,2023-01-03,-363,2,1,2023
212,2,2023-01-03,-59,2,1,2023
213,3,2023-01-03,-22,2,1,2023
214,4,2023-01-03,-227,2,1,2023
215,5,2023-01-03,-8,2,1,2023
216,1,2023-01-04,-163,2,1,2023
217,2,2023-01-04,-21,2,1,2023
218,3,2023-01-04,-10,2,1,2023
219,4,2023-01-04,-103,2,1,2023
220,5,2023-01-04,-1,2,1,2023
221,1,2023-01-05,-219,2,1,2023
222,2,2023-01-05,-31,2,1,2023
223,3,2023-01-05,-10,2,1,2023
224,4,2023-01-05,-116,2,1,2023
225,5,2023-01-05,-5,2,1,2023
226,1,2023-01-06,-270,2,1,2023
227,2,2023-01-06,-33,2,1,2023
228,3,2023-01-06,-14,2,1,2023
229,4,2023-01-06,-157,2,1,2023
230,5,2023-01-06,-5,2,1,2023
231,1,2023-01-07,-262,2,1,2023
232,2,2023-01-07,-23,2,1,2023
233,3,2023-01-07,-3,2,1,2023
234,4,2023-01-07,-143,2,1,2023
235,5,2023-01-07,-5,2,1,2023
236,1,2023-01-08,-276,2,1,2023
237,2,2023-01-08,-26,2,1,2023
238,3,2023-01-08,-12,2,1,2023
239,4,2023-01-08,-127,2,1,2023
240,5,2023-01-08,-7,2,1,2023
241,1,2023-01-09,-219,2,2,2023
242,2,2023-01-09,-45,2,2,2023
243,3,2023-01-09,-12,2,2,2023
244,4,2023-01-09,-132,2,2,2023
245,5,2023-01-09,-5,2,2,2023
246,1,2023-01-10,-205,2,2,2023
247,2,2023-01-10,-18,2,2,2023
248,3,2023-01-10,-11,2,2,2023
249,4,2023-01-10,-49,2,2,2023
250,5,2023-01-10,-4,2,2,2023
251,1,2023-01-11,-224,2,2,2023
252,2,2023-01-11,-33,2,2,2023
253,3,2023-01-11,-13,2,2,2023
254,4,2023-01-11,-119,2,2,2023
255,5,2023-01-11,-7,2,2,2023
256,1,2023-01-12,-168,2,2,2023
257,2,2023-01-12,-27,2,2,2023
258,3,2023-01-12,-11,2,2,2023
259,4,2023-01-12,-134,2,2,2023
260,1,2023-01-13,-163,2,2,2023
261,2,2023-01-13,-17,2,2,2023
262,3,2023-01-13,-9,2,2,2023
263,4,2023-01-13,-63,2,2,2023
264,5,2023-01-13,-5,2,2,2023
265,1,2023-01-14,-540,2,2,2023
266,2,2023-01-14,-27,2,2,2023
267,3,2023-01-14,-11,2,2,2023
268,4,2023-01-14,-169,2,2,2023
269,5,2023-01-14,-4,2,2,2023
270,1,2023-01-15,-216,2,2,2023
271,2,2023-01-15,-36,2,2,2023
272,3,2023-01-15,-11,2,2,2023
273,4,2023-01-15,-140,2,2,2023
274,5,2023-01-15,-6,2,2,2023
275,1,2023-01-16,-202,2,3,2023
276,2,2023-01-16,-74,2,3,2023
277,3,2023-01-16,-14,2,3,2023
278,4,2023-01-16,-213,2,3,2023
279,5,2023-01-16,-6,2,3,2023
280,1,2023-01-17,-215,2,3,2023
281,2,2023-01-17,-22,2,3,2023
282,3,2023-01-17,-12,2,3,2023
283,4,2023-01-17,-146,2,3,2023
284,5,2023-01-17,-6,2,3,2023
285,1,2023-01-18,-194,2,3,2023
286,2,2023-01-18,-23,2,3,2023
287,3,2023-01-18,-10,2,3,2023
288,4,2023-01-18,-140,2,3,2023
289,5,2023-01-18,-6,2,3,2023
290,1,2023-01-19,-230,2,3,2023
291,2,2023-01-19,-30,2,3,2023
292,3,2023-01-19,-16,2,3,2023
293,4,2023-01-19,-124,2,3,2023
294,5,2023-01-19,-5,2,3,2023
295,1,2023-01-20,-267,2,3,2023
296,2,2023-01-20,-28,2,3,2023
297,3,2023-01-20,-10,2,3,2023
298,4,2023-01-20,-131,2,3,2023
299,5,2023-01-20,-2,2,3,2023
300,1,2023-01-21,-226,2,3,2023
301,2,2023-01-21,-19,2,3,2023
302,3,2023-01-21,-14,2,3,2023
303,4,2023-01-21,-127,2,3,2023
304,5,2023-01-21,-5,2,3,2023
305,1,2023-01-22,-192,2,3,2023
306,2,2023-01-22,-27,2,3,2023
307,3,2023-01-22,-3,2,3,2023
308,4,2023-01-22,-129,2,3,2023
309,5,2023-01-22,-6,2,3,2023
310,1,2023-01-23,-209,2,4,2023
311,2,2023-01-23,-30,2,4,2023
312,3,2023-01-23,-12,2,4,2023
313,4,2023-01-23,-107,2,4,2023
314,5,2023-01-23,-5,2,4,2023
315,1,2023-01-24,-130,2,4,2023
316,2,2023-01-24,-28,2,4,2023
317,3,2023-01-24,-12,2,4,2023
318,4,2023-01-24,-149,2,4,2023
319,5,2023-01-24,-5,2,4,2023
320,1,2023-01-25,-521,2,4,2023
321,2,2023-01-25,-31,2,4,2023
322,3,2023-01-25,-11,2,4,2023
323,4,2023-01-25,-166,2,4,2023
324,5,2023-01-25,-5,2,4,2023
325,1,2023-01-26,-231,2,4,2023
326,2,2023-01-26,-37,2,4,2023
327,3,2023-01-26,-14,2,4,2023
328,5,2023-01-26,-5,2,4,2023
329,1,2023-01-27,-163,2,4,2023
330,2,2023-01-27,-20,2,4,2023
331,3,2023-01-27,-13,2,4,2023
332,4,2023-01-27,-145,2,4,2023
333,5,2023-01-27,-5,2,4,2023
334,1,2023-01-28,-206,2,4,2023
335,2,2023-01-28,-20,2,4,2023
336,3,2023-01-28,-12,2,4,2023
337,4,2023-01-28,-116,2,4,2023
338,1,2023-01-29,-242,2,4,2023
339,2,2023-01-29,-29,2,4,2023
340,3,2023-01-29,-14,2,4,2023
341,4,2023-01-29,-137,2,4,2023
342,5,2023-01-29,-6,2,4,2023
343,1,2023-01-30,-145,2,5,2023
344,2,2023-01-30,-27,2,5,2023
345,3,2023-01-30,-13,2,5,2023
346,4,2023-01-30,-142,2,5,2023
347,5,2023-01-30,-7,2,5,2023
348,1,2023-01-31,-150,2,5,2023
349,2,2023-01-31,-36,2,5,2023
350,3,2023-01-31,-13,2,5,2023
351,4,2023-01-31,-121,2,5,2023
352,5,2023-01-31,-5,2,5,2023
353,1,2023-02-01,-254,2,5,2023
354,2,2023-02-01,-28,2,5,2023
355,3,2023-02-01,-4,2,5,2023
356,4,2023-02-01,-169,2,5,2023
357,5,2023-02-01,-6,2,5,2023
358,1,2023-02-02,-178,2,5,2023
359,2,2023-02-02,-36,2,5,2023
360,3,2023-02-02,-9,2,5,2023
361,4,2023-02-02,-113,2,5,2023
362,5,2023-02-02,-6,2,5,2023
363,1,2023-02-03,-219,2,5,2023
364,2,2023-02-03,-30,2,5,2023
365,3,2023-02-03,-13,2,5,2023
366,4,2023-02-03,-126,2,5,2023
367,5,2023-02-03,-7,2,5,2023
368,1,2023-02-04,-224,2,5,2023
369,2,2023-02-04,-32,2,5,2023
370,3,2023-02-04,-11,2,5,2023
371,4,2023-02-04,-146,2,5,2023
372,5,2023-02-04,-6,2,5,2023
373,1,2023-02-05,-196,2,5,2023
374,2,2023-02-05,-26,2,5,2023
375,3,2023-02-05,-11,2,5,2023
376,5,2023-02-05,-7,2,5,2023
377,1,2023-02-06,-190,2,6,2023
378,2,2023-02-06,-22,2,6,2023
379,3,2023-02-06,-14,2,6,2023
380,4,2023-02-06,-142,2,6,2023
381,5,2023-02-06,-6,2,6,2023
382,1,2023-02-07,-160,2,6,2023
383,2,2023-02-07,-26,2,6,2023
384,3,2023-02-07,-12,2,6,2023
385,4,2023-02-07,-89,2,6,2023
386,5,2023-02-07,-7,2,6,2023
387,1,2023-02-08,-181,2,6,2023
388,2,2023-02-08,-27,2,6,2023
389,4,2023-02-08,-106,2,6,2023
390,5,2023-02-08,-6,2,6,2023
391,1,2023-02-09,-180,2,6,2023
392,2,2023-02-09,-31,2,6,2023
393,3,2023-02-09,-12,2,6,2023
394,4,2023-02-09,-256,2,6,2023
395,5,2023-02-09,-5,2,6,2023
396,1,2023-02-10,-247,2,6,2023
397,2,2023-02-10,-30,2,6,2023
398,3,2023-02-10,-3,2,6,2023
399,4,2023-02-10,-134,2,6,2023
400,5,2023-02-10,-5,2,6,2023
401,1,2023-02-11,-247,2,6,2023
402,2,2023-02-11,-36,2,6,2023
403,3,2023-02-11,-11,2,6,2023
404,4,2023-02-11,-128,2,6,2023
405,5,2023-02-11,-6,2,6,2023
406,1,2023-02-12,-251,2,6,2023
407,2,2023-02-12,-28,2,6,2023
408,3,2023-02-12,-11,2,6,2023
409,4,2023-02-12,-96,2,6,2023
410,5,2023-02-12,-6,2,6,2023
411,1,2023-02-13,-139,2,7,2023
412,2,2023-02-13,-23,2,7,2023
413,3,2023-02-13,-11,2,7,2023
414,4,2023-02-13,-107,2,7,2023
415,5,2023-02-13,-7,2,7,2023
416,1,2023-02-14,-170,2,7,2023
417,2,2023-02-14,-30,2,7,2023
418,3,2023-02-14,-14,2,7,2023
419,4,2023-02-14,-119,2,7,2023
420,5,2023-02-14,-10,2,7,2023
421,1,2023-02-15,-184,2,7,2023
422,2,2023-02-15,-35,2,7,2023
423,3,2023-02-15,-11,2,7,2023
424,4,2023-02-15,-211,2,7,2023
425,5,2023-02-15,-5,2,7,2023
426,1,2023-02-16,-210,2,7,2023
427,2,2023-02-16,-24,2,7,2023
428,3,2023-02-16,-10,2,7,2023
429,4,2023-02-16,-128,2,7,2023
430,5,2023-02-16,-6,2,7,2023
431,1,2023-02-17,-244,2,7,2023
432,2,2023-02-17,-21,2,7,2023
433,3,2023-02-17,-9,2,7,2023
434,4,2023-02-17,-122,2,7,2023
435,5,2023-02-17,-5,2,7,2023
436,1,2023-02-18,-232,2,7,2023
437,2,2023-02-18,-27,2,7,2023
438,3,2023-02-18,-12,2,7,2023
439,4,2023-02-18,-126,2,7,2023
440,5,2023-02-18,-5,2,7,2023
441,1,2023-02-19,-278,2,7,2023
442,2,2023-02-19,-31,2,7,2023
443,3,2023-02-19,-13,2,7,2023
444,4,2023-02-19,-135,2,7,2023
445,5,2023-02-19,-6,2,7,2023
446,1,2023-02-20,-170,2,8,2023
447,2,2023-02-20,-29,2,8,2023
448,3,2023-02-20,-4,2,8,2023
449,4,2023-02-20,-113,2,8,2023
450,5,2023-02-20,-7,2,8,2023
451,1,2023-02-21,-201,2,8,2023
452,2,2023-02-21,-19,2,8,2023
453,3,2023-02-21,-3,2,8,2023
454,4,2023-02-21,-150,2,8,2023
455,5,2023-02-21,-5,2,8,2023
456,1,2023-02-22,-151,2,8,2023
457,2,2023-02-22,-29,2,8,2023
458,3,2023-02-22,-11,2,8,2023
459,4,2023-02-22,-133,2,8,2023
460,5,2023-02-22,-6,2,8,2023
461,1,2023-02-23,-229,2,8,2023
462,2,2023-02-23,-28,2,8,2023
463,3,2023-02-23,-26,2,8,2023
464,4,2023-02-23,-123,2,8,2023
465,5,2023-02-23,-5,2,8,2023
466,1,2023-02-24,-191,2,8,2023
467,2,2023-02-24,-27,2,8,2023
468,3,2023-02-24,-13,2,8,2023
469,4,2023-02-24,-109,2,8,2023
470,5,2023-02-24,-7,2,8,2023
471,1,2023-02-25,-277,2,8,2023
472,2,2023-02-25,-28,2,8,2023
473,3,2023-02-25,-9,2,8,2023
474,4,2023-02-25,-142,2,8,2023
475,5,2023-02-25,-6,2,8,2023
476,1,2023-02-26,-189,2,8,2023
477,2,2023-02-26,-29,2,8,2023
478,3,2023-02-26,-10,2,8,2023
479,4,2023-02-26,-164,2,8,2023
480,5,2023-02-26,-6,2,8,2023
481,1,2023-02-27,-177,2,9,2023
482,2,2023-02-27,-12,2,9,2023
483,3,2023-02-27,-12,2,9,2023
484,4,2023-02-27,-163,2,9,2023
485,5,2023-02-27,-5,2,9,2023
486,1,2023-02-28,-85,2,9,2023
487,2,2023-02-28,-51,2,9,2023
488,3,2023-02-28,-12,2,9,2023
489,4,2023-02-28,-95,2,9,2023
490,5,2023-02-28,-6,2,9,2023
491,1,2023-03-01,-190,2,9,2023
492,2,2023-03-01,-26,2,9,2023
493,3,2023-03-01,-10,2,9,2023
494,4,2023-03-01,-126,2,9,2023
495,5,2023-03-01,-5,2,9,2023
496,1,2023-03-02,-177,2,9,2023
497,2,2023-03-02,-30,2,9,2023
498,3,2023-03-02,-12,2,9,2023
499,4,2023-03-02,-135,2,9,2023
500,5,2023-03-02,-6,2,9,2023
501,1,2023-03-03,-236,2,9,2023
502,2,2023-03-03,-29,2,9,2023
503,3,2023-03-03,-12,2,9,2023
504,4,2023-03-03,-143,2,9,2023
505,5,2023-03-03,-2,2,9,2023
506,1,2023-03-04,-322,2,9,2023
507,2,2023-03-04,-36,2,9,2023
508,3,2023-03-04,-14,2,9,2023
509,4,2023-03-04,-110,2,9,2023
510,5,2023-03-04,-5,2,9,2023
511,1,2023-03-05,-307,2,9,2023
512,2,2023-03-05,-33,2,9,2023
513,3,2023-03-05,-11,2,9,2023
514,4,2023-03-05,-134,2,9,2023
515,5,2023-03-05,-1,2,9,2023
516,1,2023-03-06,-190,2,10,2023
517,2,2023-03-06,-30,2,10,2023
518,3,2023-03-06,-9,2,10,2023
519,4,2023-03-06,-108,2,10,2023
520,5,2023-03-06,-5,2,10,2023
521,1,2023-03-07,-225,2,10,2023
522,2,2023-03-07,-29,2,10,2023
523,3,2023-03-07,-11,2,10,2023
524,4,2023-03-07,-82,2,10,2023
525,5,2023-03-07,-5,2,10,2023
526,1,2023-03-08,-185,2,10,2023
527,2,2023-03-08,-43,2,10,2023
528,3,2023-03-08,-12,2,10,2023
529,4,2023-03-08,-121,2,10,2023
530,5,2023-03-08,-4,2,10,2023
531,1,2023-03-09,-246,2,10,2023
532,2,2023-03-09,-26,2,10,2023
533,3,2023-03-09,-13,2,10,2023
534,4,2023-03-09,-121,2,10,2023
535,5,2023-03-09,-7,2,10,2023
536,1,2023-03-10,-579,2,10,2023
537,2,2023-03-10,-53,2,10,2023
538,3,2023-03-10,-17,2,10,2023
539,4,2023-03-10,-213,2,10,2023
540,5,2023-03-10,-8,2,10,2023
541,1,2023-03-11,-387,2,10,2023
542,2,2023-03-11,-17,2,10,2023
543,3,2023-03-11,-21,2,10,2023
544,4,2023-03-11,-249,2,10,2023
545,5,2023-03-11,-7,2,10,2023
546,1,2023-03-12,-343,2,10,2023
547,2,2023-03-12,-53,2,10,2023
548,3,2023-03-12,-22,2,10,2023
549,4,2023-03-12,-188,2,10,2023
550,5,2023-03-12,-7,2,10,2023
551,1,2023-03-13,-318,2,11,2023
552,2,2023-03-13,-46,2,11,2023
553,3,2023-03-13,-19,2,11,2023
554,4,2023-03-13,-279,2,11,2023
555,5,2023-03-13,-10,2,11,2023
556,1,2023-03-14,-318,2,11,2023
557,2,2023-03-14,-45,2,11,2023
558,3,2023-03-14,-20,2,11,2023
559,4,2023-03-14,-269,2,11,2023
560,5,2023-03-14,-10,2,11,2023
561,1,2023-03-15,-322,2,11,2023
562,2,2023-03-15,-45,2,11,2023
563,3,2023-03-15,-18,2,11,2023
564,4,2023-03-15,-279,2,11,2023
565,5,2023-03-15,-11,2,11,2023
566,1,2023-03-16,-425,2,11,2023
567,2,2023-03-16,-52,2,11,2023
568,3,2023-03-16,-20,2,11,2023
569,4,2023-03-16,-235,2,11,2023
570,5,2023-03-16,-11,2,11,2023
571,1,2023-03-17,-500,2,11,2023
572,2,2023-03-17,-67,2,11,2023
573,3,2023-03-17,-26,2,11,2023
574,4,2023-03-17,-278,2,11,2023
575,5,2023-03-17,-9,2,11,2023
576,1,2023-03-18,-410,2,11,2023
577,2,2023-03-18,-54,2,11,2023
578,3,2023-03-18,-25,2,11,2023
579,4,2023-03-18,-161,2,11,2023
580,5,2023-03-18,-10,2,11,2023
581,1,2023-03-19,-428,2,11,2023
582,2,2023-03-19,-45,2,11,2023
583,3,2023-03-19,-22,2,11,2023
584,4,2023-03-19,-208,2,11,2023
585,5,2023-03-19,-12,2,11,2023
586,1,2023-03-20,-359,2,12,2023
587,2,2023-03-20,-48,2,12,2023
588,3,2023-03-20,-24,2,12,2023
589,4,2023-03-20,-224,2,12,2023
590,5,2023-03-20,-11,2,12,2023
591,1,2023-03-21,-369,2,12,2023
592,2,2023-03-21,-28,2,12,2023
593,3,2023-03-21,-22,2,12,2023
594,4,2023-03-21,-201,2,12,2023
595,5,2023-03-21,-12,2,12,2023
596,1,2023-03-22,-123,2,12,2023
597,2,2023-03-22,-65,2,12,2023
598,3,2023-03-22,-16,2,12,2023
599,4,2023-03-22,-179,2,12,2023
600,5,2023-03-22,-11,2,12,2023
601,1,2023-03-23,-394,2,12,2023
602,2,2023-03-23,-61,2,12,2023
603,3,2023-03-23,-19,2,12,2023
604,4,2023-03-23,-186,2,12,2023
605,5,2023-03-23,-11,2,12,2023
606,1,2023-03-24,-319,2,12,2023
607,2,2023-03-24,-54,2,12,2023
608,3,2023-03-24,-3,2,12,2023
609,4,2023-03-24,-340,2,12,2023
610,5,2023-03-24,-8,2,12,2023
611,1,2023-03-25,-485,2,12,2023
612,2,2023-03-25,-60,2,12,2023
613,3,2023-03-25,-19,2,12,2023
614,4,2023-03-25,-71,2,12,2023
615,5,2023-03-25,-10,2,12,2023
616,1,2023-03-26,-438,2,12,2023
617,2,2023-03-26,-55,2,12,2023
618,3,2023-03-26,-47,2,12,2023
619,4,2023-03-26,-238,2,12,2023
620,5,2023-03-26,-14,2,12,2023
621,1,2023-03-27,-358,2,13,2023
622,3,2023-03-27,-24,2,13,2023
623,4,2023-03-27,-224,2,13,2023
624,5,2023-03-27,-9,2,13,2023
625,1,2023-03-28,-294,2,13,2023
626,2,2023-03-28,-47,2,13,2023
627,3,2023-03-28,-22,2,13,2023
628,4,2023-03-28,-214,2,13,2023
629,5,2023-03-28,-10,2,13,2023
630,1,2023-03-29,-430,2,13,2023
631,2,2023-03-29,-47,2,13,2023
632,3,2023-03-29,-30,2,13,2023
633,4,2023-03-29,-185,2,13,2023
634,5,2023-03-29,-9,2,13,2023
635,1,2023-03-30,-92,2,13,2023
636,2,2023-03-30,-54,2,13,2023
637,3,2023-03-30,-19,2,13,2023
638,4,2023-03-30,-213,2,13,2023
639,5,2023-03-30,-9,2,13,2023
640,1,2023-03-31,-282,2,13,2023
641,2,2023-03-31,-41,2,13,2023
642,3,2023-03-31,-16,2,13,2023
643,4,2023-03-31,-190,2,13,2023
644,5,2023-03-31,-11,2,13,2023
645,1,2023-04-01,-470,2,13,2023
646,2,2023-04-01,-81,2,13,2023
647,3,2023-04-01,-16,2,13,2023
648,4,2023-04-01,-257,2,13,2023
649,5,2023-04-01,-13,2,13,2023
650,1,2023-04-02,-454,2,13,2023
651,2,2023-04-02,-71,2,13,2023
652,3,2023-04-02,-20,2,13,2023
653,4,2023-04-02,-308,2,13,2023
654,5,2023-04-02,-12,2,13,2023
655,1,2023-04-03,-410,2,14,2023
656,2,2023-04-03,-38,2,14,2023
657,3,2023-04-03,-21,2,14,2023
658,4,2023-04-03,-123,2,14,2023
659,5,2023-04-03,-11,2,14,2023
660,1,2023-04-04,-352,2,14,2023
661,2,2023-04-04,-70,2,14,2023
662,3,2023-04-04,-25,2,14,2023
663,4,2023-04-04,-91,2,14,2023
664,5,2023-04-04,-11,2,14,2023
665,1,2023-04-05,-579,2,14,2023
666,2,2023-04-05,-61,2,14,2023
667,3,2023-04-05,-29,2,14,2023
668,4,2023-04-05,-273,2,14,2023
669,5,2023-04-05,-14,2,14,2023
670,1,2023-04-06,-416,2,14,2023
671,2,2023-04-06,-64,2,14,2023
672,3,2023-04-06,-16,2,14,2023
673,4,2023-04-06,-311,2,14,2023
674,5,2023-04-06,-14,2,14,2023
675,1,2023-04-07,-303,2,14,2023
676,2,2023-04-07,-24,2,14,2023
677,3,2023-04-07,-33,2,14,2023
678,4,2023-04-07,-260,2,14,2023
679,5,2023-04-07,-7,2,14,2023
680,1,2023-04-08,-447,2,14,2023
681,2,2023-04-08,-67,2,14,2023
682,3,2023-04-08,-28,2,14,2023
683,4,2023-04-08,-253,2,14,2023
684,5,2023-04-08,-10,2,14,2023
685,1,2023-04-09,-220,2,14,2023
686,2,2023-04-09,-71,2,14,2023
687,3,2023-04-09,-63,2,14,2023
688,4,2023-04-09,-314,2,14,2023
689,5,2023-04-09,-15,2,14,2023
690,2,2023-04-10,-83,2,15,2023
691,3,2023-04-10,-28,2,15,2023
692,4,2023-04-10,-309,2,15,2023
693,5,2023-04-10,-13,2,15,2023
694,1,2023-04-11,-441,2,15,2023
695,2,2023-04-11,-63,2,15,2023
696,3,2023-04-11,-12,2,15,2023
697,4,2023-04-11,-284,2,15,2023
698,5,2023-04-11,-10,2,15,2023
699,1,2023-04-12,-500,2,15,2023
700,2,2023-04-12,-73,2,15,2023
701,3,2023-04-12,-12,2,15,2023
702,4,2023-04-12,-247,2,15,2023
703,5,2023-04-12,-15,2,15,2023
704,1,2023-04-13,-468,2,15,2023
705,2,2023-04-13,-44,2,15,2023
706,3,2023-04-13,-49,2,15,2023
707,4,2023-04-13,-317,2,15,2023
708,5,2023-04-13,-13,2,15,2023
709,1,2023-04-14,-342,2,15,2023
710,2,2023-04-14,-94,2,15,2023
711,3,2023-04-14,-24,2,15,2023
712,4,2023-04-14,-273,2,15,2023
713,5,2023-04-14,-11,2,15,2023
714,1,2023-04-15,-400,2,15,2023
715,2,2023-04-15,-59,2,15,2023
716,3,2023-04-15,-27,2,15,2023
717,4,2023-04-15,-269,2,15,2023
718,5,2023-04-15,-13,2,15,2023
719,1,2023-04-16,-474,2,15,2023
720,2,2023-04-16,-70,2,15,2023
721,3,2023-04-16,-66,2,15,2023
722,4,2023-04-16,-296,2,15,2023
723,5,2023-04-16,-10,2,15,2023
724,1,2023-04-17,-409,2,16,2023
725,2,2023-04-17,-72,2,16,2023
726,3,2023-04-17,-28,2,16,2023
727,4,2023-04-17,-332,2,16,2023
728,5,2023-04-17,-10,2,16,2023
729,1,2023-04-18,-388,2,16,2023
730,2,2023-04-18,-76,2,16,2023
731,3,2023-04-18,-26,2,16,2023
732,4,2023-04-18,-306,2,16,2023
733,5,2023-04-18,-13,2,16,2023
734,1,2023-04-19,-354,2,16,2023
735,2,2023-04-19,-84,2,16,2023
736,3,2023-04-19,-25,2,16,2023
737,4,2023-04-19,-383,2,16,2023
738,5,2023-04-19,-13,2,16,2023
739,1,2023-04-20,-483,2,16,2023
740,2,2023-04-20,-79,2,16,2023
741,3,2023-04-20,-34,2,16,2023
742,4,2023-04-20,-289,2,16,2023
743,5,2023-04-20,-14,2,16,2023
744,1,2023-04-21,-217,2,16,2023
745,2,2023-04-21,-58,2,16,2023
746,3,2023-04-21,-28,2,16,2023
747,4,2023-04-21,-295,2,16,2023
748,5,2023-04-21,-19,2,16,2023
749,1,2023-04-22,-422,2,16,2023
750,2,2023-04-22,-56,2,16,2023
751,3,2023-04-22,-22,2,16,2023
752,4,2023-04-22,-290,2,16,2023
753,5,2023-04-22,-14,2,16,2023
754,1,2023-04-23,-557,2,16,2023
755,2,2023-04-23,-51,2,16,2023
756,3,2023-04-23,-8,2,16,2023
757,4,2023-04-23,-322,2,16,2023
758,5,2023-04-23,-13,2,16,2023
759,1,2023-04-24,-437,2,17,2023
760,3,2023-04-24,-29,2,17,2023
761,4,2023-04-24,-237,2,17,2023
762,5,2023-04-24,-15,2,17,2023
763,1,2023-04-25,-448,2,17,2023
764,2,2023-04-25,-62,2,17,2023
765,3,2023-04-25,-6,2,17,2023
766,4,2023-04-25,-245,2,17,2023
767,5,2023-04-25,-12,2,17,2023
768,1,2023-04-26,-169,2,17,2023
769,2,2023-04-26,-9,2,17,2023
770,3,2023-04-26,-9,2,17,2023
771,4,2023-04-26,-161,2,17,2023
772,5,2023-04-26,-6,2,17,2023
773,1,2023-04-27,-170,2,17,2023
774,2,2023-04-27,-29,2,17,2023
775,3,2023-04-27,-11,2,17,2023
776,4,2023-04-27,-140,2,17,2023
777,5,2023-04-27,-4,2,17,2023
778,1,2023-04-28,-195,2,17,2023
779,2,2023-04-28,-33,2,17,2023
780,3,2023-04-28,-8,2,17,2023
781,4,2023-04-28,-138,2,17,2023
782,5,2023-04-28,-7,2,17,2023
783,1,2023-04-29,-255,2,17,2023
784,2,2023-04-29,-36,2,17,2023
785,3,2023-04-29,-12,2,17,2023
786,4,2023-04-29,-108,2,17,2023
787,5,2023-04-29,-5,2,17,2023
788,1,2023-04-30,-193,2,17,2023
789,2,2023-04-30,-30,2,17,2023
790,3,2023-04-30,-12,2,17,2023
791,4,2023-04-30,-128,2,17,2023
792,5,2023-04-30,-6,2,17,2023
793,1,2023-05-01,-323,2,18,2023
794,2,2023-05-01,-51,2,18,2023
795,3,2023-05-01,-55,2,18,2023
796,4,2023-05-01,-184,2,18,2023
797,5,2023-05-01,-7,2,18,2023
798,1,2023-05-02,-309,2,18,2023
799,2,2023-05-02,-55,2,18,2023
800,3,2023-05-02,-16,2,18,2023
801,4,2023-05-02,-227,2,18,2023
802,5,2023-05-02,-10,2,18,2023
803,1,2023-05-03,-295,2,18,2023
804,2,2023-05-03,-61,2,18,2023
805,3,2023-05-03,-20,2,18,2023
806,4,2023-05-03,-256,2,18,2023
807,5,2023-05-03,-11,2,18,2023
808,1,2023-05-04,-224,2,18,2023
809,2,2023-05-04,-26,2,18,2023
810,3,2023-05-04,-14,2,18,2023
811,4,2023-05-04,-137,2,18,2023
812,5,2023-05-04,-6,2,18,2023
813,1,2023-05-05,-192,2,18,2023
814,2,2023-05-05,-23,2,18,2023
815,3,2023-05-05,-10,2,18,2023
816,4,2023-05-05,-152,2,18,2023
817,5,2023-05-05,-7,2,18,2023
818,1,2023-05-06,-218,2,18,2023
819,2,2023-05-06,-33,2,18,2023
820,3,2023-05-06,-11,2,18,2023
821,4,2023-05-06,-141,2,18,2023
822,5,2023-05-06,-4,2,18,2023
823,1,2023-05-07,-212,2,18,2023
824,2,2023-05-07,-24,2,18,2023
825,3,2023-05-07,-10,2,18,2023
826,4,2023-05-07,-144,2,18,2023
827,5,2023-05-07,-6,2,18,2023
828,1,2023-05-08,-188,2,19,2023
829,2,2023-05-08,-37,2,19,2023
830,3,2023-05-08,-13,2,19,2023
831,4,2023-05-08,-150,2,19,2023
832,5,2023-05-08,-1,2,19,2023
833,1,2023-05-09,-219,2,19,2023
834,2,2023-05-09,-33,2,19,2023
835,3,2023-05-09,-12,2,19,2023
836,4,2023-05-09,-94,2,19,2023
837,5,2023-05-09,-4,2,19,2023
838,1,2023-05-10,-223,2,19,2023
839,2,2023-05-10,-28,2,19,2023
840,3,2023-05-10,-14,2,19,2023
841,4,2023-05-10,-117,2,19,2023
842,5,2023-05-10,-7,2,19,2023
843,1,2023-05-11,-150,2,19,2023
844,2,2023-05-11,-38,2,19,2023
845,3,2023-05-11,-11,2,19,2023
846,4,2023-05-11,-148,2,19,2023
847,5,2023-05-11,-6,2,19,2023
848,1,2023-05-12,-150,2,19,2023
849,2,2023-05-12,-24,2,19,2023
850,3,2023-05-12,-9,2,19,2023
851,4,2023-05-12,-151,2,19,2023
852,5,2023-05-12,-4,2,19,2023
853,1,2023-05-13,-218,2,19,2023
854,2,2023-05-13,-39,2,19,2023
855,3,2023-05-13,-13,2,19,2023
856,4,2023-05-13,-125,2,19,2023
857,5,2023-05-13,-6,2,19,2023
858,1,2023-05-14,-231,2,19,2023
859,2,2023-05-14,-34,2,19,2023
860,3,2023-05-14,-5,2,19,2023
861,4,2023-05-14,-109,2,19,2023
862,5,2023-05-14,-4,2,19,2023
863,1,2023-05-15,-222,2,20,2023
864,2,2023-05-15,-23,2,20,2023
865,3,2023-05-15,-11,2,20,2023
866,4,2023-05-15,-258,2,20,2023
867,5,2023-05-15,-4,2,20,2023
868,1,2023-05-16,-185,2,20,2023
869,2,2023-05-16,-29,2,20,2023
870,3,2023-05-16,-4,2,20,2023
871,4,2023-05-16,-120,2,20,2023
872,5,2023-05-16,-6,2,20,2023
873,1,2023-05-17,-235,2,20,2023
874,2,2023-05-17,-30,2,20,2023
875,3,2023-05-17,-9,2,20,2023
876,4,2023-05-17,-141,2,20,2023
877,5,2023-05-17,-5,2,20,2023
878,1,2023-05-18,-189,2,20,2023
879,2,2023-05-18,-35,2,20,2023
880,3,2023-05-18,-11,2,20,2023
881,4,2023-05-18,-102,2,20,2023
882,5,2023-05-18,-6,2,20,2023
883,1,2023-05-19,-252,2,20,2023
884,2,2023-05-19,-30,2,20,2023
885,3,2023-05-19,-9,2,20,2023
886,4,2023-05-19,-105,2,20,2023
887,5,2023-05-19,-7,2,20,2023
888,1,2023-05-20,-241,2,20,2023
889,2,2023-05-20,-30,2,20,2023
890,3,2023-05-20,-10,2,20,2023
891,4,2023-05-20,-132,2,20,2023
892,5,2023-05-20,-5,2,20,2023
893,1,2023-05-21,-226,2,20,2023
894,2,2023-05-21,-31,2,20,2023
895,3,2023-05-21,-3,2,20,2023
896,4,2023-05-21,-124,2,20,2023
897,5,2023-05-21,-6,2,20,2023
898,1,2023-05-22,-180,2,21,2023
899,2,2023-05-22,-32,2,21,2023
900,3,2023-05-22,-10,2,21,2023
901,4,2023-05-22,-154,2,21,2023
902,5,2023-05-22,-5,2,21,2023
903,1,2023-05-23,-234,2,21,2023
904,2,2023-05-23,-29,2,21,2023
905,3,2023-05-23,-8,2,21,2023
906,4,2023-05-23,-125,2,21,2023
907,5,2023-05-23,-14,2,21,2023
908,1,2023-05-24,-166,2,21,2023
909,2,2023-05-24,-63,2,21,2023
910,3,2023-05-24,-14,2,21,2023
911,4,2023-05-24,-126,2,21,2023
912,5,2023-05-24,-6,2,21,2023
913,1,2023-05-25,-224,2,21,2023
914,2,2023-05-25,-29,2,21,2023
915,3,2023-05-25,-14,2,21,2023
916,4,2023-05-25,-142,2,21,2023
917,5,2023-05-25,-5,2,21,2023
918,1,2023-05-26,-133,2,21,2023
919,2,2023-05-26,-30,2,21,2023
920,3,2023-05-26,-27,2,21,2023
921,4,2023-05-26,-111,2,21,2023
922,5,2023-05-26,-6,2,21,2023
923,1,2023-05-27,-261,2,21,2023
924,2,2023-05-27,-28,2,21,2023
925,3,2023-05-27,-10,2,21,2023
926,4,2023-05-27,-126,2,21,2023
927,5,2023-05-27,-7,2,21,2023
928,1,2023-05-28,-266,2,21,2023
929,2,2023-05-28,-26,2,21,2023
930,3,2023-05-28,-11,2,21,2023
931,4,2023-05-28,-145,2,21,2023
932,5,2023-05-28,-5,2,21,2023
933,1,2023-05-29,-242,2,22,2023
934,2,2023-05-29,-36,2,22,2023
935,3,2023-05-29,-11,2,22,2023
936,4,2023-05-29,-132,2,22,2023
937,5,2023-05-29,-5,2,22,2023
938,1,2023-05-30,-490,2,22,2023
939,2,2023-05-30,-34,2,22,2023
940,3,2023-05-30,-9,2,22,2023
941,4,2023-05-30,-136,2,22,2023
942,5,2023-05-30,-4,2,22,2023
943,1,2023-05-31,-234,2,22,2023
944,2,2023-05-31,-13,2,22,2023
945,3,2023-05-31,-12,2,22,2023
946,4,2023-05-31,-106,2,22,2023
947,5,2023-05-31,-14,2,22,2023
948,1,2023-06-01,-199,2,22,2023
949,2,2023-06-01,-30,2,22,2023
950,3,2023-06-01,-11,2,22,2023
951,4,2023-06-01,-102,2,22,2023
952,5,2023-06-01,-6,2,22,2023
953,1,2023-06-02,-208,2,22,2023
954,2,2023-06-02,-23,2,22,2023
955,3,2023-06-02,-8,2,22,2023
956,4,2023-06-02,-35,2,22,2023
957,5,2023-06-02,-6,2,22,2023
958,1,2023-06-03,-255,2,22,2023
959,2,2023-06-03,-38,2,22,2023
960,3,2023-06-03,-10,2,22,2023
961,4,2023-06-03,-113,2,22,2023
962,5,2023-06-03,-5,2,22,2023
963,1,2023-06-04,-189,2,22,2023
964,2,2023-06-04,-28,2,22,2023
965,3,2023-06-04,-13,2,22,2023
966,4,2023-06-04,-153,2,22,2023
967,5,2023-06-04,-6,2,22,2023
968,1,2023-06-05,-167,2,23,2023
969,2,2023-06-05,-5,2,23,2023
970,3,2023-06-05,-10,2,23,2023
971,4,2023-06-05,-105,2,23,2023
972,5,2023-06-05,-6,2,23,2023
973,1,2023-06-06,-181,2,23,2023
974,2,2023-06-06,-40,2,23,2023
975,3,2023-06-06,-11,2,23,2023
976,4,2023-06-06,-211,2,23,2023
977,5,2023-06-06,-5,2,23,2023
978,1,2023-06-07,-202,2,23,2023
979,2,2023-06-07,-28,2,23,2023
980,3,2023-06-07,-9,2,23,2023
981,4,2023-06-07,-142,2,23,2023
982,5,2023-06-07,-6,2,23,2023
983,1,2023-06-08,-176,2,23,2023
984,2,2023-06-08,-30,2,23,2023
985,3,2023-06-08,-11,2,23,2023
986,4,2023-06-08,-148,2,23,2023
987,5,2023-06-08,-6,2,23,2023
988,1,2023-06-09,-186,2,23,2023
989,2,2023-06-09,-27,2,23,2023
990,3,2023-06-09,-14,2,23,2023
991,4,2023-06-09,-113,2,23,2023
992,5,2023-06-09,-2,2,23,2023
993,1,2023-06-10,-252,2,23,2023
994,2,2023-06-10,-29,2,23,2023
995,3,2023-06-10,-4,2,23,2023
996,4,2023-06-10,-110,2,23,2023
997,5,2023-06-10,-6,2,23,2023
998,1,2023-06-11,-198,2,23,2023
999,2,2023-06-11,-30,2,23,2023
1000,3,2023-06-11,-10,2,23,2023
1001,4,2023-06-11,-138,2,23,2023
1002,5,2023-06-11,-15,2,23,2023
1003,1,2023-06-12,-183,2,24,2023
1004,2,2023-06-12,-43,2,24,2023
1005,3,2023-06-12,-13,2,24,2023
1006,4,2023-06-12,-126,2,24,2023
1007,5,2023-06-12,-7,2,24,2023
1008,1,2023-06-13,-181,2,24,2023
1009,2,2023-06-13,-28,2,24,2023
1010,3,2023-06-13,-11,2,24,2023
1011,4,2023-06-13,-108,2,24,2023
1012,5,2023-06-13,-6,2,24,2023
1013,1,2023-06-14,-288,2,24,2023
1014,2,2023-06-14,-56,2,24,2023
1015,3,2023-06-14,-19,2,24,2023
1016,4,2023-06-14,-181,2,24,2023
1017,5,2023-06-14,-7,2,24,2023
1018,1,2023-06-15,-304,2,24,2023
1019,2,2023-06-15,-40,2,24,2023
1020,3,2023-06-15,-22,2,24,2023
1021,4,2023-06-15,-222,2,24,2023
1022,5,2023-06-15,-7,2,24,2023
1023,1,2023-06-16,-137,2,24,2023
1024,2,2023-06-16,-45,2,24,2023
1025,3,2023-06-16,-18,2,24,2023
1026,4,2023-06-16,-167,2,24,2023
1027,5,2023-06-16,-7,2,24,2023
1028,1,2023-06-17,-295,2,24,2023
1029,2,2023-06-17,-65,2,24,2023
1030,3,2023-06-17,-20,2,24,2023
1031,4,2023-06-17,-69,2,24,2023
1032,5,2023-06-17,-11,2,24,2023
1033,1,2023-06-18,-465,2,24,2023
1034,2,2023-06-18,-40,2,24,2023
1035,3,2023-06-18,-37,2,24,2023
1036,4,2023-06-18,-234,2,24,2023
1037,5,2023-06-18,-9,2,24,2023
1038,1,2023-06-19,-347,2,25,2023
1039,2,2023-06-19,-40,2,25,2023
1040,3,2023-06-19,-23,2,25,2023
1041,4,2023-06-19,-193,2,25,2023
1042,5,2023-06-19,-7,2,25,2023
1043,1,2023-06-20,-287,2,25,2023
1044,2,2023-06-20,-46,2,25,2023
1045,3,2023-06-20,-18,2,25,2023
1046,4,2023-06-20,-228,2,25,2023
1047,5,2023-06-20,-7,2,25,2023
1048,1,2023-06-21,-256,2,25,2023
1049,2,2023-06-21,-34,2,25,2023
1050,3,2023-06-21,-13,2,25,2023
1051,4,2023-06-21,-150,2,25,2023
1052,5,2023-06-21,-3,2,25,2023
1053,1,2023-06-22,-188,2,25,2023
1054,2,2023-06-22,-36,2,25,2023
1055,3,2023-06-22,-11,2,25,2023
1056,4,2023-06-22,-152,2,25,2023
1057,5,2023-06-22,-7,2,25,2023
1058,1,2023-06-23,-181,2,25,2023
1059,2,2023-06-23,-27,2,25,2023
1060,3,2023-06-23,-11,2,25,2023
1061,4,2023-06-23,-125,2,25,2023
1062,5,2023-06-23,-5,2,25,2023
1063,1,2023-06-24,-277,2,25,2023
1064,3,2023-06-24,-13,2,25,2023
1065,4,2023-06-24,-91,2,25,2023
1066,5,2023-06-24,-7,2,25,2023
1067,1,2023-06-25,-257,2,25,2023
1068,2,2023-06-25,-41,2,25,2023
1069,3,2023-06-25,-12,2,25,2023
1070,4,2023-06-25,-125,2,25,2023
1071,5,2023-06-25,-5,2,25,2023
1072,1,2023-06-26,-130,2,26,2023
1073,2,2023-06-26,-32,2,26,2023
1074,3,2023-06-26,-11,2,26,2023
1075,4,2023-06-26,-111,2,26,2023
1076,5,2023-06-26,-6,2,26,2023
1077,1,2023-06-27,-254,2,26,2023
1078,3,2023-06-27,-10,2,26,2023
1079,4,2023-06-27,-145,2,26,2023
1080,5,2023-06-27,-5,2,26,2023
1081,1,2023-06-28,-129,2,26,2023
1082,2,2023-06-28,-30,2,26,2023
1083,3,2023-06-28,-12,2,26,2023
1084,4,2023-06-28,-138,2,26,2023
1085,5,2023-06-28,-5,2,26,2023
1086,1,2023-06-29,-219,2,26,2023
1087,2,2023-06-29,-23,2,26,2023
1088,3,2023-06-29,-10,2,26,2023
1089,4,2023-06-29,-159,2,26,2023
1090,5,2023-06-29,-4,2,26,2023
1091,1,2023-06-30,-468,2,26,2023
1092,2,2023-06-30,-32,2,26,2023
1093,3,2023-06-30,-11,2,26,2023
1094,4,2023-06-30,-144,2,26,2023
1095,5,2023-06-30,-5,2,26,2023
1096,1,2023-07-01,-111,2,26,2023
1097,2,2023-07-01,-32,2,26,2023
1098,3,2023-07-01,-12,2,26,2023
1099,4,2023-07-01,-88,2,26,2023
1100,5,2023-07-01,-5,2,26,2023
1101,1,2023-07-02,-286,2,26,2023
1102,2,2023-07-02,-36,2,26,2023
1103,3,2023-07-02,-12,2,26,2023
1104,4,2023-07-02,-140,2,26,2023
1105,5,2023-07-02,-5,2,26,2023
1106,1,2023-07-03,-180,2,27,2023
1107,2,2023-07-03,-23,2,27,2023
1108,3,2023-07-03,-11,2,27,2023
1109,4,2023-07-03,-131,2,27,2023
1110,5,2023-07-03,-8,2,27,2023
1111,1,2023-07-04,-234,2,27,2023
1112,2,2023-07-04,-71,2,27,2023
1113,3,2023-07-04,-11,2,27,2023
1114,4,2023-07-04,-125,2,27,2023
1115,5,2023-07-04,-6,2,27,2023
1116,1,2023-07-05,-213,2,27,2023
1117,2,2023-07-05,-21,2,27,2023
1118,3,2023-07-05,-11,2,27,2023
1119,4,2023-07-05,-123,2,27,2023
1120,5,2023-07-05,-6,2,27,2023
1121,1,2023-07-06,-194,2,27,2023
1122,2,2023-07-06,-25,2,27,2023
1123,3,2023-07-06,-11,2,27,2023
1124,4,2023-07-06,-127,2,27,2023
1125,5,2023-07-06,-15,2,27,2023
1126,1,2023-07-07,-195,2,27,2023
1127,2,2023-07-07,-9,2,27,2023
1128,3,2023-07-07,-8,2,27,2023
1129,4,2023-07-07,-76,2,27,2023
1130,5,2023-07-07,-7,2,27,2023
1131,1,2023-07-08,-257,2,27,2023
1132,2,2023-07-08,-27,2,27,2023
1133,3,2023-07-08,-9,2,27,2023
1134,4,2023-07-08,-123,2,27,2023
1135,5,2023-07-08,-4,2,27,2023
1136,1,2023-07-09,-219,2,27,2023
1137,2,2023-07-09,-30,2,27,2023
1138,3,2023-07-09,-12,2,27,2023
1139,4,2023-07-09,-106,2,27,2023
1140,5,2023-07-09,-5,2,27,2023
1141,1,2023-07-10,-186,2,28,2023
1142,2,2023-07-10,-32,2,28,2023
1143,3,2023-07-10,-14,2,28,2023
1144,4,2023-07-10,-153,2,28,2023
1145,5,2023-07-10,-6,2,28,2023
1146,1,2023-07-11,-196,2,28,2023
1147,2,2023-07-11,-35,2,28,2023
1148,3,2023-07-11,-12,2,28,2023
1149,4,2023-07-11,-49,2,28,2023
1150,5,2023-07-11,-6,2,28,2023
1151,1,2023-07-12,-233,2,28,2023
1152,2,2023-07-12,-31,2,28,2023
1153,3,2023-07-12,-11,2,28,2023
1154,4,2023-07-12,-113,2,28,2023
1155,5,2023-07-12,-5,2,28,2023
1156,1,2023-07-13,-222,2,28,2023
1157,2,2023-07-13,-30,2,28,2023
1158,3,2023-07-13,-33,2,28,2023
1159,4,2023-07-13,-153,2,28,2023
1160,5,2023-07-13,-5,2,28,2023
1161,1,2023-07-14,-270,2,28,2023
1162,2,2023-07-14,-28,2,28,2023
1163,3,2023-07-14,-11,2,28,2023
1164,4,2023-07-14,-148,2,28,2023
1165,5,2023-07-14,-6,2,28,2023
1166,1,2023-07-15,-190,2,28,2023
1167,2,2023-07-15,-27,2,28,2023
1168,3,2023-07-15,-8,2,28,2023
1169,4,2023-07-15,-154,2,28,2023
1170,5,2023-07-15,-5,2,28,2023
1171,1,2023-07-16,-243,2,28,2023
1172,2,2023-07-16,-36,2,28,2023
1173,3,2023-07-16,-14,2,28,2023
1174,4,2023-07-16,-147,2,28,2023
1175,5,2023-07-16,-5,2,28,2023
1176,1,2023-07-17,-163,2,29,2023
1177,2,2023-07-17,-30,2,29,2023
1178,3,2023-07-17,-9,2,29,2023
1179,4,2023-07-17,-141,2,29,2023
1180,5,2023-07-17,-5,2,29,2023
1181,1,2023-07-18,-103,2,29,2023
1182,2,2023-07-18,-29,2,29,2023
1183,3,2023-07-18,-12,2,29,2023
1184,4,2023-07-18,-156,2,29,2023
1185,5,2023-07-18,-4,2,29,2023
1186,1,2023-07-19,-183,2,29,2023
1187,2,2023-07-19,-27,2,29,2023
1188,3,2023-07-19,-13,2,29,2023
1189,4,2023-07-19,-174,2,29,2023
1190,5,2023-07-19,-7,2,29,2023
1191,1,2023-07-20,-224,2,29,2023
1192,2,2023-07-20,-27,2,29,2023
1193,3,2023-07-20,-12,2,29,2023
1194,4,2023-07-20,-140,2,29,2023
1195,5,2023-07-20,-5,2,29,2023
1196,1,2023-07-21,-185,2,29,2023
1197,2,2023-07-21,-23,2,29,2023
1198,3,2023-07-21,-14,2,29,2023
1199,4,2023-07-21,-124,2,29,2023
1200,5,2023-07-21,-5,2,29,2023
1201,1,2023-07-22,-204,2,29,2023
1202,2,2023-07-22,-25,2,29,2023
1203,3,2023-07-22,-13,2,29,2023
1204,4,2023-07-22,-157,2,29,2023
1205,5,2023-07-22,-4,2,29,2023
1206,1,2023-07-23,-44,2,29,2023
1207,2,2023-07-23,-36,2,29,2023
1208,3,2023-07-23,-11,2,29,2023
1209,4,2023-07-23,-137,2,29,2023
1210,5,2023-07-23,-5,2,29,2023
1211,2,2023-07-24,-25,2,30,2023
1212,3,2023-07-24,-13,2,30,2023
1213,4,2023-07-24,-107,2,30,2023
1214,1,2023-07-25,-203,2,30,2023
1215,2,2023-07-25,-10,2,30,2023
1216,3,2023-07-25,-7,2,30,2023
1217,4,2023-07-25,-144,2,30,2023
1218,5,2023-07-25,-4,2,30,2023
1219,1,2023-07-26,-211,2,30,2023
1220,2,2023-07-26,-32,2,30,2023
1221,3,2023-07-26,-11,2,30,2023
1222,4,2023-07-26,-149,2,30,2023
1223,5,2023-07-26,-3,2,30,2023
1224,1,2023-07-27,-163,2,30,2023
1225,2,2023-07-27,-33,2,30,2023
1226,3,2023-07-27,-9,2,30,2023
1227,4,2023-07-27,-145,2,30,2023
1228,5,2023-07-27,-6,2,30,2023
1229,1,2023-07-28,-43,2,30,2023
1230,2,2023-07-28,-34,2,30,2023
1231,3,2023-07-28,-8,2,30,2023
1232,4,2023-07-28,-114,2,30,2023
1233,5,2023-07-28,-6,2,30,2023
1234,1,2023-07-29,-235,2,30,2023
1235,2,2023-07-29,-28,2,30,2023
1236,3,2023-07-29,-29,2,30,2023
1237,4,2023-07-29,-125,2,30,2023
1238,5,2023-07-29,-5,2,30,2023
1239,1,2023-07-30,-273,2,30,2023
1240,2,2023-07-30,-28,2,30,2023
1241,3,2023-07-30,-11,2,30,2023
1242,4,2023-07-30,-134,2,30,2023
1243,5,2023-07-30,-6,2,30,2023
1244,1,2023-07-31,-174,2,31,2023
1245,2,2023-07-31,-30,2,31,2023
1246,3,2023-07-31,-11,2,31,2023
1247,4,2023-07-31,-77,2,31,2023
1248,5,2023-07-31,-1,2,31,2023
1249,1,2023-08-01,-172,2,31,2023
1250,2,2023-08-01,-36,2,31,2023
1251,3,2023-08-01,-12,2,31,2023
1252,4,2023-08-01,-125,2,31,2023
1253,5,2023-08-01,-5,2,31,2023
1254,1,2023-08-02,-201,2,31,2023
1255,2,2023-08-02,-27,2,31,2023
1256,3,2023-08-02,-21,2,31,2023
1257,4,2023-08-02,-128,2,31,2023
1258,5,2023-08-02,-5,2,31,2023
1259,1,2023-08-03,-167,2,31,2023
1260,2,2023-08-03,-24,2,31,2023
1261,3,2023-08-03,-13,2,31,2023
1262,4,2023-08-03,-130,2,31,2023
1263,5,2023-08-03,-6,2,31,2023
1264,1,2023-08-04,-214,2,31,2023
1265,2,2023-08-04,-29,2,31,2023
1266,3,2023-08-04,-12,2,31,2023
1267,4,2023-08-04,-115,2,31,2023
1268,5,2023-08-04,-5,2,31,2023
1269,1,2023-08-05,-218,2,31,2023
1270,2,2023-08-05,-31,2,31,2023
1271,3,2023-08-05,-14,2,31,2023
1272,4,2023-08-05,-126,2,31,2023
1273,5,2023-08-05,-6,2,31,2023
1274,1,2023-08-06,-251,2,31,2023
1275,2,2023-08-06,-53,2,31,2023
1276,3,2023-08-06,-25,2,31,2023
1277,4,2023-08-06,-111,2,31,2023
1278,5,2023-08-06,-5,2,31,2023
1279,1,2023-08-07,-175,2,32,2023
1280,2,2023-08-07,-40,2,32,2023
1281,3,2023-08-07,-12,2,32,2023
1282,4,2023-08-07,-113,2,32,2023
1283,5,2023-08-07,-7,2,32,2023
1284,1,2023-08-08,-137,2,32,2023
1285,2,2023-08-08,-32,2,32,2023
1286,3,2023-08-08,-11,2,32,2023
1287,4,2023-08-08,-145,2,32,2023
1288,5,2023-08-08,-5,2,32,2023
1289,1,2023-08-09,-180,2,32,2023
1290,2,2023-08-09,-28,2,32,2023
1291,3,2023-08-09,-11,2,32,2023
1292,4,2023-08-09,-135,2,32,2023
1293,5,2023-08-09,-4,2,32,2023
1294,1,2023-08-10,-187,2,32,2023
1295,2,2023-08-10,-23,2,32,2023
1296,3,2023-08-10,-12,2,32,2023
1297,4,2023-08-10,-117,2,32,2023
1298,5,2023-08-10,-4,2,32,2023
1299,1,2023-08-11,-157,2,32,2023
1300,2,2023-08-11,-30,2,32,2023
1301,3,2023-08-11,-11,2,32,2023
1302,4,2023-08-11,-240,2,32,2023
1303,5,2023-08-11,-5,2,32,2023
1304,1,2023-08-12,-252,2,32,2023
1305,2,2023-08-12,-22,2,32,2023
1306,3,2023-08-12,-11,2,32,2023
1307,4,2023-08-12,-102,2,32,2023
1308,5,2023-08-12,-13,2,32,2023
1309,1,2023-08-13,-198,2,32,2023
1310,2,2023-08-13,-17,2,32,2023
1311,3,2023-08-13,-9,2,32,2023
1312,4,2023-08-13,-149,2,32,2023
1313,5,2023-08-13,-6,2,32,2023
1314,1,2023-08-14,-201,2,33,2023
1315,2,2023-08-14,-24,2,33,2023
1316,3,2023-08-14,-10,2,33,2023
1317,4,2023-08-14,-133,2,33,2023
1318,5,2023-08-14,-4,2,33,2023
1319,1,2023-08-15,-213,2,33,2023
1320,2,2023-08-15,-30,2,33,2023
1321,3,2023-08-15,-15,2,33,2023
1322,4,2023-08-15,-160,2,33,2023
1323,5,2023-08-15,-5,2,33,2023
1324,1,2023-08-16,-205,2,33,2023
1325,2,2023-08-16,-23,2,33,2023
1326,3,2023-08-16,-13,2,33,2023
1327,4,2023-08-16,-133,2,33,2023
1328,5,2023-08-16,-5,2,33,2023
1329,1,2023-08-17,-192,2,33,2023
1330,2,2023-08-17,-27,2,33,2023
1331,3,2023-08-17,-12,2,33,2023
1332,4,2023-08-17,-140,2,33,2023
1333,5,2023-08-17,-6,2,33,2023
1334,1,2023-08-18,-230,2,33,2023
1335,2,2023-08-18,-29,2,33,2023
1336,3,2023-08-18,-12,2,33,2023
1337,4,2023-08-18,-113,2,33,2023
1338,5,2023-08-18,-5,2,33,2023
1339,1,2023-08-19,-229,2,33,2023
1340,2,2023-08-19,-40,2,33,2023
1341,3,2023-08-19,-12,2,33,2023
1342,4,2023-08-19,-145,2,33,2023
1343,5,2023-08-19,-6,2,33,2023
1344,1,2023-08-20,-197,2,33,2023
1345,2,2023-08-20,-25,2,33,2023
1346,3,2023-08-20,-10,2,33,2023
1347,4,2023-08-20,-103,2,33,2023
1348,5,2023-08-20,-4,2,33,2023
1349,1,2023-08-21,-190,2,34,2023
1350,2,2023-08-21,-28,2,34,2023
1351,3,2023-08-21,-11,2,34,2023
1352,4,2023-08-21,-141,2,34,2023
1353,5,2023-08-21,-5,2,34,2023
1354,1,2023-08-22,-208,2,34,2023
1355,2,2023-08-22,-25,2,34,2023
1356,3,2023-08-22,-9,2,34,2023
1357,4,2023-08-22,-108,2,34,2023
1358,5,2023-08-22,-5,2,34,2023
1359,1,2023-08-23,-190,2,34,2023
1360,2,2023-08-23,-30,2,34,2023
1361,4,2023-08-23,-150,2,34,2023
1362,5,2023-08-23,-3,2,34,2023
1363,1,2023-08-24,-187,2,34,2023
1364,2,2023-08-24,-25,2,34,2023
1365,3,2023-08-24,-12,2,34,2023
1366,4,2023-08-24,-132,2,34,2023
1367,5,2023-08-24,-5,2,34,2023
1368,1,2023-08-25,-236,2,34,2023
1369,2,2023-08-25,-29,2,34,2023
1370,3,2023-08-25,-8,2,34,2023
1371,4,2023-08-25,-155,2,34,2023
1372,5,2023-08-25,-7,2,34,2023
1373,1,2023-08-26,-233,2,34,2023
1374,2,2023-08-26,-28,2,34,2023
1375,3,2023-08-26,-12,2,34,2023
1376,4,2023-08-26,-129,2,34,2023
1377,5,2023-08-26,-4,2,34,2023
1378,1,2023-08-27,-345,2,34,2023
1379,2,2023-08-27,-31,2,34,2023
1380,3,2023-08-27,-10,2,34,2023
1381,4,2023-08-27,-132,2,34,2023
1382,5,2023-08-27,-7,2,34,2023
1383,1,2023-08-28,-189,2,35,2023
1384,2,2023-08-28,-23,2,35,2023
1385,3,2023-08-28,-12,2,35,2023
1386,4,2023-08-28,-43,2,35,2023
1387,5,2023-08-28,-5,2,35,2023
1388,1,2023-08-29,-193,2,35,2023
1389,2,2023-08-29,-29,2,35,2023
1390,3,2023-08-29,-15,2,35,2023
1391,4,2023-08-29,-171,2,35,2023
1392,5,2023-08-29,-7,2,35,2023
1393,1,2023-08-30,-260,2,35,2023
1394,2,2023-08-30,-29,2,35,2023
1395,3,2023-08-30,-12,2,35,2023
1396,4,2023-08-30,-160,2,35,2023
1397,5,2023-08-30,-5,2,35,2023
1398,1,2023-08-31,-168,2,35,2023
1399,2,2023-08-31,-25,2,35,2023
1400,3,2023-08-31,-13,2,35,2023
1401,4,2023-08-31,-149,2,35,2023
1402,5,2023-08-31,-6,2,35,2023
1403,1,2023-09-01,-210,2,35,2023
1404,2,2023-09-01,-53,2,35,2023
1405,4,2023-09-01,-177,2,35,2023
1406,5,2023-09-01,-6,2,35,2023
1407,1,2023-09-02,-310,2,35,2023
1408,2,2023-09-02,-43,2,35,2023
1409,3,2023-09-02,-15,2,35,2023
1410,4,2023-09-02,-190,2,35,2023
1411,5,2023-09-02,-7,2,35,2023
1412,1,2023-09-03,-374,2,35,2023
1413,2,2023-09-03,-36,2,35,2023
1414,3,2023-09-03,-4,2,35,2023
1415,4,2023-09-03,-168,2,35,2023
1416,5,2023-09-03,-8,2,35,2023
1417,1,2023-09-04,-385,2,36,2023
1418,2,2023-09-04,-42,2,36,2023
1419,3,2023-09-04,-19,2,36,2023
1420,4,2023-09-04,-211,2,36,2023
1421,5,2023-09-04,-8,2,36,2023
1422,1,2023-09-05,-340,2,36,2023
1423,2,2023-09-05,-45,2,36,2023
1424,3,2023-09-05,-15,2,36,2023
1425,4,2023-09-05,-175,2,36,2023
1426,5,2023-09-05,-7,2,36,2023
1427,1,2023-09-06,-327,2,36,2023
1428,2,2023-09-06,-42,2,36,2023
1429,3,2023-09-06,-16,2,36,2023
1430,4,2023-09-06,-178,2,36,2023
1431,5,2023-09-06,-9,2,36,2023
1432,1,2023-09-07,-276,2,36,2023
1433,2,2023-09-07,-86,2,36,2023
1434,3,2023-09-07,-15,2,36,2023
1435,4,2023-09-07,-212,2,36,2023
1436,5,2023-09-07,-10,2,36,2023
1437,1,2023-09-08,-303,2,36,2023
1438,2,2023-09-08,-41,2,36,2023
1439,4,2023-09-08,-141,2,36,2023
1440,5,2023-09-08,-9,2,36,2023
1441,1,2023-09-09,-258,2,36,2023
1442,2,2023-09-09,-47,2,36,2023
1443,3,2023-09-09,-31,2,36,2023
1444,4,2023-09-09,-145,2,36,2023
1445,5,2023-09-09,-8,2,36,2023
1446,1,2023-09-10,-346,2,36,2023
1447,2,2023-09-10,-76,2,36,2023
1448,3,2023-09-10,-14,2,36,2023
1449,4,2023-09-10,-205,2,36,2023
1450,5,2023-09-10,-6,2,36,2023
1451,1,2023-09-11,-150,2,37,2023
1452,2,2023-09-11,-29,2,37,2023
1453,3,2023-09-11,-6,2,37,2023
1454,4,2023-09-11,-123,2,37,2023
1455,5,2023-09-11,-5,2,37,2023
1456,1,2023-09-12,-179,2,37,2023
1457,2,2023-09-12,-32,2,37,2023
1458,3,2023-09-12,-11,2,37,2023
1459,4,2023-09-12,-110,2,37,2023
1460,5,2023-09-12,-7,2,37,2023
1461,1,2023-09-13,-200,2,37,2023
1462,2,2023-09-13,-57,2,37,2023
1463,3,2023-09-13,-2,2,37,2023
1464,4,2023-09-13,-107,2,37,2023
1465,5,2023-09-13,-4,2,37,2023
1466,1,2023-09-14,-486,2,37,2023
1467,2,2023-09-14,-29,2,37,2023
1468,3,2023-09-14,-13,2,37,2023
1469,4,2023-09-14,-138,2,37,2023
1470,5,2023-09-14,-4,2,37,2023
1471,1,2023-09-15,-222,2,37,2023
1472,2,2023-09-15,-55,2,37,2023
1473,3,2023-09-15,-12,2,37,2023
1474,4,2023-09-15,-261,2,37,2023
1475,5,2023-09-15,-5,2,37,2023
1476,1,2023-09-16,-210,2,37,2023
1477,2,2023-09-16,-35,2,37,2023
1478,3,2023-09-16,-13,2,37,2023
1479,4,2023-09-16,-152,2,37,2023
1480,5,2023-09-16,-5,2,37,2023
1481,1,2023-09-17,-238,2,37,2023
1482,2,2023-09-17,-32,2,37,2023
1483,3,2023-09-17,-14,2,37,2023
1484,4,2023-09-17,-47,2,37,2023
1485,5,2023-09-17,-7,2,37,2023
1486,1,2023-09-18,-218,2,38,2023
1487,2,2023-09-18,-56,2,38,2023
1488,3,2023-09-18,-13,2,38,2023
1489,4,2023-09-18,-129,2,38,2023
1490,5,2023-09-18,-6,2,38,2023
1491,1,2023-09-19,-204,2,38,2023
1492,2,2023-09-19,-16,2,38,2023
1493,3,2023-09-19,-10,2,38,2023
1494,4,2023-09-19,-133,2,38,2023
1495,5,2023-09-19,-6,2,38,2023
1496,1,2023-09-20,-170,2,38,2023
1497,2,2023-09-20,-26,2,38,2023
1498,3,2023-09-20,-12,2,38,2023
1499,4,2023-09-20,-128,2,38,2023
1500,5,2023-09-20,-6,2,38,2023
1501,1,2023-09-21,-215,2,38,2023
1502,2,2023-09-21,-28,2,38,2023
1503,3,2023-09-21,-12,2,38,2023
1504,4,2023-09-21,-127,2,38,2023
1505,5,2023-09-21,-6,2,38,2023
1506,1,2023-09-22,-177,2,38,2023
1507,3,2023-09-22,-10,2,38,2023
1508,4,2023-09-22,-123,2,38,2023
1509,5,2023-09-22,-5,2,38,2023
1510,1,2023-09-23,-206,2,38,2023
1511,2,2023-09-23,-36,2,38,2023
1512,3,2023-09-23,-10,2,38,2023
1513,5,2023-09-23,-6,2,38,2023
1514,1,2023-09-24,-261,2,38,2023
1515,2,2023-09-24,-30,2,38,2023
1516,3,2023-09-24,-11,2,38,2023
1517,4,2023-09-24,-128,2,38,2023
1518,5,2023-09-24,-5,2,38,2023
1519,1,2023-09-25,-189,2,39,2023
1520,2,2023-09-25,-30,2,39,2023
1521,3,2023-09-25,-15,2,39,2023
1522,4,2023-09-25,-154,2,39,2023
1523,5,2023-09-25,-5,2,39,2023
1524,1,2023-09-26,-172,2,39,2023
1525,2,2023-09-26,-66,2,39,2023
1526,3,2023-09-26,-31,2,39,2023
1527,4,2023-09-26,-143,2,39,2023
1528,5,2023-09-26,-5,2,39,2023
1529,1,2023-09-27,-214,2,39,2023
1530,2,2023-09-27,-23,2,39,2023
1531,3,2023-09-27,-11,2,39,2023
1532,4,2023-09-27,-137,2,39,2023
1533,5,2023-09-27,-5,2,39,2023
1534,1,2023-09-28,-191,2,39,2023
1535,2,2023-09-28,-25,2,39,2023
1536,3,2023-09-28,-13,2,39,2023
1537,4,2023-09-28,-124,2,39,2023
1538,5,2023-09-28,-6,2,39,2023
1539,1,2023-09-29,-178,2,39,2023
1540,2,2023-09-29,-22,2,39,2023
1541,3,2023-09-29,-5,2,39,2023
1542,4,2023-09-29,-137,2,39,2023
1543,5,2023-09-29,-4,2,39,2023
1544,1,2023-09-30,-225,2,39,2023
1545,2,2023-09-30,-34,2,39,2023
1546,3,2023-09-30,-12,2,39,2023
1547,4,2023-09-30,-130,2,39,2023
1548,5,2023-09-30,-7,2,39,2023
1549,1,2023-10-01,-294,2,39,2023
1550,2,2023-10-01,-30,2,39,2023
1551,3,2023-10-01,-12,2,39,2023
1552,4,2023-10-01,-113,2,39,2023
1553,5,2023-10-01,-5,2,39,2023
1554,1,2023-10-02,-188,2,40,2023
1555,2,2023-10-02,-7,2,40,2023
1556,3,2023-10-02,-10,2,40,2023
1557,4,2023-10-02,-138,2,40,2023
1558,5,2023-10-02,-1,2,40,2023
1559,1,2023-10-03,-150,2,40,2023
1560,2,2023-10-03,-26,2,40,2023
1561,3,2023-10-03,-5,2,40,2023
1562,4,2023-10-03,-141,2,40,2023
1563,5,2023-10-03,-6,2,40,2023
1564,1,2023-10-04,-194,2,40,2023
1565,2,2023-10-04,-28,2,40,2023
1566,3,2023-10-04,-13,2,40,2023
1567,4,2023-10-04,-276,2,40,2023
1568,5,2023-10-04,-6,2,40,2023
1569,1,2023-10-05,-163,2,40,2023
1570,2,2023-10-05,-24,2,40,2023
1571,3,2023-10-05,-12,2,40,2023
1572,4,2023-10-05,-111,2,40,2023
1573,5,2023-10-05,-6,2,40,2023
1574,1,2023-10-06,-181,2,40,2023
1575,2,2023-10-06,-28,2,40,2023
1576,3,2023-10-06,-13,2,40,2023
1577,4,2023-10-06,-186,2,40,2023
1578,5,2023-10-06,-7,2,40,2023
1579,1,2023-10-07,-323,2,40,2023
1580,2,2023-10-07,-29,2,40,2023
1581,3,2023-10-07,-11,2,40,2023
1582,4,2023-10-07,-165,2,40,2023
1583,5,2023-10-07,-3,2,40,2023
1584,1,2023-10-08,-295,2,40,2023
1585,2,2023-10-08,-34,2,40,2023
1586,3,2023-10-08,-9,2,40,2023
1587,4,2023-10-08,-140,2,40,2023
1588,5,2023-10-08,-4,2,40,2023
1589,1,2023-10-09,-97,2,41,2023
1590,2,2023-10-09,-28,2,41,2023
1591,3,2023-10-09,-15,2,41,2023
1592,4,2023-10-09,-126,2,41,2023
1593,5,2023-10-09,-5,2,41,2023
1594,1,2023-10-10,-200,2,41,2023
1595,2,2023-10-10,-29,2,41,2023
1596,3,2023-10-10,-11,2,41,2023
1597,4,2023-10-10,-151,2,41,2023
1598,5,2023-10-10,-7,2,41,2023
1599,1,2023-10-11,-197,2,41,2023
1600,2,2023-10-11,-30,2,41,2023
1601,3,2023-10-11,-12,2,41,2023
1602,4,2023-10-11,-92,2,41,2023
1603,5,2023-10-11,-4,2,41,2023
1604,1,2023-10-12,-251,2,41,2023
1605,2,2023-10-12,-29,2,41,2023
1606,3,2023-10-12,-12,2,41,2023
1607,4,2023-10-12,-142,2,41,2023
1608,5,2023-10-12,-3,2,41,2023
1609,1,2023-10-13,-245,2,41,2023
1610,2,2023-10-13,-28,2,41,2023
1611,3,2023-10-13,-12,2,41,2023
1612,4,2023-10-13,-155,2,41,2023
1613,5,2023-10-13,-5,2,41,2023
1614,1,2023-10-14,-212,2,41,2023
1615,2,2023-10-14,-34,2,41,2023
1616,3,2023-10-14,-11,2,41,2023
1617,4,2023-10-14,-155,2,41,2023
1618,5,2023-10-14,-6,2,41,2023
1619,1,2023-10-15,-238,2,41,2023
1620,2,2023-10-15,-35,2,41,2023
1621,3,2023-10-15,-11,2,41,2023
1622,4,2023-10-15,-115,2,41,2023
1623,5,2023-10-15,-6,2,41,2023
1624,1,2023-10-16,-191,2,42,2023
1625,2,2023-10-16,-33,2,42,2023
1626,3,2023-10-16,-10,2,42,2023
1627,4,2023-10-16,-143,2,42,2023
1628,5,2023-10-16,-6,2,42,2023
1629,2,2023-10-17,-28,2,42,2023
1630,3,2023-10-17,-7,2,42,2023
1631,4,2023-10-17,-112,2,42,2023
1632,5,2023-10-17,-6,2,42,2023
1633,1,2023-10-18,-228,2,42,2023
1634,2,2023-10-18,-25,2,42,2023
1635,3,2023-10-18,-15,2,42,2023
1636,4,2023-10-18,-146,2,42,2023
1637,5,2023-10-18,-6,2,42,2023
1638,1,2023-10-19,-196,2,42,2023
1639,2,2023-10-19,-29,2,42,2023
1640,3,2023-10-19,-9,2,42,2023
1641,4,2023-10-19,-107,2,42,2023
1642,5,2023-10-19,-5,2,42,2023
1643,1,2023-10-20,-112,2,42,2023
1644,2,2023-10-20,-38,2,42,2023
1645,3,2023-10-20,-12,2,42,2023
1646,4,2023-10-20,-142,2,42,2023
1647,5,2023-10-20,-5,2,42,2023
1648,1,2023-10-21,-202,2,42,2023
1649,2,2023-10-21,-35,2,42,2023
1650,3,2023-10-21,-12,2,42,2023
1651,4,2023-10-21,-116,2,42,2023
1652,5,2023-10-21,-6,2,42,2023
1653,1,2023-10-22,-210,2,42,2023
1654,2,2023-10-22,-7,2,42,2023
1655,3,2023-10-22,-15,2,42,2023
1656,4,2023-10-22,-148,2,42,2023
1657,5,2023-10-22,-4,2,42,2023
1658,1,2023-10-23,-203,2,43,2023
1659,2,2023-10-23,-33,2,43,2023
1660,3,2023-10-23,-15,2,43,2023
1661,4,2023-10-23,-128,2,43,2023
1662,5,2023-10-23,-7,2,43,2023
1663,1,2023-10-24,-246,2,43,2023
1664,2,2023-10-24,-32,2,43,2023
1665,3,2023-10-24,-15,2,43,2023
1666,4,2023-10-24,-116,2,43,2023
1667,5,2023-10-24,-6,2,43,2023
1668,1,2023-10-25,-153,2,43,2023
1669,2,2023-10-25,-33,2,43,2023
1670,3,2023-10-25,-10,2,43,2023
1671,4,2023-10-25,-167,2,43,2023
1672,5,2023-10-25,-6,2,43,2023
1673,1,2023-10-26,-243,2,43,2023
1674,2,2023-10-26,-25,2,43,2023
1675,3,2023-10-26,-14,2,43,2023
1676,4,2023-10-26,-152,2,43,2023
1677,5,2023-10-26,-7,2,43,2023
1678,1,2023-10-27,-190,2,43,2023
1679,2,2023-10-27,-34,2,43,2023
1680,3,2023-10-27,-11,2,43,2023
1681,4,2023-10-27,-137,2,43,2023
1682,5,2023-10-27,-5,2,43,2023
1683,1,2023-10-28,-261,2,43,2023
1684,2,2023-10-28,-31,2,43,2023
1685,3,2023-10-28,-11,2,43,2023
1686,4,2023-10-28,-151,2,43,2023
1687,5,2023-10-28,-5,2,43,2023
1688,1,2023-10-29,-200,2,43,2023
1689,2,2023-10-29,-33,2,43,2023
1690,3,2023-10-29,-13,2,43,2023
1691,4,2023-10-29,-152,2,43,2023
1692,5,2023-10-29,-5,2,43,2023
1693,1,2023-10-30,-173,2,44,2023
1694,2,2023-10-30,-29,2,44,2023
1695,3,2023-10-30,-9,2,44,2023
1696,4,2023-10-30,-37,2,44,2023
1697,5,2023-10-30,-4,2,44,2023
1698,1,2023-10-31,-79,2,44,2023
1699,2,2023-10-31,-30,2,44,2023
1700,3,2023-10-31,-14,2,44,2023
1701,4,2023-10-31,-165,2,44,2023
1702,5,2023-10-31,-6,2,44,2023
1703,1,2023-11-01,-153,2,44,2023
1704,2,2023-11-01,-30,2,44,2023
1705,3,2023-11-01,-15,2,44,2023
1706,4,2023-11-01,-169,2,44,2023
1707,5,2023-11-01,-5,2,44,2023
1708,1,2023-11-02,-230,2,44,2023
1709,2,2023-11-02,-32,2,44,2023
1710,3,2023-11-02,-15,2,44,2023
1711,4,2023-11-02,-154,2,44,2023
1712,5,2023-11-02,-4,2,44,2023
1713,1,2023-11-03,-186,2,44,2023
1714,2,2023-11-03,-34,2,44,2023
1715,3,2023-11-03,-12,2,44,2023
1716,4,2023-11-03,-126,2,44,2023
1717,5,2023-11-03,-6,2,44,2023
1718,1,2023-11-04,-206,2,44,2023
1719,2,2023-11-04,-28,2,44,2023
1720,3,2023-11-04,-10,2,44,2023
1721,4,2023-11-04,-123,2,44,2023
1722,5,2023-11-04,-1,2,44,2023
1723,1,2023-11-05,-259,2,44,2023
1724,2,2023-11-05,-38,2,44,2023
1725,3,2023-11-05,-13,2,44,2023
1726,4,2023-11-05,-165,2,44,2023
1727,5,2023-11-05,-5,2,44,2023
1728,1,2023-11-06,-228,2,45,2023
1729,2,2023-11-06,-38,2,45,2023
1730,3,2023-11-06,-11,2,45,2023
1731,4,2023-11-06,-127,2,45,2023
1732,5,2023-11-06,-3,2,45,2023
1733,1,2023-11-07,-265,2,45,2023
1734,2,2023-11-07,-30,2,45,2023
1735,3,2023-11-07,-13,2,45,2023
1736,4,2023-11-07,-130,2,45,2023
1737,5,2023-11-07,-7,2,45,2023
1738,1,2023-11-08,-191,2,45,2023
1739,2,2023-11-08,-28,2,45,2023
1740,3,2023-11-08,-13,2,45,2023
1741,4,2023-11-08,-138,2,45,2023
1742,5,2023-11-08,-5,2,45,2023
1743,1,2023-11-09,-169,2,45,2023
1744,2,2023-11-09,-22,2,45,2023
1745,3,2023-11-09,-10,2,45,2023
1746,4,2023-11-09,-119,2,45,2023
1747,5,2023-11-09,-12,2,45,2023
1748,1,2023-11-10,-153,2,45,2023
1749,2,2023-11-10,-32,2,45,2023
1750,3,2023-11-10,-11,2,45,2023
1751,4,2023-11-10,-158,2,45,2023
1752,5,2023-11-10,-5,2,45,2023
1753,1,2023-11-11,-201,2,45,2023
1754,2,2023-11-11,-24,2,45,2023
1755,3,2023-11-11,-13,2,45,2023
1756,4,2023-11-11,-129,2,45,2023
1757,5,2023-11-11,-7,2,45,2023
1758,1,2023-11-12,-241,2,45,2023
1759,2,2023-11-12,-29,2,45,2023
1760,3,2023-11-12,-10,2,45,2023
1761,4,2023-11-12,-154,2,45,2023
1762,5,2023-11-12,-5,2,45,2023
1763,1,2023-11-13,-233,2,46,2023
1764,2,2023-11-13,-22,2,46,2023
1765,3,2023-11-13,-12,2,46,2023
1766,4,2023-11-13,-140,2,46,2023
1767,5,2023-11-13,-6,2,46,2023
1768,1,2023-11-14,-241,2,46,2023
1769,2,2023-11-14,-61,2,46,2023
1770,3,2023-11-14,-10,2,46,2023
1771,4,2023-11-14,-128,2,46,2023
1772,5,2023-11-14,-6,2,46,2023
1773,1,2023-11-15,-226,2,46,2023
1774,2,2023-11-15,-25,2,46,2023
1775,3,2023-11-15,-20,2,46,2023
1776,4,2023-11-15,-129,2,46,2023
1777,5,2023-11-15,-7,2,46,2023
1778,1,2023-11-16,-219,2,46,2023
1779,2,2023-11-16,-25,2,46,2023
1780,3,2023-11-16,-13,2,46,2023
1781,4,2023-11-16,-117,2,46,2023
1782,5,2023-11-16,-7,2,46,2023
1783,1,2023-11-17,-187,2,46,2023
1784,2,2023-11-17,-27,2,46,2023
1785,4,2023-11-17,-130,2,46,2023
1786,5,2023-11-17,-5,2,46,2023
1787,1,2023-11-18,-231,2,46,2023
1788,2,2023-11-18,-28,2,46,2023
1789,3,2023-11-18,-8,2,46,2023
1790,4,2023-11-18,-158,2,46,2023
1791,5,2023-11-18,-1,2,46,2023
1792,1,2023-11-19,-233,2,46,2023
1793,2,2023-11-19,-32,2,46,2023
1794,3,2023-11-19,-14,2,46,2023
1795,4,2023-11-19,-123,2,46,2023
1796,5,2023-11-19,-5,2,46,2023
1797,1,2023-11-20,-184,2,47,2023
1798,2,2023-11-20,-28,2,47,2023
1799,3,2023-11-20,-11,2,47,2023
1800,4,2023-11-20,-160,2,47,2023
1801,5,2023-11-20,-8,2,47,2023
1802,1,2023-11-21,-136,2,47,2023
1803,2,2023-11-21,-28,2,47,2023
1804,3,2023-11-21,-12,2,47,2023
1805,4,2023-11-21,-118,2,47,2023
1806,5,2023-11-21,-6,2,47,2023
1807,1,2023-11-22,-196,2,47,2023
1808,2,2023-11-22,-24,2,47,2023
1809,3,2023-11-22,-11,2,47,2023
1810,4,2023-11-22,-125,2,47,2023
1811,5,2023-11-22,-5,2,47,2023
1812,1,2023-11-23,-197,2,47,2023
1813,2,2023-11-23,-29,2,47,2023
1814,3,2023-11-23,-11,2,47,2023
1815,4,2023-11-23,-112,2,47,2023
1816,5,2023-11-23,-6,2,47,2023
1817,1,2023-11-24,-185,2,47,2023
1818,2,2023-11-24,-24,2,47,2023
1819,3,2023-11-24,-11,2,47,2023
1820,4,2023-11-24,-116,2,47,2023
1821,5,2023-11-24,-6,2,47,2023
1822,1,2023-11-25,-215,2,47,2023
1823,2,2023-11-25,-31,2,47,2023
1824,3,2023-11-25,-12,2,47,2023
1825,4,2023-11-25,-128,2,47,2023
1826,5,2023-11-25,-7,2,47,2023
1827,1,2023-11-26,-226,2,47,2023
1828,2,2023-11-26,-31,2,47,2023
1829,3,2023-11-26,-13,2,47,2023
1830,5,2023-11-26,-5,2,47,2023
1831,1,2023-11-27,-222,2,48,2023
1832,2,2023-11-27,-24,2,48,2023
1833,3,2023-11-27,-9,2,48,2023
1834,4,2023-11-27,-127,2,48,2023
1835,5,2023-11-27,-6,2,48,2023
1836,1,2023-11-28,-289,2,48,2023
1837,2,2023-11-28,-32,2,48,2023
1838,3,2023-11-28,-3,2,48,2023
1839,4,2023-11-28,-117,2,48,2023
1840,5,2023-11-28,-7,2,48,2023
1841,1,2023-11-29,-256,2,48,2023
1842,2,2023-11-29,-32,2,48,2023
1843,3,2023-11-29,-10,2,48,2023
1844,4,2023-11-29,-146,2,48,2023
1845,5,2023-11-29,-7,2,48,2023
1846,1,2023-11-30,-230,2,48,2023
1847,2,2023-11-30,-33,2,48,2023
1848,3,2023-11-30,-11,2,48,2023
1849,4,2023-11-30,-138,2,48,2023
1850,5,2023-11-30,-4,2,48,2023
1851,1,2023-12-01,-196,2,48,2023
1852,2,2023-12-01,-28,2,48,2023
1853,3,2023-12-01,-9,2,48,2023
1854,4,2023-12-01,-143,2,48,2023
1855,5,2023-12-01,-6,2,48,2023
1856,1,2023-12-02,-259,2,48,2023
1857,2,2023-12-02,-14,2,48,2023
1858,3,2023-12-02,-7,2,48,2023
1859,4,2023-12-02,-145,2,48,2023
1860,5,2023-12-02,-1,2,48,2023
1861,1,2023-12-03,-215,2,48,2023
1862,2,2023-12-03,-23,2,48,2023
1863,3,2023-12-03,-7,2,48,2023
1864,4,2023-12-03,-108,2,48,2023
1865,5,2023-12-03,-4,2,48,2023
1866,1,2023-12-04,-193,2,49,2023
1867,2,2023-12-04,-30,2,49,2023
1868,3,2023-12-04,-13,2,49,2023
1869,4,2023-12-04,-143,2,49,2023
1870,5,2023-12-04,-5,2,49,2023
1871,1,2023-12-05,-91,2,49,2023
1872,2,2023-12-05,-37,2,49,2023
1873,3,2023-12-05,-13,2,49,2023
1874,4,2023-12-05,-140,2,49,2023
1875,5,2023-12-05,-6,2,49,2023
1876,1,2023-12-06,-206,2,49,2023
1877,2,2023-12-06,-30,2,49,2023
1878,3,2023-12-06,-13,2,49,2023
1879,4,2023-12-06,-143,2,49,2023
1880,5,2023-12-06,-5,2,49,2023
1881,1,2023-12-07,-192,2,49,2023
1882,2,2023-12-07,-28,2,49,2023
1883,3,2023-12-07,-12,2,49,2023
1884,4,2023-12-07,-130,2,49,2023
1885,5,2023-12-07,-5,2,49,2023
1886,1,2023-12-08,-233,2,49,2023
1887,2,2023-12-08,-34,2,49,2023
1888,3,2023-12-08,-3,2,49,2023
1889,4,2023-12-08,-104,2,49,2023
1890,5,2023-12-08,-5,2,49,2023
1891,1,2023-12-09,-225,2,49,2023
1892,2,2023-12-09,-27,2,49,2023
1893,3,2023-12-09,-10,2,49,2023
1894,4,2023-12-09,-160,2,49,2023
1895,5,2023-12-09,-4,2,49,2023
1896,1,2023-12-10,-55,2,49,2023
1897,2,2023-12-10,-28,2,49,2023
1898,3,2023-12-10,-9,2,49,2023
1899,4,2023-12-10,-147,2,49,2023
1900,5,2023-12-10,-7,2,49,2023
1901,1,2023-12-11,-209,2,50,2023
1902,2,2023-12-11,-22,2,50,2023
1903,3,2023-12-11,-15,2,50,2023
1904,4,2023-12-11,-113,2,50,2023
1905,5,2023-12-11,-4,2,50,2023
1906,1,2023-12-12,-213,2,50,2023
1907,2,2023-12-12,-24,2,50,2023
1908,3,2023-12-12,-5,2,50,2023
1909,4,2023-12-12,-106,2,50,2023
1910,5,2023-12-12,-6,2,50,2023
1911,1,2023-12-13,-157,2,50,2023
1912,2,2023-12-13,-26,2,50,2023
1913,3,2023-12-13,-8,2,50,2023
1914,4,2023-12-13,-106,2,50,2023
1915,5,2023-12-13,-7,2,50,2023
1916,1,2023-12-14,-191,2,50,2023
1917,2,2023-12-14,-41,2,50,2023
1918,3,2023-12-14,-10,2,50,2023
1919,4,2023-12-14,-104,2,50,2023
1920,5,2023-12-14,-6,2,50,2023
1921,1,2023-12-15,-182,2,50,2023
1922,2,2023-12-15,-21,2,50,2023
1923,3,2023-12-15,-11,2,50,2023
1924,4,2023-12-15,-120,2,50,2023
1925,5,2023-12-15,-5,2,50,2023
1926,1,2023-12-16,-272,2,50,2023
1927,2,2023-12-16,-35,2,50,2023
1928,3,2023-12-16,-11,2,50,2023
1929,4,2023-12-16,-143,2,50,2023
1930,5,2023-12-16,-6,2,50,2023
1931,1,2023-12-17,-211,2,50,2023
1932,2,2023-12-17,-25,2,50,2023
1933,3,2023-12-17,-11,2,50,2023
1934,4,2023-12-17,-166,2,50,2023
1935,5,2023-12-17,-6,2,50,2023
1936,1,2023-12-18,-202,2,51,2023
1937,2,2023-12-18,-30,2,51,2023
1938,3,2023-12-18,-10,2,51,2023
1939,4,2023-12-18,-145,2,51,2023
1940,5,2023-12-18,-4,2,51,2023
1941,1,2023-12-19,-253,2,51,2023
1942,2,2023-12-19,-31,2,51,2023
1943,3,2023-12-19,-11,2,51,2023
1944,4,2023-12-19,-91,2,51,2023
1945,5,2023-12-19,-6,2,51,2023
1946,1,2023-12-20,-252,2,51,2023
1947,2,2023-12-20,-24,2,51,2023
1948,3,2023-12-20,-8,2,51,2023
1949,4,2023-12-20,-146,2,51,2023
1950,5,2023-12-20,-5,2,51,2023
1951,1,2023-12-21,-44,2,51,2023
1952,2,2023-12-21,-24,2,51,2023
1953,3,2023-12-21,-14,2,51,2023
1954,4,2023-12-21,-113,2,51,2023
1955,5,2023-12-21,-4,2,51,2023
1956,1,2023-12-22,-188,2,51,2023
1957,2,2023-12-22,-29,2,51,2023
1958,3,2023-12-22,-13,2,51,2023
1959,4,2023-12-22,-140,2,51,2023
1960,5,2023-12-22,-6,2,51,2023
1961,1,2023-12-23,-212,2,51,2023
1962,2,2023-12-23,-29,2,51,2023
1963,3,2023-12-23,-10,2,51,2023
1964,4,2023-12-23,-156,2,51,2023
1965,5,2023-12-23,-5,2,51,2023
1966,1,2023-12-24,-455,2,51,2023
1967,2,2023-12-24,-51,2,51,2023
1968,3,2023-12-24,-19,2,51,2023
1969,4,2023-12-24,-253,2,51,2023
1970,5,2023-12-24,-9,2,51,2023
1971,1,2023-12-25,-441,2,52,2023
1972,2,2023-12-25,-61,2,52,2023
1973,3,2023-12-25,-24,2,52,2023
1974,4,2023-12-25,-261,2,52,2023
1975,5,2023-12-25,-10,2,52,2023
1976,1,2023-12-26,-410,2,52,2023
1977,2,2023-12-26,-72,2,52,2023
1978,3,2023-12-26,-22,2,52,2023
1979,5,2023-12-26,-7,2,52,2023
1980,1,2023-12-27,-421,2,52,2023
1981,2,2023-12-27,-69,2,52,2023
1982,3,2023-12-27,-21,2,52,2023
1983,4,2023-12-27,-281,2,52,2023
1984,5,2023-12-27,-10,2,52,2023
1985,1,2023-12-28,-469,2,52,2023
1986,2,2023-12-28,-48,2,52,2023
1987,3,2023-12-28,-21,2,52,2023
1988,4,2023-12-28,-250,2,52,2023
1989,5,2023-12-28,-7,2,52,2023
1990,1,2023-12-29,-367,2,52,2023
1991,2,2023-12-29,-55,2,52,2023
1992,3,2023-12-29,-51,2,52,2023
1993,4,2023-12-29,-272,2,52,2023
1994,5,2023-12-29,-10,2,52,2023
1995,1,2023-12-30,-384,2,52,2023
1996,2,2023-12-30,-34,2,52,2023
1997,3,2023-12-30,-28,2,52,2023
1998,4,2023-12-30,-224,2,52,2023
1999,5,2023-12-30,-11,2,52,2023
2000,1,2023-12-31,-201,2,52,2023
2001,2,2023-12-31,-51,2,52,2023
2002,3,2023-12-31,-21,2,52,2023
2003,4,2023-12-31,-220,2,52,2023
2004,5,2023-12-31,-4,2,52,2023
2005,1,2024-01-01,-260,2,1,2024
2006,2,2024-01-01,-37,2,1,2024
2007,3,2024-01-01,-17,2,1,2024
2008,4,2024-01-01,-184,2,1,2024
2009,5,2024-01-01,-9,2,1,2024
2010,1,2024-01-02,-579,2,1,2024
2011,2,2024-01-02,-37,2,1,2024
2012,3,2024-01-02,-20,2,1,2024
2013,4,2024-01-02,-214,2,1,2024
2014,5,2024-01-02,-10,2,1,2024
2015,1,2024-01-03,-324,2,1,2024
2016,2,2024-01-03,-44,2,1,2024
2017,3,2024-01-03,-19,2,1,2024
2018,4,2024-01-03,-149,2,1,2024
2019,5,2024-01-03,-7,2,1,2024
2020,1,2024-01-04,-187,2,1,2024
2021,3,2024-01-04,-7,2,1,2024
2022,4,2024-01-04,-119,2,1,2024
2023,5,2024-01-04,-6,2,1,2024
2024,1,2024-01-05,-184,2,1,2024
2025,2,2024-01-05,-27,2,1,2024
2026,3,2024-01-05,-11,2,1,2024
2027,4,2024-01-05,-134,2,1,2024
2028,5,2024-01-05,-6,2,1,2024
2029,1,2024-01-06,-277,2,1,2024
2030,2,2024-01-06,-21,2,1,2024
2031,3,2024-01-06,-10,2,1,2024
2032,4,2024-01-06,-233,2,1,2024
2033,5,2024-01-06,-5,2,1,2024
2034,1,2024-01-07,-232,2,1,2024
2035,2,2024-01-07,-35,2,1,2024
2036,3,2024-01-07,-13,2,1,2024
2037,4,2024-01-07,-104,2,1,2024
2038,5,2024-01-07,-6,2,1,2024
2039,1,2024-01-08,-173,2,2,2024
2040,2,2024-01-08,-28,2,2,2024
2041,3,2024-01-08,-13,2,2,2024
2042,4,2024-01-08,-130,2,2,2024
2043,5,2024-01-08,-4,2,2,2024
2044,1,2024-01-09,-222,2,2,2024
2045,2,2024-01-09,-33,2,2,2024
2046,3,2024-01-09,-10,2,2,2024
2047,4,2024-01-09,-118,2,2,2024
2048,5,2024-01-09,-5,2,2,2024
2049,1,2024-01-10,-210,2,2,2024
2050,2,2024-01-10,-28,2,2,2024
2051,3,2024-01-10,-12,2,2,2024
2052,4,2024-01-10,-226,2,2,2024
2053,5,2024-01-10,-7,2,2,2024
2054,1,2024-01-11,-207,2,2,2024
2055,2,2024-01-11,-34,2,2,2024
2056,3,2024-01-11,-10,2,2,2024
2057,4,2024-01-11,-96,2,2,2024
2058,5,2024-01-11,-6,2,2,2024
2059,1,2024-01-12,-206,2,2,2024
2060,2,2024-01-12,-22,2,2,2024
2061,3,2024-01-12,-10,2,2,2024
2062,4,2024-01-12,-128,2,2,2024
2063,5,2024-01-12,-6,2,2,2024
2064,1,2024-01-13,-178,2,2,2024
2065,2,2024-01-13,-25,2,2,2024
2066,3,2024-01-13,-11,2,2,2024
2067,4,2024-01-13,-102,2,2,2024
2068,5,2024-01-13,-4,2,2,2024
2069,1,2024-01-14,-213,2,2,2024
2070,2,2024-01-14,-32,2,2,2024
2071,3,2024-01-14,-27,2,2,2024
2072,4,2024-01-14,-133,2,2,2024
2073,5,2024-01-14,-5,2,2,2024
2074,1,2024-01-15,-101,2,3,2024
2075,2,2024-01-15,-28,2,3,2024
2076,3,2024-01-15,-9,2,3,2024
2077,4,2024-01-15,-127,2,3,2024
2078,5,2024-01-15,-7,2,3,2024
2079,1,2024-01-16,-171,2,3,2024
2080,2,2024-01-16,-34,2,3,2024
2081,3,2024-01-16,-9,2,3,2024
2082,4,2024-01-16,-159,2,3,2024
2083,5,2024-01-16,-6,2,3,2024
2084,1,2024-01-17,-174,2,3,2024
2085,2,2024-01-17,-27,2,3,2024
2086,3,2024-01-17,-11,2,3,2024
2087,4,2024-01-17,-299,2,3,2024
2088,5,2024-01-17,-6,2,3,2024
2089,1,2024-01-18,-215,2,3,2024
2090,2,2024-01-18,-32,2,3,2024
2091,3,2024-01-18,-9,2,3,2024
2092,4,2024-01-18,-132,2,3,2024
2093,5,2024-01-18,-6,2,3,2024
2094,1,2024-01-19,-72,2,3,2024
2095,2,2024-01-19,-29,2,3,2024
2096,3,2024-01-19,-11,2,3,2024
2097,4,2024-01-19,-41,2,3,2024
2098,5,2024-01-19,-8,2,3,2024
2099,1,2024-01-20,-284,2,3,2024
2100,2,2024-01-20,-30,2,3,2024
2101,3,2024-01-20,-13,2,3,2024
2102,4,2024-01-20,-140,2,3,2024
2103,5,2024-01-20,-6,2,3,2024
2104,1,2024-01-21,-286,2,3,2024
2105,2,2024-01-21,-31,2,3,2024
2106,3,2024-01-21,-10,2,3,2024
2107,4,2024-01-21,-127,2,3,2024
2108,5,2024-01-21,-5,2,3,2024
2109,1,2024-01-22,-203,2,4,2024
2110,2,2024-01-22,-34,2,4,2024
2111,3,2024-01-22,-13,2,4,2024
2112,4,2024-01-22,-112,2,4,2024
2113,5,2024-01-22,-6,2,4,2024
2114,1,2024-01-23,-219,2,4,2024
2115,2,2024-01-23,-12,2,4,2024
2116,3,2024-01-23,-11,2,4,2024
2117,4,2024-01-23,-100,2,4,2024
2118,5,2024-01-23,-4,2,4,2024
2119,1,2024-01-24,-178,2,4,2024
2120,2,2024-01-24,-25,2,4,2024
2121,3,2024-01-24,-4,2,4,2024
2122,4,2024-01-24,-164,2,4,2024
2123,5,2024-01-24,-4,2,4,2024
2124,1,2024-01-25,-173,2,4,2024
2125,2,2024-01-25,-31,2,4,2024
2126,3,2024-01-25,-12,2,4,2024
2127,4,2024-01-25,-140,2,4,2024
2128,5,2024-01-25,-5,2,4,2024
2129,1,2024-01-26,-217,2,4,2024
2130,2,2024-01-26,-36,2,4,2024
2131,3,2024-01-26,-12,2,4,2024
2132,4,2024-01-26,-131,2,4,2024
2133,5,2024-01-26,-5,2,4,2024
2134,1,2024-01-27,-259,2,4,2024
2135,2,2024-01-27,-29,2,4,2024
2136,3,2024-01-27,-15,2,4,2024
2137,4,2024-01-27,-125,2,4,2024
2138,5,2024-01-27,-7,2,4,2024
2139,1,2024-01-28,-238,2,4,2024
2140,2,2024-01-28,-24,2,4,2024
2141,3,2024-01-28,-11,2,4,2024
2142,4,2024-01-28,-146,2,4,2024
2143,5,2024-01-28,-5,2,4,2024
2144,1,2024-01-29,-141,2,5,2024
2145,2,2024-01-29,-23,2,5,2024
2146,3,2024-01-29,-12,2,5,2024
2147,4,2024-01-29,-115,2,5,2024
2148,5,2024-01-29,-6,2,5,2024
2149,1,2024-01-30,-195,2,5,2024
2150,2,2024-01-30,-27,2,5,2024
2151,4,2024-01-30,-157,2,5,2024
2152,5,2024-01-30,-7,2,5,2024
2153,1,2024-01-31,-405,2,5,2024
2154,2,2024-01-31,-30,2,5,2024
2155,3,2024-01-31,-10,2,5,2024
2156,4,2024-01-31,-114,2,5,2024
2157,5,2024-01-31,-7,2,5,2024
2158,1,2024-02-01,-181,2,5,2024
2159,2,2024-02-01,-31,2,5,2024
2160,3,2024-02-01,-14,2,5,2024
2161,4,2024-02-01,-155,2,5,2024
2162,5,2024-02-01,-6,2,5,2024
2163,1,2024-02-02,-203,2,5,2024
2164,2,2024-02-02,-31,2,5,2024
2165,4,2024-02-02,-163,2,5,2024
2166,5,2024-02-02,-5,2,5,2024
2167,1,2024-02-03,-193,2,5,2024
2168,2,2024-02-03,-27,2,5,2024
2169,3,2024-02-03,-21,2,5,2024
2170,4,2024-02-03,-165,2,5,2024
2171,5,2024-02-03,-6,2,5,2024
2172,1,2024-02-04,-223,2,5,2024
2173,2,2024-02-04,-35,2,5,2024
2174,3,2024-02-04,-10,2,5,2024
2175,4,2024-02-04,-135,2,5,2024
2176,5,2024-02-04,-6,2,5,2024
2177,1,2024-02-05,-224,2,6,2024
2178,2,2024-02-05,-19,2,6,2024
2179,3,2024-02-05,-9,2,6,2024
2180,4,2024-02-05,-116,2,6,2024
2181,5,2024-02-05,-6,2,6,2024
2182,1,2024-02-06,-149,2,6,2024
2183,2,2024-02-06,-24,2,6,2024
2184,3,2024-02-06,-2,2,6,2024
2185,4,2024-02-06,-357,2,6,2024
2186,5,2024-02-06,-5,2,6,2024
2187,1,2024-02-07,-234,2,6,2024
2188,3,2024-02-07,-11,2,6,2024
2189,4,2024-02-07,-154,2,6,2024
2190,5,2024-02-07,-6,2,6,2024
2191,1,2024-02-08,-422,2,6,2024
2192,2,2024-02-08,-30,2,6,2024
2193,3,2024-02-08,-14,2,6,2024
2194,4,2024-02-08,-120,2,6,2024
2195,5,2024-02-08,-6,2,6,2024
2196,1,2024-02-09,-246,2,6,2024
2197,2,2024-02-09,-30,2,6,2024
2198,3,2024-02-09,-13,2,6,2024
2199,4,2024-02-09,-164,2,6,2024
2200,5,2024-02-09,-7,2,6,2024
2201,1,2024-02-10,-185,2,6,2024
2202,2,2024-02-10,-24,2,6,2024
2203,3,2024-02-10,-3,2,6,2024
2204,4,2024-02-10,-114,2,6,2024
2205,5,2024-02-10,-6,2,6,2024
2206,1,2024-02-11,-200,2,6,2024
2207,2,2024-02-11,-29,2,6,2024
2208,3,2024-02-11,-13,2,6,2024
2209,4,2024-02-11,-46,2,6,2024
2210,5,2024-02-11,-6,2,6,2024
2211,1,2024-02-12,-192,2,7,2024
2212,2,2024-02-12,-27,2,7,2024
2213,3,2024-02-12,-9,2,7,2024
2214,4,2024-02-12,-36,2,7,2024
2215,5,2024-02-12,-5,2,7,2024
2216,1,2024-02-13,-236,2,7,2024
2217,2,2024-02-13,-30,2,7,2024
2218,3,2024-02-13,-14,2,7,2024
2219,4,2024-02-13,-116,2,7,2024
2220,5,2024-02-13,-6,2,7,2024
2221,1,2024-02-14,-214,2,7,2024
2222,2,2024-02-14,-27,2,7,2024
2223,3,2024-02-14,-10,2,7,2024
2224,4,2024-02-14,-123,2,7,2024
2225,5,2024-02-14,-6,2,7,2024
2226,1,2024-02-15,-231,2,7,2024
2227,2,2024-02-15,-32,2,7,2024
2228,3,2024-02-15,-11,2,7,2024
2229,4,2024-02-15,-65,2,7,2024
2230,5,2024-02-15,-6,2,7,2024
2231,1,2024-02-16,-190,2,7,2024
2232,2,2024-02-16,-22,2,7,2024
2233,3,2024-02-16,-10,2,7,2024
2234,4,2024-02-16,-121,2,7,2024
2235,5,2024-02-16,-11,2,7,2024
2236,1,2024-02-17,-236,2,7,2024
2237,2,2024-02-17,-26,2,7,2024
2238,3,2024-02-17,-13,2,7,2024
2239,4,2024-02-17,-139,2,7,2024
2240,5,2024-02-17,-6,2,7,2024
2241,1,2024-02-18,-243,2,7,2024
2242,2,2024-02-18,-35,2,7,2024
2243,3,2024-02-18,-12,2,7,2024
2244,4,2024-02-18,-112,2,7,2024
2245,5,2024-02-18,-5,2,7,2024
2246,1,2024-02-19,-137,2,8,2024
2247,2,2024-02-19,-28,2,8,2024
2248,3,2024-02-19,-11,2,8,2024
2249,4,2024-02-19,-115,2,8,2024
2250,5,2024-02-19,-7,2,8,2024
2251,1,2024-02-20,-216,2,8,2024
2252,2,2024-02-20,-31,2,8,2024
2253,3,2024-02-20,-11,2,8,2024
2254,4,2024-02-20,-144,2,8,2024
2255,5,2024-02-20,-4,2,8,2024
2256,1,2024-02-21,-220,2,8,2024
2257,2,2024-02-21,-34,2,8,2024
2258,3,2024-02-21,-11,2,8,2024
2259,4,2024-02-21,-44,2,8,2024
2260,5,2024-02-21,-4,2,8,2024
2261,1,2024-02-22,-400,2,8,2024
2262,2,2024-02-22,-30,2,8,2024
2263,3,2024-02-22,-13,2,8,2024
2264,4,2024-02-22,-133,2,8,2024
2265,5,2024-02-22,-13,2,8,2024
2266,1,2024-02-23,-236,2,8,2024
2267,2,2024-02-23,-30,2,8,2024
2268,3,2024-02-23,-13,2,8,2024
2269,4,2024-02-23,-132,2,8,2024
2270,5,2024-02-23,-5,2,8,2024
2271,1,2024-02-24,-211,2,8,2024
2272,2,2024-02-24,-34,2,8,2024
2273,3,2024-02-24,-11,2,8,2024
2274,4,2024-02-24,-150,2,8,2024
2275,5,2024-02-24,-6,2,8,2024
2276,1,2024-02-25,-271,2,8,2024
2277,2,2024-02-25,-24,2,8,2024
2278,3,2024-02-25,-11,2,8,2024
2279,4,2024-02-25,-116,2,8,2024
2280,5,2024-02-25,-6,2,8,2024
2281,1,2024-02-26,-184,2,9,2024
2282,2,2024-02-26,-32,2,9,2024
2283,4,2024-02-26,-140,2,9,2024
2284,5,2024-02-26,-5,2,9,2024
2285,2,2024-02-27,-34,2,9,2024
2286,4,2024-02-27,-122,2,9,2024
2287,5,2024-02-27,-6,2,9,2024
2288,1,2024-02-28,-203,2,9,2024
2289,2,2024-02-28,-25,2,9,2024
2290,3,2024-02-28,-11,2,9,2024
2291,4,2024-02-28,-115,2,9,2024
2292,5,2024-02-28,-6,2,9,2024
2293,1,2024-02-29,-203,2,9,2024
2294,2,2024-02-29,-37,2,9,2024
2295,3,2024-02-29,-11,2,9,2024
2296,4,2024-02-29,-115,2,9,2024
2297,5,2024-02-29,-4,2,9,2024
2298,1,2024-03-01,-230,2,9,2024
2299,2,2024-03-01,-25,2,9,2024
2300,3,2024-03-01,-10,2,9,2024
2301,4,2024-03-01,-131,2,9,2024
2302,5,2024-03-01,-2,2,9,2024
2303,1,2024-03-02,-251,2,9,2024
2304,2,2024-03-02,-32,2,9,2024
2305,3,2024-03-02,-12,2,9,2024
2306,4,2024-03-02,-141,2,9,2024
2307,5,2024-03-02,-5,2,9,2024
2308,1,2024-03-03,-286,2,9,2024
2309,2,2024-03-03,-31,2,9,2024
2310,3,2024-03-03,-10,2,9,2024
2311,4,2024-03-03,-161,2,9,2024
2312,5,2024-03-03,-13,2,9,2024
2313,1,2024-03-04,-230,2,10,2024
2314,2,2024-03-04,-23,2,10,2024
2315,3,2024-03-04,-12,2,10,2024
2316,4,2024-03-04,-115,2,10,2024
2317,5,2024-03-04,-5,2,10,2024
2318,1,2024-03-05,-192,2,10,2024
2319,2,2024-03-05,-17,2,10,2024
2320,3,2024-03-05,-11,2,10,2024
2321,4,2024-03-05,-123,2,10,2024
2322,5,2024-03-05,-6,2,10,2024
2323,1,2024-03-06,-85,2,10,2024
2324,2,2024-03-06,-29,2,10,2024
2325,3,2024-03-06,-14,2,10,2024
2326,4,2024-03-06,-104,2,10,2024
2327,5,2024-03-06,-5,2,10,2024
2328,1,2024-03-07,-180,2,10,2024
2329,2,2024-03-07,-35,2,10,2024
2330,4,2024-03-07,-66,2,10,2024
2331,5,2024-03-07,-5,2,10,2024
2332,1,2024-03-08,-350,2,10,2024
2333,2,2024-03-08,-22,2,10,2024
2334,3,2024-03-08,-9,2,10,2024
2335,4,2024-03-08,-156,2,10,2024
2336,5,2024-03-08,-6,2,10,2024
2337,1,2024-03-09,-247,2,10,2024
2338,2,2024-03-09,-32,2,10,2024
2339,3,2024-03-09,-12,2,10,2024
2340,4,2024-03-09,-94,2,10,2024
2341,5,2024-03-09,-5,2,10,2024
2342,1,2024-03-10,-358,2,10,2024
2343,2,2024-03-10,-45,2,10,2024
2344,3,2024-03-10,-21,2,10,2024
2345,4,2024-03-10,-242,2,10,2024
2346,5,2024-03-10,-11,2,10,2024
2347,1,2024-03-11,-343,2,11,2024
2348,2,2024-03-11,-69,2,11,2024
2349,3,2024-03-11,-23,2,11,2024
2350,4,2024-03-11,-242,2,11,2024
2351,5,2024-03-11,-10,2,11,2024
2352,1,2024-03-12,-361,2,11,2024
2353,2,2024-03-12,-54,2,11,2024
2354,3,2024-03-12,-22,2,11,2024
2355,4,2024-03-12,-237,2,11,2024
2356,5,2024-03-12,-13,2,11,2024
2357,1,2024-03-13,-309,2,11,2024
2358,2,2024-03-13,-60,2,11,2024
2359,3,2024-03-13,-19,2,11,2024
2360,4,2024-03-13,-213,2,11,2024
2361,5,2024-03-13,-10,2,11,2024
2362,1,2024-03-14,-357,2,11,2024
2363,2,2024-03-14,-57,2,11,2024
2364,3,2024-03-14,-20,2,11,2024
2365,4,2024-03-14,-173,2,11,2024
2366,5,2024-03-14,-9,2,11,2024
2367,1,2024-03-15,-347,2,11,2024
2368,2,2024-03-15,-48,2,11,2024
2369,3,2024-03-15,-28,2,11,2024
2370,4,2024-03-15,-268,2,11,2024
2371,5,2024-03-15,-11,2,11,2024
2372,1,2024-03-16,-396,2,11,2024
2373,2,2024-03-16,-135,2,11,2024
2374,3,2024-03-16,-20,2,11,2024
2375,4,2024-03-16,-246,2,11,2024
2376,5,2024-03-16,-2,2,11,2024
2377,1,2024-03-17,-562,2,11,2024
2378,2,2024-03-17,-46,2,11,2024
2379,3,2024-03-17,-19,2,11,2024
2380,4,2024-03-17,-229,2,11,2024
2381,5,2024-03-17,-10,2,11,2024
2382,1,2024-03-18,-335,2,12,2024
2383,2,2024-03-18,-63,2,12,2024
2384,3,2024-03-18,-24,2,12,2024
2385,4,2024-03-18,-197,2,12,2024
2386,5,2024-03-18,-7,2,12,2024
2387,1,2024-03-19,-320,2,12,2024
2388,2,2024-03-19,-58,2,12,2024
2389,3,2024-03-19,-18,2,12,2024
2390,4,2024-03-19,-245,2,12,2024
2391,5,2024-03-19,-10,2,12,2024
2392,1,2024-03-20,-406,2,12,2024
2393,2,2024-03-20,-52,2,12,2024
2394,3,2024-03-20,-17,2,12,2024
2395,4,2024-03-20,-241,2,12,2024
2396,5,2024-03-20,-7,2,12,2024
2397,1,2024-03-21,-308,2,12,2024
2398,2,2024-03-21,-56,2,12,2024
2399,3,2024-03-21,-18,2,12,2024
2400,4,2024-03-21,-210,2,12,2024
2401,5,2024-03-21,-10,2,12,2024
2402,1,2024-03-22,-396,2,12,2024
2403,2,2024-03-22,-23,2,12,2024
2404,3,2024-03-22,-19,2,12,2024
2405,4,2024-03-22,-252,2,12,2024
2406,5,2024-03-22,-3,2,12,2024
2407,1,2024-03-23,-358,2,12,2024
2408,2,2024-03-23,-61,2,12,2024
2409,3,2024-03-23,-24,2,12,2024
2410,4,2024-03-23,-253,2,12,2024
2411,5,2024-03-23,-10,2,12,2024
2412,1,2024-03-24,-304,2,12,2024
2413,2,2024-03-24,-50,2,12,2024
2414,3,2024-03-24,-17,2,12,2024
2415,4,2024-03-24,-216,2,12,2024
2416,5,2024-03-24,-13,2,12,2024
2417,1,2024-03-25,-579,2,13,2024
2418,2,2024-03-25,-46,2,13,2024
2419,3,2024-03-25,-26,2,13,2024
2420,4,2024-03-25,-181,2,13,2024
2421,5,2024-03-25,-10,2,13,2024
2422,1,2024-03-26,-355,2,13,2024
2423,2,2024-03-26,-53,2,13,2024
2424,3,2024-03-26,-22,2,13,2024
2425,4,2024-03-26,-209,2,13,2024
2426,5,2024-03-26,-4,2,13,2024
2427,1,2024-03-27,-291,2,13,2024
2428,2,2024-03-27,-57,2,13,2024
2429,3,2024-03-27,-20,2,13,2024
2430,4,2024-03-27,-268,2,13,2024
2431,5,2024-03-27,-27,2,13,2024
2432,1,2024-03-28,-579,2,13,2024
2433,2,2024-03-28,-56,2,13,2024
2434,3,2024-03-28,-22,2,13,2024
2435,4,2024-03-28,-220,2,13,2024
2436,5,2024-03-28,-9,2,13,2024
2437,1,2024-03-29,-360,2,13,2024
2438,2,2024-03-29,-57,2,13,2024
2439,3,2024-03-29,-22,2,13,2024
2440,4,2024-03-29,-227,2,13,2024
2441,5,2024-03-29,-9,2,13,2024
2442,1,2024-03-30,-457,2,13,2024
2443,2,2024-03-30,-18,2,13,2024
2444,3,2024-03-30,-21,2,13,2024
2445,4,2024-03-30,-240,2,13,2024
2446,5,2024-03-30,-11,2,13,2024
2447,1,2024-03-31,-340,2,13,2024
2448,2,2024-03-31,-63,2,13,2024
2449,3,2024-03-31,-29,2,13,2024
2450,4,2024-03-31,-262,2,13,2024
2451,5,2024-03-31,-10,2,13,2024
2452,1,2024-04-01,-430,2,14,2024
2453,2,2024-04-01,-63,2,14,2024
2454,3,2024-04-01,-26,2,14,2024
2455,4,2024-04-01,-300,2,14,2024
2456,5,2024-04-01,-15,2,14,2024
2457,1,2024-04-02,-435,2,14,2024
2458,2,2024-04-02,-60,2,14,2024
2459,3,2024-04-02,-9,2,14,2024
2460,4,2024-04-02,-275,2,14,2024
2461,5,2024-04-02,-13,2,14,2024
2462,1,2024-04-03,-139,2,14,2024
2463,3,2024-04-03,-25,2,14,2024
2464,4,2024-04-03,-369,2,14,2024
2465,5,2024-04-03,-17,2,14,2024
2466,1,2024-04-04,-455,2,14,2024
2467,2,2024-04-04,-46,2,14,2024
2468,3,2024-04-04,-33,2,14,2024
2469,4,2024-04-04,-321,2,14,2024
2470,5,2024-04-04,-11,2,14,2024
2471,1,2024-04-05,-294,2,14,2024
2472,2,2024-04-05,-19,2,14,2024
2473,3,2024-04-05,-24,2,14,2024
2474,4,2024-04-05,-323,2,14,2024
2475,5,2024-04-05,-11,2,14,2024
2476,1,2024-04-06,-579,2,14,2024
2477,2,2024-04-06,-47,2,14,2024
2478,3,2024-04-06,-26,2,14,2024
2479,4,2024-04-06,-346,2,14,2024
2480,5,2024-04-06,-3,2,14,2024
2481,1,2024-04-07,-579,2,14,2024
2482,2,2024-04-07,-83,2,14,2024
2483,3,2024-04-07,-65,2,14,2024
2484,4,2024-04-07,-271,2,14,2024
2485,5,2024-04-07,-13,2,14,2024
2486,1,2024-04-08,-477,2,15,2024
2487,2,2024-04-08,-60,2,15,2024
2488,3,2024-04-08,-30,2,15,2024
2489,4,2024-04-08,-211,2,15,2024
2490,5,2024-04-08,-12,2,15,2024
2491,1,2024-04-09,-417,2,15,2024
2492,2,2024-04-09,-54,2,15,2024
2493,3,2024-04-09,-28,2,15,2024
2494,4,2024-04-09,-282,2,15,2024
2495,5,2024-04-09,-12,2,15,2024
2496,1,2024-04-10,-516,2,15,2024
2497,2,2024-04-10,-57,2,15,2024
2498,3,2024-04-10,-33,2,15,2024
2499,4,2024-04-10,-318,2,15,2024
2500,5,2024-04-10,-11,2,15,2024
2501,1,2024-04-11,-567,2,15,2024
2502,2,2024-04-11,-57,2,15,2024
2503,3,2024-04-11,-26,2,15,2024
2504,4,2024-04-11,-265,2,15,2024
2505,5,2024-04-11,-12,2,15,2024
2506,1,2024-04-12,-406,2,15,2024
2507,2,2024-04-12,-67,2,15,2024
2508,3,2024-04-12,-32,2,15,2024
2509,4,2024-04-12,-235,2,15,2024
2510,5,2024-04-12,-13,2,15,2024
2511,1,2024-04-13,-401,2,15,2024
2512,2,2024-04-13,-79,2,15,2024
2513,3,2024-04-13,-26,2,15,2024
2514,4,2024-04-13,-296,2,15,2024
2515,5,2024-04-13,-2,2,15,2024
2516,1,2024-04-14,-570,2,15,2024
2517,2,2024-04-14,-86,2,15,2024
2518,3,2024-04-14,-30,2,15,2024
2519,4,2024-04-14,-248,2,15,2024
2520,5,2024-04-14,-13,2,15,2024
2521,1,2024-04-15,-424,2,16,2024
2522,2,2024-04-15,-67,2,16,2024
2523,3,2024-04-15,-24,2,16,2024
2524,4,2024-04-15,-340,2,16,2024
2525,5,2024-04-15,-9,2,16,2024
2526,1,2024-04-16,-418,2,16,2024
2527,2,2024-04-16,-48,2,16,2024
2528,3,2024-04-16,-14,2,16,2024
2529,4,2024-04-16,-230,2,16,2024
2530,5,2024-04-16,-15,2,16,2024
2531,1,2024-04-17,-425,2,16,2024
2532,2,2024-04-17,-63,2,16,2024
2533,3,2024-04-17,-23,2,16,2024
2534,4,2024-04-17,-361,2,16,2024
2535,5,2024-04-17,-12,2,16,2024
2536,1,2024-04-18,-425,2,16,2024
2537,2,2024-04-18,-71,2,16,2024
2538,3,2024-04-18,-22,2,16,2024
2539,4,2024-04-18,-304,2,16,2024
2540,5,2024-04-18,-8,2,16,2024
2541,1,2024-04-19,-378,2,16,2024
2542,2,2024-04-19,-71,2,16,2024
2543,3,2024-04-19,-25,2,16,2024
2544,4,2024-04-19,-257,2,16,2024
2545,5,2024-04-19,-11,2,16,2024
2546,1,2024-04-20,-350,2,16,2024
2547,2,2024-04-20,-69,2,16,2024
2548,3,2024-04-20,-27,2,16,2024
2549,4,2024-04-20,-244,2,16,2024
2550,5,2024-04-20,-12,2,16,2024
2551,1,2024-04-21,-576,2,16,2024
2552,2,2024-04-21,-63,2,16,2024
2553,3,2024-04-21,-30,2,16,2024
2554,4,2024-04-21,-256,2,16,2024
2555,5,2024-04-21,-14,2,16,2024
2556,1,2024-04-22,-409,2,17,2024
2557,2,2024-04-22,-59,2,17,2024
2558,3,2024-04-22,-32,2,17,2024
2559,4,2024-04-22,-302,2,17,2024
2560,5,2024-04-22,-13,2,17,2024
2561,1,2024-04-23,-438,2,17,2024
2562,2,2024-04-23,-76,2,17,2024
2563,3,2024-04-23,-34,2,17,2024
2564,4,2024-04-23,-289,2,17,2024
2565,5,2024-04-23,-11,2,17,2024
2566,1,2024-04-24,-579,2,17,2024
2567,2,2024-04-24,-52,2,17,2024
2568,3,2024-04-24,-24,2,17,2024
2569,4,2024-04-24,-309,2,17,2024
2570,5,2024-04-24,-13,2,17,2024
2571,1,2024-04-25,-172,2,17,2024
2572,2,2024-04-25,-49,2,17,2024
2573,3,2024-04-25,-30,2,17,2024
2574,4,2024-04-25,-299,2,17,2024
2575,5,2024-04-25,-10,2,17,2024
2576,1,2024-04-26,-170,2,17,2024
2577,2,2024-04-26,-32,2,17,2024
2578,3,2024-04-26,-13,2,17,2024
2579,4,2024-04-26,-143,2,17,2024
2580,5,2024-04-26,-6,2,17,2024
2581,1,2024-04-27,-262,2,17,2024
2582,2,2024-04-27,-31,2,17,2024
2583,3,2024-04-27,-13,2,17,2024
2584,4,2024-04-27,-152,2,17,2024
2585,5,2024-04-27,-4,2,17,2024
2586,1,2024-04-28,-220,2,17,2024
2587,2,2024-04-28,-29,2,17,2024
2588,3,2024-04-28,-9,2,17,2024
2589,4,2024-04-28,-112,2,17,2024
2590,5,2024-04-28,-4,2,17,2024
2591,1,2024-04-29,-179,2,18,2024
2592,2,2024-04-29,-27,2,18,2024
2593,3,2024-04-29,-11,2,18,2024
2594,4,2024-04-29,-138,2,18,2024
2595,5,2024-04-29,-5,2,18,2024
2596,1,2024-04-30,-174,2,18,2024
2597,2,2024-04-30,-26,2,18,2024
2598,4,2024-04-30,-30,2,18,2024
2599,5,2024-04-30,-6,2,18,2024
2600,1,2024-05-01,-265,2,18,2024
2601,2,2024-05-01,-46,2,18,2024
2602,3,2024-05-01,-23,2,18,2024
2603,4,2024-05-01,-54,2,18,2024
2604,5,2024-05-01,-12,2,18,2024
2605,1,2024-05-02,-337,2,18,2024
2606,2,2024-05-02,-51,2,18,2024
2607,3,2024-05-02,-19,2,18,2024
2608,4,2024-05-02,-44,2,18,2024
2609,5,2024-05-02,-9,2,18,2024
2610,1,2024-05-03,-404,2,18,2024
2611,2,2024-05-03,-45,2,18,2024
2612,3,2024-05-03,-17,2,18,2024
2613,4,2024-05-03,-191,2,18,2024
2614,5,2024-05-03,-9,2,18,2024
2615,1,2024-05-04,-226,2,18,2024
2616,2,2024-05-04,-21,2,18,2024
2617,3,2024-05-04,-11,2,18,2024
2618,4,2024-05-04,-152,2,18,2024
2619,5,2024-05-04,-6,2,18,2024
2620,1,2024-05-05,-161,2,18,2024
2621,2,2024-05-05,-29,2,18,2024
2622,3,2024-05-05,-12,2,18,2024
2623,4,2024-05-05,-143,2,18,2024
2624,5,2024-05-05,-5,2,18,2024
2625,1,2024-05-06,-233,2,19,2024
2626,2,2024-05-06,-24,2,19,2024
2627,3,2024-05-06,-13,2,19,2024
2628,4,2024-05-06,-133,2,19,2024
2629,5,2024-05-06,-3,2,19,2024
2630,1,2024-05-07,-221,2,19,2024
2631,2,2024-05-07,-36,2,19,2024
2632,3,2024-05-07,-14,2,19,2024
2633,4,2024-05-07,-125,2,19,2024
2634,5,2024-05-07,-6,2,19,2024
2635,1,2024-05-08,-224,2,19,2024
2636,2,2024-05-08,-39,2,19,2024
2637,3,2024-05-08,-12,2,19,2024
2638,4,2024-05-08,-119,2,19,2024
2639,5,2024-05-08,-7,2,19,2024
2640,1,2024-05-09,-182,2,19,2024
2641,2,2024-05-09,-23,2,19,2024
2642,3,2024-05-09,-12,2,19,2024
2643,5,2024-05-09,-5,2,19,2024
2644,1,2024-05-10,-346,2,19,2024
2645,2,2024-05-10,-9,2,19,2024
2646,3,2024-05-10,-10,2,19,2024
2647,4,2024-05-10,-143,2,19,2024
2648,5,2024-05-10,-5,2,19,2024
2649,1,2024-05-11,-213,2,19,2024
2650,2,2024-05-11,-34,2,19,2024
2651,3,2024-05-11,-11,2,19,2024
2652,4,2024-05-11,-133,2,19,2024
2653,5,2024-05-11,-6,2,19,2024
2654,1,2024-05-12,-259,2,19,2024
2655,2,2024-05-12,-28,2,19,2024
2656,3,2024-05-12,-10,2,19,2024
2657,4,2024-05-12,-264,2,19,2024
2658,5,2024-05-12,-6,2,19,2024
2659,1,2024-05-13,-193,2,20,2024
2660,2,2024-05-13,-9,2,20,2024
2661,3,2024-05-13,-10,2,20,2024
2662,4,2024-05-13,-115,2,20,2024
2663,5,2024-05-13,-5,2,20,2024
2664,1,2024-05-14,-182,2,20,2024
2665,2,2024-05-14,-27,2,20,2024
2666,3,2024-05-14,-10,2,20,2024
2667,4,2024-05-14,-119,2,20,2024
2668,5,2024-05-14,-6,2,20,2024
2669,1,2024-05-15,-167,2,20,2024
2670,2,2024-05-15,-30,2,20,2024
2671,3,2024-05-15,-10,2,20,2024
2672,4,2024-05-15,-133,2,20,2024
2673,5,2024-05-15,-4,2,20,2024
2674,1,2024-05-16,-155,2,20,2024
2675,2,2024-05-16,-25,2,20,2024
2676,3,2024-05-16,-9,2,20,2024
2677,4,2024-05-16,-151,2,20,2024
2678,5,2024-05-16,-6,2,20,2024
2679,1,2024-05-17,-224,2,20,2024
2680,2,2024-05-17,-36,2,20,2024
2681,3,2024-05-17,-14,2,20,2024
2682,4,2024-05-17,-151,2,20,2024
2683,5,2024-05-17,-5,2,20,2024
2684,1,2024-05-18,-180,2,20,2024
2685,2,2024-05-18,-24,2,20,2024
2686,3,2024-05-18,-13,2,20,2024
2687,4,2024-05-18,-116,2,20,2024
2688,5,2024-05-18,-6,2,20,2024
2689,1,2024-05-19,-236,2,20,2024
2690,2,2024-05-19,-25,2,20,2024
2691,3,2024-05-19,-12,2,20,2024
2692,4,2024-05-19,-388,2,20,2024
2693,5,2024-05-19,-4,2,20,2024
2694,1,2024-05-20,-203,2,21,2024
2695,2,2024-05-20,-31,2,21,2024
2696,3,2024-05-20,-10,2,21,2024
2697,4,2024-05-20,-268,2,21,2024
2698,5,2024-05-20,-4,2,21,2024
2699,1,2024-05-21,-193,2,21,2024
2700,2,2024-05-21,-28,2,21,2024
2701,3,2024-05-21,-14,2,21,2024
2702,5,2024-05-21,-5,2,21,2024
2703,1,2024-05-22,-170,2,21,2024
2704,2,2024-05-22,-29,2,21,2024
2705,3,2024-05-22,-11,2,21,2024
2706,4,2024-05-22,-114,2,21,2024
2707,5,2024-05-22,-5,2,21,2024
2708,1,2024-05-23,-267,2,21,2024
2709,2,2024-05-23,-28,2,21,2024
2710,4,2024-05-23,-136,2,21,2024
2711,5,2024-05-23,-6,2,21,2024
2712,1,2024-05-24,-217,2,21,2024
2713,2,2024-05-24,-36,2,21,2024
2714,3,2024-05-24,-12,2,21,2024
2715,4,2024-05-24,-155,2,21,2024
2716,5,2024-05-24,-4,2,21,2024
2717,1,2024-05-25,-205,2,21,2024
2718,2,2024-05-25,-32,2,21,2024
2719,3,2024-05-25,-9,2,21,2024
2720,4,2024-05-25,-121,2,21,2024
2721,5,2024-05-25,-4,2,21,2024
2722,1,2024-05-26,-281,2,21,2024
2723,2,2024-05-26,-36,2,21,2024
2724,3,2024-05-26,-11,2,21,2024
2725,4,2024-05-26,-228,2,21,2024
2726,5,2024-05-26,-4,2,21,2024
2727,1,2024-05-27,-237,2,22,2024
2728,2,2024-05-27,-33,2,22,2024
2729,3,2024-05-27,-12,2,22,2024
2730,4,2024-05-27,-104,2,22,2024
2731,5,2024-05-27,-4,2,22,2024
2732,1,2024-05-28,-197,2,22,2024
2733,2,2024-05-28,-32,2,22,2024
2734,3,2024-05-28,-14,2,22,2024
2735,4,2024-05-28,-131,2,22,2024
2736,5,2024-05-28,-7,2,22,2024
2737,1,2024-05-29,-144,2,22,2024
2738,2,2024-05-29,-39,2,22,2024
2739,3,2024-05-29,-13,2,22,2024
2740,4,2024-05-29,-144,2,22,2024
2741,5,2024-05-29,-5,2,22,2024
2742,1,2024-05-30,-114,2,22,2024
2743,2,2024-05-30,-28,2,22,2024
2744,3,2024-05-30,-12,2,22,2024
2745,4,2024-05-30,-271,2,22,2024
2746,5,2024-05-30,-8,2,22,2024
2747,1,2024-05-31,-196,2,22,2024
2748,2,2024-05-31,-31,2,22,2024
2749,3,2024-05-31,-9,2,22,2024
2750,4,2024-05-31,-134,2,22,2024
2751,5,2024-05-31,-3,2,22,2024
2752,1,2024-06-01,-271,2,22,2024
2753,2,2024-06-01,-39,2,22,2024
2754,3,2024-06-01,-12,2,22,2024
2755,4,2024-06-01,-123,2,22,2024
2756,5,2024-06-01,-5,2,22,2024
2757,1,2024-06-02,-328,2,22,2024
2758,2,2024-06-02,-34,2,22,2024
2759,3,2024-06-02,-11,2,22,2024
2760,4,2024-06-02,-137,2,22,2024
2761,5,2024-06-02,-5,2,22,2024
2762,1,2024-06-03,-215,2,23,2024
2763,2,2024-06-03,-32,2,23,2024
2764,3,2024-06-03,-12,2,23,2024
2765,4,2024-06-03,-142,2,23,2024
2766,5,2024-06-03,-6,2,23,2024
2767,1,2024-06-04,-189,2,23,2024
2768,2,2024-06-04,-25,2,23,2024
2769,3,2024-06-04,-11,2,23,2024
2770,4,2024-06-04,-136,2,23,2024
2771,5,2024-06-04,-6,2,23,2024
2772,1,2024-06-05,-228,2,23,2024
2773,2,2024-06-05,-30,2,23,2024
2774,3,2024-06-05,-13,2,23,2024
2775,4,2024-06-05,-128,2,23,2024
2776,5,2024-06-05,-5,2,23,2024
2777,1,2024-06-06,-213,2,23,2024
2778,2,2024-06-06,-31,2,23,2024
2779,3,2024-06-06,-11,2,23,2024
2780,4,2024-06-06,-97,2,23,2024
2781,5,2024-06-06,-5,2,23,2024
2782,1,2024-06-07,-167,2,23,2024
2783,2,2024-06-07,-40,2,23,2024
2784,3,2024-06-07,-12,2,23,2024
2785,4,2024-06-07,-158,2,23,2024
2786,5,2024-06-07,-2,2,23,2024
2787,1,2024-06-08,-264,2,23,2024
2788,2,2024-06-08,-28,2,23,2024
2789,3,2024-06-08,-11,2,23,2024
2790,4,2024-06-08,-143,2,23,2024
2791,5,2024-06-08,-4,2,23,2024
2792,1,2024-06-09,-266,2,23,2024
2793,2,2024-06-09,-27,2,23,2024
2794,3,2024-06-09,-11,2,23,2024
2795,4,2024-06-09,-140,2,23,2024
2796,5,2024-06-09,-7,2,23,2024
2797,1,2024-06-10,-213,2,24,2024
2798,2,2024-06-10,-30,2,24,2024
2799,3,2024-06-10,-12,2,24,2024
2800,4,2024-06-10,-145,2,24,2024
2801,5,2024-06-10,-1,2,24,2024
2802,1,2024-06-11,-183,2,24,2024
2803,2,2024-06-11,-25,2,24,2024
2804,3,2024-06-11,-9,2,24,2024
2805,4,2024-06-11,-149,2,24,2024
2806,5,2024-06-11,-6,2,24,2024
2807,1,2024-06-12,-262,2,24,2024
2808,2,2024-06-12,-28,2,24,2024
2809,3,2024-06-12,-7,2,24,2024
2810,4,2024-06-12,-139,2,24,2024
2811,5,2024-06-12,-5,2,24,2024
2812,1,2024-06-13,-231,2,24,2024
2813,2,2024-06-13,-28,2,24,2024
2814,3,2024-06-13,-30,2,24,2024
2815,4,2024-06-13,-126,2,24,2024
2816,5,2024-06-13,-6,2,24,2024
2817,1,2024-06-14,-268,2,24,2024
2818,2,2024-06-14,-51,2,24,2024
2819,3,2024-06-14,-20,2,24,2024
2820,4,2024-06-14,-240,2,24,2024
2821,5,2024-06-14,-10,2,24,2024
2822,1,2024-06-15,-445,2,24,2024
2823,2,2024-06-15,-50,2,24,2024
2824,3,2024-06-15,-19,2,24,2024
2825,4,2024-06-15,-145,2,24,2024
2826,5,2024-06-15,-10,2,24,2024
2827,1,2024-06-16,-441,2,24,2024
2828,2,2024-06-16,-43,2,24,2024
2829,3,2024-06-16,-22,2,24,2024
2830,4,2024-06-16,-184,2,24,2024
2831,5,2024-06-16,-8,2,24,2024
2832,1,2024-06-17,-323,2,25,2024
2833,2,2024-06-17,-49,2,25,2024
2834,4,2024-06-17,-170,2,25,2024
2835,5,2024-06-17,-7,2,25,2024
2836,1,2024-06-18,-326,2,25,2024
2837,2,2024-06-18,-44,2,25,2024
2838,3,2024-06-18,-16,2,25,2024
2839,4,2024-06-18,-240,2,25,2024
2840,5,2024-06-18,-10,2,25,2024
2841,1,2024-06-19,-579,2,25,2024
2842,2,2024-06-19,-37,2,25,2024
2843,3,2024-06-19,-6,2,25,2024
2844,4,2024-06-19,-252,2,25,2024
2845,5,2024-06-19,-9,2,25,2024
2846,1,2024-06-20,-335,2,25,2024
2847,2,2024-06-20,-51,2,25,2024
2848,3,2024-06-20,-20,2,25,2024
2849,4,2024-06-20,-196,2,25,2024
2850,5,2024-06-20,-9,2,25,2024
2851,1,2024-06-21,-144,2,25,2024
2852,2,2024-06-21,-28,2,25,2024
2853,3,2024-06-21,-12,2,25,2024
2854,4,2024-06-21,-131,2,25,2024
2855,5,2024-06-21,-1,2,25,2024
2856,1,2024-06-22,-181,2,25,2024
2857,2,2024-06-22,-31,2,25,2024
2858,3,2024-06-22,-11,2,25,2024
2859,4,2024-06-22,-140,2,25,2024
2860,5,2024-06-22,-6,2,25,2024
2861,1,2024-06-23,-238,2,25,2024
2862,2,2024-06-23,-29,2,25,2024
2863,3,2024-06-23,-12,2,25,2024
2864,4,2024-06-23,-135,2,25,2024
2865,5,2024-06-23,-5,2,25,2024
2866,1,2024-06-24,-204,2,26,2024
2867,2,2024-06-24,-34,2,26,2024
2868,3,2024-06-24,-13,2,26,2024
2869,4,2024-06-24,-136,2,26,2024
2870,5,2024-06-24,-5,2,26,2024
2871,1,2024-06-25,-188,2,26,2024
2872,2,2024-06-25,-26,2,26,2024
2873,3,2024-06-25,-14,2,26,2024
2874,4,2024-06-25,-158,2,26,2024
2875,5,2024-06-25,-5,2,26,2024
2876,1,2024-06-26,-185,2,26,2024
2877,2,2024-06-26,-24,2,26,2024
2878,3,2024-06-26,-13,2,26,2024
2879,4,2024-06-26,-135,2,26,2024
2880,5,2024-06-26,-5,2,26,2024
2881,1,2024-06-27,-160,2,26,2024
2882,2,2024-06-27,-8,2,26,2024
2883,4,2024-06-27,-153,2,26,2024
2884,5,2024-06-27,-6,2,26,2024
2885,1,2024-06-28,-218,2,26,2024
2886,2,2024-06-28,-22,2,26,2024
2887,3,2024-06-28,-10,2,26,2024
2888,4,2024-06-28,-111,2,26,2024
2889,5,2024-06-28,-5,2,26,2024
2890,1,2024-06-29,-223,2,26,2024
2891,2,2024-06-29,-36,2,26,2024
2892,3,2024-06-29,-11,2,26,2024
2893,4,2024-06-29,-144,2,26,2024
2894,5,2024-06-29,-6,2,26,2024
2895,1,2024-06-30,-256,2,26,2024
2896,2,2024-06-30,-32,2,26,2024
2897,3,2024-06-30,-12,2,26,2024
2898,4,2024-06-30,-162,2,26,2024
2899,5,2024-06-30,-6,2,26,2024
2900,1,2024-07-01,-250,2,27,2024
2901,2,2024-07-01,-27,2,27,2024
2902,3,2024-07-01,-12,2,27,2024
2903,4,2024-07-01,-49,2,27,2024
2904,5,2024-07-01,-6,2,27,2024
2905,1,2024-07-02,-200,2,27,2024
2906,2,2024-07-02,-28,2,27,2024
2907,3,2024-07-02,-13,2,27,2024
2908,4,2024-07-02,-160,2,27,2024
2909,5,2024-07-02,-7,2,27,2024
2910,1,2024-07-03,-170,2,27,2024
2911,2,2024-07-03,-32,2,27,2024
2912,3,2024-07-03,-14,2,27,2024
2913,4,2024-07-03,-125,2,27,2024
2914,5,2024-07-03,-6,2,27,2024
2915,1,2024-07-04,-184,2,27,2024
2916,2,2024-07-04,-32,2,27,2024
2917,3,2024-07-04,-12,2,27,2024
2918,4,2024-07-04,-123,2,27,2024
2919,5,2024-07-04,-5,2,27,2024
2920,1,2024-07-05,-210,2,27,2024
2921,2,2024-07-05,-32,2,27,2024
2922,3,2024-07-05,-11,2,27,2024
2923,4,2024-07-05,-139,2,27,2024
2924,5,2024-07-05,-6,2,27,2024
2925,1,2024-07-06,-244,2,27,2024
2926,2,2024-07-06,-33,2,27,2024
2927,3,2024-07-06,-12,2,27,2024
2928,4,2024-07-06,-103,2,27,2024
2929,5,2024-07-06,-7,2,27,2024
2930,1,2024-07-07,-520,2,27,2024
2931,2,2024-07-07,-36,2,27,2024
2932,3,2024-07-07,-11,2,27,2024
2933,4,2024-07-07,-126,2,27,2024
2934,5,2024-07-07,-4,2,27,2024
2935,1,2024-07-08,-144,2,28,2024
2936,2,2024-07-08,-25,2,28,2024
2937,3,2024-07-08,-11,2,28,2024
2938,4,2024-07-08,-129,2,28,2024
2939,5,2024-07-08,-2,2,28,2024
2940,1,2024-07-09,-192,2,28,2024
2941,2,2024-07-09,-32,2,28,2024
2942,3,2024-07-09,-8,2,28,2024
2943,4,2024-07-09,-127,2,28,2024
2944,5,2024-07-09,-5,2,28,2024
2945,1,2024-07-10,-216,2,28,2024
2946,2,2024-07-10,-32,2,28,2024
2947,3,2024-07-10,-10,2,28,2024
2948,4,2024-07-10,-132,2,28,2024
2949,5,2024-07-10,-5,2,28,2024
2950,1,2024-07-11,-193,2,28,2024
2951,2,2024-07-11,-33,2,28,2024
2952,3,2024-07-11,-10,2,28,2024
2953,4,2024-07-11,-103,2,28,2024
2954,5,2024-07-11,-6,2,28,2024
2955,1,2024-07-12,-475,2,28,2024
2956,2,2024-07-12,-31,2,28,2024
2957,3,2024-07-12,-14,2,28,2024
2958,4,2024-07-12,-121,2,28,2024
2959,5,2024-07-12,-7,2,28,2024
2960,1,2024-07-13,-264,2,28,2024
2961,2,2024-07-13,-12,2,28,2024
2962,3,2024-07-13,-8,2,28,2024
2963,4,2024-07-13,-116,2,28,2024
2964,5,2024-07-13,-5,2,28,2024
2965,1,2024-07-14,-279,2,28,2024
2966,2,2024-07-14,-32,2,28,2024
2967,3,2024-07-14,-12,2,28,2024
2968,4,2024-07-14,-139,2,28,2024
2969,5,2024-07-14,-4,2,28,2024
2970,1,2024-07-15,-163,2,29,2024
2971,2,2024-07-15,-30,2,29,2024
2972,3,2024-07-15,-13,2,29,2024
2973,4,2024-07-15,-128,2,29,2024
2974,5,2024-07-15,-6,2,29,2024
2975,1,2024-07-16,-184,2,29,2024
2976,2,2024-07-16,-29,2,29,2024
2977,3,2024-07-16,-10,2,29,2024
2978,4,2024-07-16,-126,2,29,2024
2979,5,2024-07-16,-7,2,29,2024
2980,1,2024-07-17,-181,2,29,2024
2981,2,2024-07-17,-68,2,29,2024
2982,3,2024-07-17,-12,2,29,2024
2983,4,2024-07-17,-139,2,29,2024
2984,5,2024-07-17,-5,2,29,2024
2985,1,2024-07-18,-138,2,29,2024
2986,2,2024-07-18,-30,2,29,2024
2987,3,2024-07-18,-10,2,29,2024
2988,4,2024-07-18,-179,2,29,2024
2989,5,2024-07-18,-5,2,29,2024
2990,1,2024-07-19,-226,2,29,2024
2991,2,2024-07-19,-38,2,29,2024
2992,3,2024-07-19,-13,2,29,2024
2993,4,2024-07-19,-117,2,29,2024
2994,5,2024-07-19,-5,2,29,2024
2995,1,2024-07-20,-208,2,29,2024
2996,2,2024-07-20,-35,2,29,2024
2997,3,2024-07-20,-10,2,29,2024
2998,4,2024-07-20,-135,2,29,2024
2999,5,2024-07-20,-6,2,29,2024
3000,1,2024-07-21,-252,2,29,2024
3001,2,2024-07-21,-30,2,29,2024
3002,3,2024-07-21,-11,2,29,2024
3003,4,2024-07-21,-152,2,29,2024
3004,5,2024-07-21,-7,2,29,2024
3005,1,2024-07-22,-256,2,30,2024
3006,2,2024-07-22,-28,2,30,2024
3007,3,2024-07-22,-12,2,30,2024
3008,4,2024-07-22,-41,2,30,2024
3009,5,2024-07-22,-5,2,30,2024
3010,1,2024-07-23,-219,2,30,2024
3011,2,2024-07-23,-8,2,30,2024
3012,3,2024-07-23,-13,2,30,2024
3013,4,2024-07-23,-116,2,30,2024
3014,5,2024-07-23,-7,2,30,2024
3015,1,2024-07-24,-220,2,30,2024
3016,2,2024-07-24,-33,2,30,2024
3017,4,2024-07-24,-147,2,30,2024
3018,5,2024-07-24,-5,2,30,2024
3019,1,2024-07-25,-182,2,30,2024
3020,2,2024-07-25,-40,2,30,2024
3021,3,2024-07-25,-13,2,30,2024
3022,4,2024-07-25,-150,2,30,2024
3023,5,2024-07-25,-5,2,30,2024
3024,1,2024-07-26,-154,2,30,2024
3025,2,2024-07-26,-26,2,30,2024
3026,3,2024-07-26,-11,2,30,2024
3027,4,2024-07-26,-121,2,30,2024
3028,5,2024-07-26,-2,2,30,2024
3029,1,2024-07-27,-243,2,30,2024
3030,2,2024-07-27,-40,2,30,2024
3031,3,2024-07-27,-3,2,30,2024
3032,4,2024-07-27,-301,2,30,2024
3033,5,2024-07-27,-5,2,30,2024
3034,1,2024-07-28,-272,2,30,2024
3035,2,2024-07-28,-28,2,30,2024
3036,3,2024-07-28,-12,2,30,2024
3037,4,2024-07-28,-118,2,30,2024
3038,5,2024-07-28,-6,2,30,2024
3039,1,2024-07-29,-209,2,31,2024
3040,2,2024-07-29,-28,2,31,2024
3041,3,2024-07-29,-15,2,31,2024
3042,4,2024-07-29,-128,2,31,2024
3043,5,2024-07-29,-6,2,31,2024
3044,1,2024-07-30,-194,2,31,2024
3045,2,2024-07-30,-28,2,31,2024
3046,3,2024-07-30,-11,2,31,2024
3047,4,2024-07-30,-168,2,31,2024
3048,5,2024-07-30,-9,2,31,2024
3049,1,2024-07-31,-226,2,31,2024
3050,2,2024-07-31,-32,2,31,2024
3051,3,2024-07-31,-9,2,31,2024
3052,4,2024-07-31,-119,2,31,2024
3053,5,2024-07-31,-6,2,31,2024
3054,1,2024-08-01,-227,2,31,2024
3055,2,2024-08-01,-14,2,31,2024
3056,3,2024-08-01,-10,2,31,2024
3057,4,2024-08-01,-131,2,31,2024
3058,5,2024-08-01,-6,2,31,2024
3059,1,2024-08-02,-217,2,31,2024
3060,2,2024-08-02,-25,2,31,2024
3061,3,2024-08-02,-10,2,31,2024
3062,4,2024-08-02,-141,2,31,2024
3063,5,2024-08-02,-6,2,31,2024
3064,1,2024-08-03,-248,2,31,2024
3065,2,2024-08-03,-57,2,31,2024
3066,3,2024-08-03,-10,2,31,2024
3067,4,2024-08-03,-100,2,31,2024
3068,5,2024-08-03,-6,2,31,2024
3069,1,2024-08-04,-170,2,31,2024
3070,2,2024-08-04,-26,2,31,2024
3071,3,2024-08-04,-3,2,31,2024
3072,4,2024-08-04,-122,2,31,2024
3073,5,2024-08-04,-4,2,31,2024
3074,1,2024-08-05,-232,2,32,2024
3075,2,2024-08-05,-19,2,32,2024
3076,3,2024-08-05,-11,2,32,2024
3077,4,2024-08-05,-133,2,32,2024
3078,5,2024-08-05,-6,2,32,2024
3079,1,2024-08-06,-239,2,32,2024
3080,2,2024-08-06,-23,2,32,2024
3081,3,2024-08-06,-10,2,32,2024
3082,4,2024-08-06,-102,2,32,2024
3083,5,2024-08-06,-6,2,32,2024
3084,1,2024-08-07,-195,2,32,2024
3085,2,2024-08-07,-25,2,32,2024
3086,3,2024-08-07,-12,2,32,2024
3087,4,2024-08-07,-137,2,32,2024
3088,5,2024-08-07,-6,2,32,2024
3089,1,2024-08-08,-157,2,32,2024
3090,2,2024-08-08,-24,2,32,2024
3091,3,2024-08-08,-9,2,32,2024
3092,4,2024-08-08,-119,2,32,2024
3093,5,2024-08-08,-7,2,32,2024
3094,1,2024-08-09,-225,2,32,2024
3095,2,2024-08-09,-28,2,32,2024
3096,3,2024-08-09,-13,2,32,2024
3097,4,2024-08-09,-102,2,32,2024
3098,5,2024-08-09,-5,2,32,2024
3099,1,2024-08-10,-292,2,32,2024
3100,2,2024-08-10,-31,2,32,2024
3101,3,2024-08-10,-12,2,32,2024
3102,4,2024-08-10,-140,2,32,2024
3103,5,2024-08-10,-7,2,32,2024
3104,1,2024-08-11,-254,2,32,2024
3105,2,2024-08-11,-70,2,32,2024
3106,3,2024-08-11,-11,2,32,2024
3107,4,2024-08-11,-123,2,32,2024
3108,5,2024-08-11,-5,2,32,2024
3109,1,2024-08-12,-240,2,33,2024
3110,2,2024-08-12,-32,2,33,2024
3111,3,2024-08-12,-13,2,33,2024
3112,4,2024-08-12,-123,2,33,2024
3113,5,2024-08-12,-5,2,33,2024
3114,1,2024-08-13,-210,2,33,2024
3115,2,2024-08-13,-33,2,33,2024
3116,3,2024-08-13,-11,2,33,2024
3117,4,2024-08-13,-128,2,33,2024
3118,5,2024-08-13,-5,2,33,2024
3119,1,2024-08-14,-195,2,33,2024
3120,2,2024-08-14,-29,2,33,2024
3121,3,2024-08-14,-11,2,33,2024
3122,4,2024-08-14,-171,2,33,2024
3123,5,2024-08-14,-6,2,33,2024
3124,1,2024-08-15,-212,2,33,2024
3125,2,2024-08-15,-25,2,33,2024
3126,3,2024-08-15,-13,2,33,2024
3127,4,2024-08-15,-137,2,33,2024
3128,5,2024-08-15,-6,2,33,2024
3129,1,2024-08-16,-202,2,33,2024
3130,2,2024-08-16,-32,2,33,2024
3131,3,2024-08-16,-12,2,33,2024
3132,4,2024-08-16,-136,2,33,2024
3133,5,2024-08-16,-5,2,33,2024
3134,1,2024-08-17,-225,2,33,2024
3135,2,2024-08-17,-28,2,33,2024
3136,3,2024-08-17,-14,2,33,2024
3137,4,2024-08-17,-106,2,33,2024
3138,5,2024-08-17,-6,2,33,2024
3139,1,2024-08-18,-234,2,33,2024
3140,2,2024-08-18,-31,2,33,2024
3141,3,2024-08-18,-11,2,33,2024
3142,4,2024-08-18,-118,2,33,2024
3143,5,2024-08-18,-6,2,33,2024
3144,1,2024-08-19,-219,2,34,2024
3145,2,2024-08-19,-47,2,34,2024
3146,3,2024-08-19,-13,2,34,2024
3147,4,2024-08-19,-137,2,34,2024
3148,5,2024-08-19,-5,2,34,2024
3149,1,2024-08-20,-124,2,34,2024
3150,2,2024-08-20,-22,2,34,2024
3151,3,2024-08-20,-11,2,34,2024
3152,4,2024-08-20,-114,2,34,2024
3153,5,2024-08-20,-5,2,34,2024
3154,1,2024-08-21,-252,2,34,2024
3155,2,2024-08-21,-23,2,34,2024
3156,3,2024-08-21,-12,2,34,2024
3157,4,2024-08-21,-123,2,34,2024
3158,5,2024-08-21,-7,2,34,2024
3159,1,2024-08-22,-157,2,34,2024
3160,2,2024-08-22,-30,2,34,2024
3161,3,2024-08-22,-12,2,34,2024
3162,4,2024-08-22,-132,2,34,2024
3163,5,2024-08-22,-4,2,34,2024
3164,1,2024-08-23,-230,2,34,2024
3165,2,2024-08-23,-31,2,34,2024
3166,3,2024-08-23,-12,2,34,2024
3167,4,2024-08-23,-133,2,34,2024
3168,5,2024-08-23,-5,2,34,2024
3169,1,2024-08-24,-226,2,34,2024
3170,2,2024-08-24,-34,2,34,2024
3171,3,2024-08-24,-12,2,34,2024
3172,4,2024-08-24,-128,2,34,2024
3173,5,2024-08-24,-5,2,34,2024
3174,1,2024-08-25,-249,2,34,2024
3175,2,2024-08-25,-35,2,34,2024
3176,3,2024-08-25,-12,2,34,2024
3177,4,2024-08-25,-123,2,34,2024
3178,5,2024-08-25,-4,2,34,2024
3179,1,2024-08-26,-185,2,35,2024
3180,2,2024-08-26,-30,2,35,2024
3181,3,2024-08-26,-11,2,35,2024
3182,4,2024-08-26,-106,2,35,2024
3183,5,2024-08-26,-5,2,35,2024
3184,1,2024-08-27,-198,2,35,2024
3185,2,2024-08-27,-26,2,35,2024
3186,3,2024-08-27,-10,2,35,2024
3187,4,2024-08-27,-135,2,35,2024
3188,5,2024-08-27,-6,2,35,2024
3189,1,2024-08-28,-199,2,35,2024
3190,2,2024-08-28,-28,2,35,2024
3191,3,2024-08-28,-13,2,35,2024
3192,4,2024-08-28,-140,2,35,2024
3193,5,2024-08-28,-5,2,35,2024
3194,1,2024-08-29,-180,2,35,2024
3195,2,2024-08-29,-31,2,35,2024
3196,3,2024-08-29,-11,2,35,2024
3197,4,2024-08-29,-147,2,35,2024
3198,5,2024-08-29,-6,2,35,2024
3199,1,2024-08-30,-141,2,35,2024
3200,2,2024-08-30,-25,2,35,2024
3201,3,2024-08-30,-7,2,35,2024
3202,4,2024-08-30,-100,2,35,2024
3203,5,2024-08-30,-4,2,35,2024
3204,1,2024-08-31,-201,2,35,2024
3205,2,2024-08-31,-27,2,35,2024
3206,3,2024-08-31,-13,2,35,2024
3207,4,2024-08-31,-116,2,35,2024
3208,5,2024-08-31,-5,2,35,2024
3209,1,2024-09-01,-370,2,35,2024
3210,2,2024-09-01,-32,2,35,2024
3211,3,2024-09-01,-16,2,35,2024
3212,4,2024-09-01,-190,2,35,2024
3213,5,2024-09-01,-8,2,35,2024
3214,1,2024-09-02,-348,2,36,2024
3215,2,2024-09-02,-46,2,36,2024
3216,3,2024-09-02,-42,2,36,2024
3217,4,2024-09-02,-194,2,36,2024
3218,5,2024-09-02,-10,2,36,2024
3219,1,2024-09-03,-294,2,36,2024
3220,2,2024-09-03,-35,2,36,2024
3221,3,2024-09-03,-13,2,36,2024
3222,4,2024-09-03,-204,2,36,2024
3223,5,2024-09-03,-8,2,36,2024
3224,1,2024-09-04,-287,2,36,2024
3225,2,2024-09-04,-38,2,36,2024
3226,3,2024-09-04,-15,2,36,2024
3227,4,2024-09-04,-119,2,36,2024
3228,5,2024-09-04,-9,2,36,2024
3229,1,2024-09-05,-285,2,36,2024
3230,2,2024-09-05,-35,2,36,2024
3231,3,2024-09-05,-14,2,36,2024
3232,4,2024-09-05,-178,2,36,2024
3233,5,2024-09-05,-7,2,36,2024
3234,1,2024-09-06,-247,2,36,2024
3235,2,2024-09-06,-43,2,36,2024
3236,3,2024-09-06,-15,2,36,2024
3237,4,2024-09-06,-199,2,36,2024
3238,5,2024-09-06,-6,2,36,2024
3239,1,2024-09-07,-301,2,36,2024
3240,2,2024-09-07,-43,2,36,2024
3241,3,2024-09-07,-18,2,36,2024
3242,4,2024-09-07,-155,2,36,2024
3243,5,2024-09-07,-8,2,36,2024
3244,1,2024-09-08,-310,2,36,2024
3245,2,2024-09-08,-41,2,36,2024
3246,3,2024-09-08,-21,2,36,2024
3247,4,2024-09-08,-224,2,36,2024
3248,5,2024-09-08,-5,2,36,2024
3249,1,2024-09-09,-150,2,37,2024
3250,2,2024-09-09,-46,2,37,2024
3251,3,2024-09-09,-14,2,37,2024
3252,4,2024-09-09,-196,2,37,2024
3253,5,2024-09-09,-10,2,37,2024
3254,1,2024-09-10,-256,2,37,2024
3255,2,2024-09-10,-40,2,37,2024
3256,3,2024-09-10,-10,2,37,2024
3257,4,2024-09-10,-242,2,37,2024
3258,5,2024-09-10,-7,2,37,2024
3259,1,2024-09-11,-201,2,37,2024
3260,2,2024-09-11,-32,2,37,2024
3261,3,2024-09-11,-10,2,37,2024
3262,4,2024-09-11,-120,2,37,2024
3263,5,2024-09-11,-5,2,37,2024
3264,1,2024-09-12,-207,2,37,2024
3265,2,2024-09-12,-26,2,37,2024
3266,3,2024-09-12,-12,2,37,2024
3267,4,2024-09-12,-96,2,37,2024
3268,5,2024-09-12,-7,2,37,2024
3269,1,2024-09-13,-168,2,37,2024
3270,2,2024-09-13,-19,2,37,2024
3271,3,2024-09-13,-10,2,37,2024
3272,4,2024-09-13,-153,2,37,2024
3273,5,2024-09-13,-2,2,37,2024
3274,1,2024-09-14,-188,2,37,2024
3275,2,2024-09-14,-27,2,37,2024
3276,3,2024-09-14,-9,2,37,2024
3277,4,2024-09-14,-112,2,37,2024
3278,5,2024-09-14,-8,2,37,2024
3279,1,2024-09-15,-279,2,37,2024
3280,2,2024-09-15,-36,2,37,2024
3281,3,2024-09-15,-13,2,37,2024
3282,4,2024-09-15,-119,2,37,2024
3283,5,2024-09-15,-7,2,37,2024
3284,1,2024-09-16,-229,2,38,2024
3285,2,2024-09-16,-37,2,38,2024
3286,3,2024-09-16,-9,2,38,2024
3287,4,2024-09-16,-132,2,38,2024
3288,5,2024-09-16,-2,2,38,2024
3289,1,2024-09-17,-231,2,38,2024
3290,2,2024-09-17,-28,2,38,2024
3291,3,2024-09-17,-11,2,38,2024
3292,4,2024-09-17,-90,2,38,2024
3293,5,2024-09-17,-5,2,38,2024
3294,1,2024-09-18,-166,2,38,2024
3295,2,2024-09-18,-32,2,38,2024
3296,3,2024-09-18,-9,2,38,2024
3297,4,2024-09-18,-24,2,38,2024
3298,5,2024-09-18,-5,2,38,2024
3299,1,2024-09-19,-165,2,38,2024
3300,2,2024-09-19,-33,2,38,2024
3301,3,2024-09-19,-13,2,38,2024
3302,4,2024-09-19,-124,2,38,2024
3303,5,2024-09-19,-6,2,38,2024
3304,1,2024-09-20,-162,2,38,2024
3305,2,2024-09-20,-22,2,38,2024
3306,3,2024-09-20,-12,2,38,2024
3307,4,2024-09-20,-146,2,38,2024
3308,5,2024-09-20,-4,2,38,2024
3309,1,2024-09-21,-258,2,38,2024
3310,2,2024-09-21,-38,2,38,2024
3311,3,2024-09-21,-12,2,38,2024
3312,4,2024-09-21,-176,2,38,2024
3313,5,2024-09-21,-4,2,38,2024
3314,1,2024-09-22,-175,2,38,2024
3315,2,2024-09-22,-29,2,38,2024
3316,3,2024-09-22,-10,2,38,2024
3317,4,2024-09-22,-129,2,38,2024
3318,5,2024-09-22,-6,2,38,2024
3319,1,2024-09-23,-235,2,39,2024
3320,2,2024-09-23,-34,2,39,2024
3321,3,2024-09-23,-9,2,39,2024
3322,4,2024-09-23,-138,2,39,2024
3323,5,2024-09-23,-6,2,39,2024
3324,1,2024-09-24,-255,2,39,2024
3325,2,2024-09-24,-27,2,39,2024
3326,3,2024-09-24,-12,2,39,2024
3327,4,2024-09-24,-145,2,39,2024
3328,5,2024-09-24,-5,2,39,2024
3329,1,2024-09-25,-185,2,39,2024
3330,2,2024-09-25,-31,2,39,2024
3331,3,2024-09-25,-9,2,39,2024
3332,4,2024-09-25,-101,2,39,2024
3333,5,2024-09-25,-5,2,39,2024
3334,1,2024-09-26,-201,2,39,2024
3335,2,2024-09-26,-27,2,39,2024
3336,3,2024-09-26,-9,2,39,2024
3337,4,2024-09-26,-128,2,39,2024
3338,5,2024-09-26,-5,2,39,2024
3339,1,2024-09-27,-61,2,39,2024
3340,2,2024-09-27,-39,2,39,2024
3341,3,2024-09-27,-14,2,39,2024
3342,4,2024-09-27,-124,2,39,2024
3343,5,2024-09-27,-1,2,39,2024
3344,1,2024-09-28,-209,2,39,2024
3345,2,2024-09-28,-35,2,39,2024
3346,3,2024-09-28,-11,2,39,2024
3347,4,2024-09-28,-85,2,39,2024
3348,5,2024-09-28,-5,2,39,2024
3349,1,2024-09-29,-211,2,39,2024
3350,2,2024-09-29,-35,2,39,2024
3351,3,2024-09-29,-12,2,39,2024
3352,4,2024-09-29,-132,2,39,2024
3353,5,2024-09-29,-5,2,39,2024
3354,1,2024-09-30,-131,2,40,2024
3355,2,2024-09-30,-24,2,40,2024
3356,3,2024-09-30,-10,2,40,2024
3357,4,2024-09-30,-143,2,40,2024
3358,5,2024-09-30,-5,2,40,2024
3359,1,2024-10-01,-234,2,40,2024
3360,2,2024-10-01,-37,2,40,2024
3361,3,2024-10-01,-12,2,40,2024
3362,4,2024-10-01,-133,2,40,2024
3363,5,2024-10-01,-1,2,40,2024
3364,1,2024-10-02,-169,2,40,2024
3365,2,2024-10-02,-34,2,40,2024
3366,3,2024-10-02,-12,2,40,2024
3367,4,2024-10-02,-92,2,40,2024
3368,5,2024-10-02,-6,2,40,2024
3369,1,2024-10-03,-250,2,40,2024
3370,2,2024-10-03,-35,2,40,2024
3371,3,2024-10-03,-10,2,40,2024
3372,4,2024-10-03,-129,2,40,2024
3373,5,2024-10-03,-3,2,40,2024
3374,1,2024-10-04,-159,2,40,2024
3375,2,2024-10-04,-28,2,40,2024
3376,3,2024-10-04,-12,2,40,2024
3377,4,2024-10-04,-133,2,40,2024
3378,5,2024-10-04,-5,2,40,2024
3379,1,2024-10-05,-193,2,40,2024
3380,2,2024-10-05,-33,2,40,2024
3381,3,2024-10-05,-12,2,40,2024
3382,4,2024-10-05,-136,2,40,2024
3383,5,2024-10-05,-3,2,40,2024
3384,1,2024-10-06,-254,2,40,2024
3385,3,2024-10-06,-9,2,40,2024
3386,4,2024-10-06,-90,2,40,2024
3387,5,2024-10-06,-5,2,40,2024
3388,1,2024-10-07,-124,2,41,2024
3389,2,2024-10-07,-36,2,41,2024
3390,3,2024-10-07,-12,2,41,2024
3391,4,2024-10-07,-32,2,41,2024
3392,5,2024-10-07,-5,2,41,2024
3393,1,2024-10-08,-258,2,41,2024
3394,2,2024-10-08,-67,2,41,2024
3395,3,2024-10-08,-12,2,41,2024
3396,4,2024-10-08,-114,2,41,2024
3397,5,2024-10-08,-6,2,41,2024
3398,1,2024-10-09,-223,2,41,2024
3399,2,2024-10-09,-27,2,41,2024
3400,3,2024-10-09,-14,2,41,2024
3401,4,2024-10-09,-141,2,41,2024
3402,5,2024-10-09,-5,2,41,2024
3403,1,2024-10-10,-161,2,41,2024
3404,2,2024-10-10,-30,2,41,2024
3405,3,2024-10-10,-12,2,41,2024
3406,4,2024-10-10,-105,2,41,2024
3407,5,2024-10-10,-6,2,41,2024
3408,1,2024-10-11,-206,2,41,2024
3409,2,2024-10-11,-28,2,41,2024
3410,3,2024-10-11,-11,2,41,2024
3411,4,2024-10-11,-114,2,41,2024
3412,5,2024-10-11,-5,2,41,2024
3413,1,2024-10-12,-210,2,41,2024
3414,2,2024-10-12,-30,2,41,2024
3415,3,2024-10-12,-13,2,41,2024
3416,4,2024-10-12,-110,2,41,2024
3417,5,2024-10-12,-1,2,41,2024
3418,1,2024-10-13,-234,2,41,2024
3419,2,2024-10-13,-26,2,41,2024
3420,3,2024-10-13,-10,2,41,2024
3421,4,2024-10-13,-150,2,41,2024
3422,5,2024-10-13,-6,2,41,2024
3423,1,2024-10-14,-208,2,42,2024
3424,2,2024-10-14,-32,2,42,2024
3425,3,2024-10-14,-27,2,42,2024
3426,4,2024-10-14,-154,2,42,2024
3427,5,2024-10-14,-5,2,42,2024
3428,1,2024-10-15,-183,2,42,2024
3429,2,2024-10-15,-31,2,42,2024
3430,3,2024-10-15,-13,2,42,2024
3431,4,2024-10-15,-136,2,42,2024
3432,5,2024-10-15,-5,2,42,2024
3433,2,2024-10-16,-32,2,42,2024
3434,3,2024-10-16,-13,2,42,2024
3435,4,2024-10-16,-155,2,42,2024
3436,5,2024-10-16,-5,2,42,2024
3437,1,2024-10-17,-227,2,42,2024
3438,2,2024-10-17,-29,2,42,2024
3439,3,2024-10-17,-10,2,42,2024
3440,4,2024-10-17,-140,2,42,2024
3441,5,2024-10-17,-1,2,42,2024
3442,1,2024-10-18,-207,2,42,2024
3443,2,2024-10-18,-26,2,42,2024
3444,3,2024-10-18,-9,2,42,2024
3445,4,2024-10-18,-133,2,42,2024
3446,5,2024-10-18,-5,2,42,2024
3447,1,2024-10-19,-221,2,42,2024
3448,2,2024-10-19,-30,2,42,2024
3449,3,2024-10-19,-10,2,42,2024
3450,4,2024-10-19,-81,2,42,2024
3451,5,2024-10-19,-5,2,42,2024
3452,1,2024-10-20,-217,2,42,2024
3453,2,2024-10-20,-30,2,42,2024
3454,3,2024-10-20,-12,2,42,2024
3455,4,2024-10-20,-167,2,42,2024
3456,5,2024-10-20,-5,2,42,2024
3457,1,2024-10-21,-176,2,43,2024
3458,2,2024-10-21,-28,2,43,2024
3459,3,2024-10-21,-9,2,43,2024
3460,4,2024-10-21,-115,2,43,2024
3461,5,2024-10-21,-4,2,43,2024
3462,1,2024-10-22,-203,2,43,2024
3463,2,2024-10-22,-29,2,43,2024
3464,3,2024-10-22,-12,2,43,2024
3465,4,2024-10-22,-107,2,43,2024
3466,5,2024-10-22,-6,2,43,2024
3467,1,2024-10-23,-198,2,43,2024
3468,2,2024-10-23,-29,2,43,2024
3469,3,2024-10-23,-11,2,43,2024
3470,4,2024-10-23,-141,2,43,2024
3471,5,2024-10-23,-5,2,43,2024
3472,1,2024-10-24,-234,2,43,2024
3473,2,2024-10-24,-32,2,43,2024
3474,3,2024-10-24,-13,2,43,2024
3475,4,2024-10-24,-144,2,43,2024
3476,5,2024-10-24,-4,2,43,2024
3477,1,2024-10-25,-217,2,43,2024
3478,2,2024-10-25,-21,2,43,2024
3479,3,2024-10-25,-11,2,43,2024
3480,4,2024-10-25,-101,2,43,2024
3481,5,2024-10-25,-5,2,43,2024
3482,1,2024-10-26,-219,2,43,2024
3483,2,2024-10-26,-28,2,43,2024
3484,3,2024-10-26,-2,2,43,2024
3485,4,2024-10-26,-122,2,43,2024
3486,5,2024-10-26,-6,2,43,2024
3487,1,2024-10-27,-241,2,43,2024
3488,2,2024-10-27,-30,2,43,2024
3489,3,2024-10-27,-12,2,43,2024
3490,4,2024-10-27,-139,2,43,2024
3491,5,2024-10-27,-5,2,43,2024
3492,1,2024-10-28,-207,2,44,2024
3493,2,2024-10-28,-34,2,44,2024
3494,3,2024-10-28,-14,2,44,2024
3495,4,2024-10-28,-117,2,44,2024
3496,5,2024-10-28,-4,2,44,2024
3497,1,2024-10-29,-207,2,44,2024
3498,2,2024-10-29,-28,2,44,2024
3499,3,2024-10-29,-12,2,44,2024
3500,4,2024-10-29,-83,2,44,2024
3501,5,2024-10-29,-1,2,44,2024
3502,1,2024-10-30,-155,2,44,2024
3503,2,2024-10-30,-28,2,44,2024
3504,3,2024-10-30,-13,2,44,2024
3505,4,2024-10-30,-152,2,44,2024
3506,5,2024-10-30,-6,2,44,2024
3507,1,2024-10-31,-218,2,44,2024
3508,2,2024-10-31,-26,2,44,2024
3509,3,2024-10-31,-12,2,44,2024
3510,4,2024-10-31,-165,2,44,2024
3511,5,2024-10-31,-6,2,44,2024
3512,1,2024-11-01,-214,2,44,2024
3513,2,2024-11-01,-28,2,44,2024
3514,3,2024-11-01,-11,2,44,2024
3515,4,2024-11-01,-134,2,44,2024
3516,5,2024-11-01,-7,2,44,2024
3517,1,2024-11-02,-164,2,44,2024
3518,2,2024-11-02,-32,2,44,2024
3519,3,2024-11-02,-12,2,44,2024
3520,5,2024-11-02,-6,2,44,2024
3521,1,2024-11-03,-255,2,44,2024
3522,2,2024-11-03,-31,2,44,2024
3523,3,2024-11-03,-14,2,44,2024
3524,4,2024-11-03,-142,2,44,2024
3525,5,2024-11-03,-6,2,44,2024
3526,1,2024-11-04,-194,2,45,2024
3527,2,2024-11-04,-27,2,45,2024
3528,3,2024-11-04,-10,2,45,2024
3529,4,2024-11-04,-119,2,45,2024
3530,5,2024-11-04,-4,2,45,2024
3531,1,2024-11-05,-203,2,45,2024
3532,2,2024-11-05,-29,2,45,2024
3533,3,2024-11-05,-14,2,45,2024
3534,4,2024-11-05,-115,2,45,2024
3535,5,2024-11-05,-4,2,45,2024
3536,1,2024-11-06,-185,2,45,2024
3537,2,2024-11-06,-35,2,45,2024
3538,3,2024-11-06,-9,2,45,2024
3539,4,2024-11-06,-128,2,45,2024
3540,5,2024-11-06,-6,2,45,2024
3541,1,2024-11-07,-199,2,45,2024
3542,2,2024-11-07,-27,2,45,2024
3543,3,2024-11-07,-13,2,45,2024
3544,4,2024-11-07,-143,2,45,2024
3545,5,2024-11-07,-6,2,45,2024
3546,1,2024-11-08,-206,2,45,2024
3547,2,2024-11-08,-30,2,45,2024
3548,3,2024-11-08,-15,2,45,2024
3549,4,2024-11-08,-135,2,45,2024
3550,5,2024-11-08,-6,2,45,2024
3551,1,2024-11-09,-223,2,45,2024
3552,2,2024-11-09,-31,2,45,2024
3553,3,2024-11-09,-11,2,45,2024
3554,4,2024-11-09,-160,2,45,2024
3555,5,2024-11-09,-6,2,45,2024
3556,1,2024-11-10,-132,2,45,2024
3557,2,2024-11-10,-26,2,45,2024
3558,3,2024-11-10,-10,2,45,2024
3559,4,2024-11-10,-122,2,45,2024
3560,5,2024-11-10,-7,2,45,2024
3561,1,2024-11-11,-191,2,46,2024
3562,2,2024-11-11,-24,2,46,2024
3563,3,2024-11-11,-9,2,46,2024
3564,4,2024-11-11,-112,2,46,2024
3565,5,2024-11-11,-5,2,46,2024
3566,1,2024-11-12,-267,2,46,2024
3567,2,2024-11-12,-25,2,46,2024
3568,3,2024-11-12,-12,2,46,2024
3569,4,2024-11-12,-109,2,46,2024
3570,5,2024-11-12,-5,2,46,2024
3571,1,2024-11-13,-168,2,46,2024
3572,2,2024-11-13,-30,2,46,2024
3573,3,2024-11-13,-7,2,46,2024
3574,4,2024-11-13,-133,2,46,2024
3575,5,2024-11-13,-6,2,46,2024
3576,1,2024-11-14,-233,2,46,2024
3577,2,2024-11-14,-31,2,46,2024
3578,3,2024-11-14,-11,2,46,2024
3579,4,2024-11-14,-128,2,46,2024
3580,5,2024-11-14,-3,2,46,2024
3581,1,2024-11-15,-175,2,46,2024
3582,2,2024-11-15,-27,2,46,2024
3583,3,2024-11-15,-13,2,46,2024
3584,4,2024-11-15,-132,2,46,2024
3585,5,2024-11-15,-5,2,46,2024
3586,1,2024-11-16,-266,2,46,2024
3587,2,2024-11-16,-28,2,46,2024
3588,3,2024-11-16,-11,2,46,2024
3589,4,2024-11-16,-137,2,46,2024
3590,5,2024-11-16,-7,2,46,2024
3591,1,2024-11-17,-188,2,46,2024
3592,2,2024-11-17,-37,2,46,2024
3593,3,2024-11-17,-8,2,46,2024
3594,4,2024-11-17,-113,2,46,2024
3595,5,2024-11-17,-5,2,46,2024
3596,1,2024-11-18,-159,2,47,2024
3597,2,2024-11-18,-25,2,47,2024
3598,3,2024-11-18,-12,2,47,2024
3599,4,2024-11-18,-114,2,47,2024
3600,5,2024-11-18,-7,2,47,2024
3601,1,2024-11-19,-203,2,47,2024
3602,2,2024-11-19,-34,2,47,2024
3603,3,2024-11-19,-14,2,47,2024
3604,4,2024-11-19,-109,2,47,2024
3605,5,2024-11-19,-5,2,47,2024
3606,1,2024-11-20,-162,2,47,2024
3607,2,2024-11-20,-27,2,47,2024
3608,3,2024-11-20,-11,2,47,2024
3609,4,2024-11-20,-111,2,47,2024
3610,5,2024-11-20,-1,2,47,2024
3611,1,2024-11-21,-136,2,47,2024
3612,2,2024-11-21,-31,2,47,2024
3613,3,2024-11-21,-12,2,47,2024
3614,4,2024-11-21,-133,2,47,2024
3615,5,2024-11-21,-5,2,47,2024
3616,1,2024-11-22,-139,2,47,2024
3617,2,2024-11-22,-26,2,47,2024
3618,3,2024-11-22,-4,2,47,2024
3619,4,2024-11-22,-32,2,47,2024
3620,5,2024-11-22,-6,2,47,2024
3621,1,2024-11-23,-241,2,47,2024
3622,2,2024-11-23,-31,2,47,2024
3623,3,2024-11-23,-11,2,47,2024
3624,4,2024-11-23,-138,2,47,2024
3625,5,2024-11-23,-6,2,47,2024
3626,1,2024-11-24,-271,2,47,2024
3627,2,2024-11-24,-5,2,47,2024
3628,3,2024-11-24,-13,2,47,2024
3629,4,2024-11-24,-104,2,47,2024
3630,5,2024-11-24,-7,2,47,2024
3631,1,2024-11-25,-200,2,48,2024
3632,2,2024-11-25,-24,2,48,2024
3633,3,2024-11-25,-11,2,48,2024
3634,4,2024-11-25,-289,2,48,2024
3635,5,2024-11-25,-5,2,48,2024
3636,1,2024-11-26,-203,2,48,2024
3637,2,2024-11-26,-28,2,48,2024
3638,3,2024-11-26,-16,2,48,2024
3639,4,2024-11-26,-97,2,48,2024
3640,5,2024-11-26,-5,2,48,2024
3641,1,2024-11-27,-236,2,48,2024
3642,2,2024-11-27,-33,2,48,2024
3643,3,2024-11-27,-8,2,48,2024
3644,4,2024-11-27,-170,2,48,2024
3645,5,2024-11-27,-4,2,48,2024
3646,1,2024-11-28,-230,2,48,2024
3647,3,2024-11-28,-12,2,48,2024
3648,4,2024-11-28,-115,2,48,2024
3649,1,2024-11-29,-159,2,48,2024
3650,2,2024-11-29,-30,2,48,2024
3651,3,2024-11-29,-10,2,48,2024
3652,4,2024-11-29,-152,2,48,2024
3653,5,2024-11-29,-7,2,48,2024
3654,1,2024-11-30,-244,2,48,2024
3655,2,2024-11-30,-28,2,48,2024
3656,3,2024-11-30,-12,2,48,2024
3657,4,2024-11-30,-126,2,48,2024
3658,5,2024-11-30,-6,2,48,2024
3659,1,2024-12-01,-208,2,48,2024
3660,2,2024-12-01,-36,2,48,2024
3661,3,2024-12-01,-12,2,48,2024
3662,4,2024-12-01,-108,2,48,2024
3663,5,2024-12-01,-5,2,48,2024
3664,1,2024-12-02,-227,2,49,2024
3665,2,2024-12-02,-12,2,49,2024
3666,3,2024-12-02,-11,2,49,2024
3667,4,2024-12-02,-120,2,49,2024
3668,5,2024-12-02,-5,2,49,2024
3669,1,2024-12-03,-202,2,49,2024
3670,2,2024-12-03,-24,2,49,2024
3671,3,2024-12-03,-12,2,49,2024
3672,4,2024-12-03,-132,2,49,2024
3673,5,2024-12-03,-5,2,49,2024
3674,1,2024-12-04,-175,2,49,2024
3675,2,2024-12-04,-28,2,49,2024
3676,3,2024-12-04,-12,2,49,2024
3677,4,2024-12-04,-151,2,49,2024
3678,5,2024-12-04,-6,2,49,2024
3679,1,2024-12-05,-201,2,49,2024
3680,2,2024-12-05,-30,2,49,2024
3681,3,2024-12-05,-11,2,49,2024
3682,4,2024-12-05,-136,2,49,2024
3683,5,2024-12-05,-5,2,49,2024
3684,1,2024-12-06,-178,2,49,2024
3685,2,2024-12-06,-28,2,49,2024
3686,3,2024-12-06,-15,2,49,2024
3687,4,2024-12-06,-142,2,49,2024
3688,5,2024-12-06,-7,2,49,2024
3689,1,2024-12-07,-193,2,49,2024
3690,2,2024-12-07,-27,2,49,2024
3691,3,2024-12-07,-9,2,49,2024
3692,4,2024-12-07,-118,2,49,2024
3693,5,2024-12-07,-12,2,49,2024
3694,1,2024-12-08,-240,2,49,2024
3695,2,2024-12-08,-22,2,49,2024
3696,3,2024-12-08,-11,2,49,2024
3697,4,2024-12-08,-159,2,49,2024
3698,5,2024-12-08,-5,2,49,2024
3699,1,2024-12-09,-169,2,50,2024
3700,2,2024-12-09,-28,2,50,2024
3701,3,2024-12-09,-12,2,50,2024
3702,4,2024-12-09,-127,2,50,2024
3703,5,2024-12-09,-6,2,50,2024
3704,1,2024-12-10,-199,2,50,2024
3705,2,2024-12-10,-25,2,50,2024
3706,3,2024-12-10,-14,2,50,2024
3707,4,2024-12-10,-126,2,50,2024
3708,5,2024-12-10,-6,2,50,2024
3709,2,2024-12-11,-35,2,50,2024
3710,3,2024-12-11,-5,2,50,2024
3711,4,2024-12-11,-123,2,50,2024
3712,5,2024-12-11,-6,2,50,2024
3713,1,2024-12-12,-184,2,50,2024
3714,2,2024-12-12,-35,2,50,2024
3715,3,2024-12-12,-12,2,50,2024
3716,4,2024-12-12,-105,2,50,2024
3717,5,2024-12-12,-5,2,50,2024
3718,1,2024-12-13,-214,2,50,2024
3719,2,2024-12-13,-33,2,50,2024
3720,3,2024-12-13,-12,2,50,2024
3721,4,2024-12-13,-134,2,50,2024
3722,5,2024-12-13,-4,2,50,2024
3723,1,2024-12-14,-216,2,50,2024
3724,2,2024-12-14,-53,2,50,2024
3725,3,2024-12-14,-12,2,50,2024
3726,4,2024-12-14,-124,2,50,2024
3727,5,2024-12-14,-5,2,50,2024
3728,1,2024-12-15,-240,2,50,2024
3729,2,2024-12-15,-60,2,50,2024
3730,3,2024-12-15,-11,2,50,2024
3731,4,2024-12-15,-130,2,50,2024
3732,5,2024-12-15,-5,2,50,2024
3733,1,2024-12-16,-229,2,51,2024
3734,2,2024-12-16,-30,2,51,2024
3735,3,2024-12-16,-10,2,51,2024
3736,4,2024-12-16,-117,2,51,2024
3737,5,2024-12-16,-5,2,51,2024
3738,1,2024-12-17,-207,2,51,2024
3739,2,2024-12-17,-28,2,51,2024
3740,3,2024-12-17,-11,2,51,2024
3741,4,2024-12-17,-105,2,51,2024
3742,5,2024-12-17,-5,2,51,2024
3743,1,2024-12-18,-194,2,51,2024
3744,2,2024-12-18,-25,2,51,2024
3745,3,2024-12-18,-13,2,51,2024
3746,4,2024-12-18,-136,2,51,2024
3747,5,2024-12-18,-6,2,51,2024
3748,1,2024-12-19,-174,2,51,2024
3749,2,2024-12-19,-32,2,51,2024
3750,3,2024-12-19,-13,2,51,2024
3751,4,2024-12-19,-155,2,51,2024
3752,5,2024-12-19,-6,2,51,2024
3753,1,2024-12-20,-81,2,51,2024
3754,2,2024-12-20,-22,2,51,2024
3755,3,2024-12-20,-13,2,51,2024
3756,4,2024-12-20,-170,2,51,2024
3757,5,2024-12-20,-5,2,51,2024
3758,1,2024-12-21,-182,2,51,2024
3759,2,2024-12-21,-27,2,51,2024
3760,3,2024-12-21,-14,2,51,2024
3761,4,2024-12-21,-119,2,51,2024
3762,5,2024-12-21,-6,2,51,2024
3763,1,2024-12-22,-252,2,51,2024
3764,3,2024-12-22,-12,2,51,2024
3765,4,2024-12-22,-119,2,51,2024
3766,5,2024-12-22,-5,2,51,2024
3767,1,2024-12-23,-175,2,52,2024
3768,2,2024-12-23,-36,2,52,2024
3769,3,2024-12-23,-13,2,52,2024
3770,4,2024-12-23,-234,2,52,2024
3771,5,2024-12-23,-5,2,52,2024
3772,1,2024-12-24,-416,2,52,2024
3773,2,2024-12-24,-59,2,52,2024
3774,3,2024-12-24,-23,2,52,2024
3775,4,2024-12-24,-291,2,52,2024
3776,5,2024-12-24,-9,2,52,2024
3777,1,2024-12-25,-385,2,52,2024
3778,2,2024-12-25,-58,2,52,2024
3779,3,2024-12-25,-27,2,52,2024
3780,4,2024-12-25,-254,2,52,2024
3781,5,2024-12-25,-14,2,52,2024
3782,1,2024-12-26,-465,2,52,2024
3783,2,2024-12-26,-61,2,52,2024
3784,3,2024-12-26,-18,2,52,2024
3785,4,2024-12-26,-323,2,52,2024
3786,5,2024-12-26,-11,2,52,2024
3787,1,2024-12-27,-579,2,52,2024
3788,2,2024-12-27,-50,2,52,2024
3789,3,2024-12-27,-19,2,52,2024
3790,4,2024-12-27,-282,2,52,2024
3791,5,2024-12-27,-13,2,52,2024
3792,1,2024-12-28,-462,2,52,2024
3793,2,2024-12-28,-58,2,52,2024
3794,3,2024-12-28,-8,2,52,2024
3795,4,2024-12-28,-304,2,52,2024
3796,5,2024-12-28,-7,2,52,2024
3797,1,2024-12-29,-501,2,52,2024
3798,2,2024-12-29,-61,2,52,2024
3799,3,2024-12-29,-49,2,52,2024
3800,4,2024-12-29,-193,2,52,2024
3801,5,2024-12-29,-9,2,52,2024
3802,1,2024-12-30,-391,2,1,2024
3803,2,2024-12-30,-54,2,1,2024
3804,3,2024-12-30,-18,2,1,2024
3805,4,2024-12-30,-290,2,1,2024
3806,5,2024-12-30,-2,2,1,2024
3807,1,2024-12-31,-417,2,1,2024
3808,2,2024-12-31,-50,2,1,2024
3809,3,2024-12-31,-15,2,1,2024
3810,4,2024-12-31,-209,2,1,2024
3811,5,2024-12-31,-11,2,1,2024
3812,1,2025-01-01,-314,2,1,2025
3813,2,2025-01-01,-38,2,1,2025
3814,3,2025-01-01,-16,2,1,2025
3815,4,2025-01-01,-165,2,1,2025
3816,5,2025-01-01,-9,2,1,2025
3817,1,2025-01-02,-279,2,1,2025
3818,2,2025-01-02,-47,2,1,2025
3819,3,2025-01-02,-17,2,1,2025
3820,4,2025-01-02,-204,2,1,2025
3821,5,2025-01-02,-7,2,1,2025
3822,1,2025-01-03,-237,2,1,2025
3823,2,2025-01-03,-46,2,1,2025
3824,3,2025-01-03,-18,2,1,2025
3825,4,2025-01-03,-183,2,1,2025
3826,5,2025-01-03,-10,2,1,2025
3827,1,2025-01-04,-220,2,1,2025
3828,2,2025-01-04,-36,2,1,2025
3829,3,2025-01-04,-12,2,1,2025
3830,4,2025-01-04,-98,2,1,2025
3831,1,2025-01-05,-256,2,1,2025
3832,2,2025-01-05,-22,2,1,2025
3833,3,2025-01-05,-9,2,1,2025
3834,4,2025-01-05,-116,2,1,2025
3835,5,2025-01-05,-6,2,1,2025
3836,1,2025-01-06,-182,2,2,2025
3837,2,2025-01-06,-29,2,2,2025
3838,3,2025-01-06,-9,2,2,2025
3839,4,2025-01-06,-131,2,2,2025
3840,5,2025-01-06,-4,2,2,2025
3841,1,2025-01-07,-192,2,2,2025
3842,2,2025-01-07,-32,2,2,2025
3843,3,2025-01-07,-12,2,2,2025
3844,4,2025-01-07,-150,2,2,2025
3845,5,2025-01-07,-5,2,2,2025
3846,1,2025-01-08,-192,2,2,2025
3847,3,2025-01-08,-12,2,2,2025
3848,4,2025-01-08,-114,2,2,2025
3849,5,2025-01-08,-4,2,2,2025
3850,1,2025-01-09,-229,2,2,2025
3851,2,2025-01-09,-37,2,2,2025
3852,3,2025-01-09,-12,2,2,2025
3853,4,2025-01-09,-146,2,2,2025
3854,5,2025-01-09,-5,2,2,2025
3855,1,2025-01-10,-153,2,2,2025
3856,2,2025-01-10,-24,2,2,2025
3857,3,2025-01-10,-10,2,2,2025
3858,4,2025-01-10,-145,2,2,2025
3859,5,2025-01-10,-5,2,2,2025
3860,1,2025-01-11,-213,2,2,2025
3861,2,2025-01-11,-34,2,2,2025
3862,3,2025-01-11,-5,2,2,2025
3863,4,2025-01-11,-132,2,2,2025
3864,5,2025-01-11,-6,2,2,2025
3865,1,2025-01-12,-234,2,2,2025
3866,2,2025-01-12,-67,2,2,2025
3867,3,2025-01-12,-13,2,2,2025
3868,4,2025-01-12,-164,2,2,2025
3869,5,2025-01-12,-6,2,2,2025
3870,1,2025-01-13,-223,2,3,2025
3871,2,2025-01-13,-77,2,3,2025
3872,3,2025-01-13,-11,2,3,2025
3873,4,2025-01-13,-124,2,3,2025
3874,5,2025-01-13,-5,2,3,2025
3875,1,2025-01-14,-169,2,3,2025
3876,2,2025-01-14,-27,2,3,2025
3877,3,2025-01-14,-12,2,3,2025
3878,4,2025-01-14,-271,2,3,2025
3879,5,2025-01-14,-4,2,3,2025
3880,1,2025-01-15,-189,2,3,2025
3881,2,2025-01-15,-23,2,3,2025
3882,3,2025-01-15,-10,2,3,2025
3883,4,2025-01-15,-100,2,3,2025
3884,5,2025-01-15,-6,2,3,2025
3885,1,2025-01-16,-158,2,3,2025
3886,2,2025-01-16,-24,2,3,2025
3887,3,2025-01-16,-14,2,3,2025
3888,4,2025-01-16,-111,2,3,2025
3889,5,2025-01-16,-6,2,3,2025
3890,1,2025-01-17,-235,2,3,2025
3891,2,2025-01-17,-30,2,3,2025
3892,3,2025-01-17,-15,2,3,2025
3893,4,2025-01-17,-118,2,3,2025
3894,5,2025-01-17,-7,2,3,2025
3895,1,2025-01-18,-238,2,3,2025
3896,2,2025-01-18,-35,2,3,2025
3897,3,2025-01-18,-12,2,3,2025
3898,4,2025-01-18,-129,2,3,2025
3899,5,2025-01-18,-5,2,3,2025
3900,1,2025-01-19,-263,2,3,2025
3901,2,2025-01-19,-28,2,3,2025
3902,3,2025-01-19,-12,2,3,2025
3903,4,2025-01-19,-106,2,3,2025
3904,5,2025-01-19,-7,2,3,2025
3905,1,2025-01-20,-214,2,4,2025
3906,2,2025-01-20,-30,2,4,2025
3907,3,2025-01-20,-11,2,4,2025
3908,4,2025-01-20,-234,2,4,2025
3909,5,2025-01-20,-6,2,4,2025
3910,1,2025-01-21,-194,2,4,2025
3911,2,2025-01-21,-30,2,4,2025
3912,3,2025-01-21,-12,2,4,2025
3913,4,2025-01-21,-111,2,4,2025
3914,5,2025-01-21,-13,2,4,2025
3915,1,2025-01-22,-216,2,4,2025
3916,2,2025-01-22,-33,2,4,2025
3917,3,2025-01-22,-5,2,4,2025
3918,4,2025-01-22,-159,2,4,2025
3919,5,2025-01-22,-5,2,4,2025
3920,1,2025-01-23,-163,2,4,2025
3921,2,2025-01-23,-29,2,4,2025
3922,4,2025-01-23,-135,2,4,2025
3923,5,2025-01-23,-6,2,4,2025
3924,1,2025-01-24,-187,2,4,2025
3925,2,2025-01-24,-18,2,4,2025
3926,3,2025-01-24,-14,2,4,2025
3927,4,2025-01-24,-123,2,4,2025
3928,5,2025-01-24,-5,2,4,2025
3929,1,2025-01-25,-239,2,4,2025
3930,2,2025-01-25,-27,2,4,2025
3931,3,2025-01-25,-13,2,4,2025
3932,4,2025-01-25,-140,2,4,2025
3933,5,2025-01-25,-6,2,4,2025
3934,1,2025-01-26,-271,2,4,2025
3935,2,2025-01-26,-30,2,4,2025
3936,3,2025-01-26,-13,2,4,2025
3937,4,2025-01-26,-122,2,4,2025
3938,5,2025-01-26,-6,2,4,2025
3939,1,2025-01-27,-433,2,5,2025
3940,2,2025-01-27,-51,2,5,2025
3941,3,2025-01-27,-7,2,5,2025
3942,4,2025-01-27,-97,2,5,2025
3943,5,2025-01-27,-7,2,5,2025
3944,1,2025-01-28,-196,2,5,2025
3945,2,2025-01-28,-19,2,5,2025
3946,3,2025-01-28,-9,2,5,2025
3947,4,2025-01-28,-159,2,5,2025
3948,5,2025-01-28,-5,2,5,2025
3949,1,2025-01-29,-219,2,5,2025
3950,2,2025-01-29,-27,2,5,2025
3951,3,2025-01-29,-10,2,5,2025
3952,4,2025-01-29,-152,2,5,2025
3953,5,2025-01-29,-5,2,5,2025
3954,1,2025-01-30,-183,2,5,2025
3955,2,2025-01-30,-30,2,5,2025
3956,3,2025-01-30,-14,2,5,2025
3957,4,2025-01-30,-127,2,5,2025
3958,5,2025-01-30,-4,2,5,2025
3959,1,2025-01-31,-60,2,5,2025
3960,2,2025-01-31,-32,2,5,2025
3961,3,2025-01-31,-4,2,5,2025
3962,4,2025-01-31,-102,2,5,2025
3963,5,2025-01-31,-5,2,5,2025
3964,1,2025-02-01,-278,2,5,2025
3965,2,2025-02-01,-36,2,5,2025
3966,3,2025-02-01,-11,2,5,2025
3967,4,2025-02-01,-55,2,5,2025
3968,5,2025-02-01,-6,2,5,2025
3969,1,2025-02-02,-216,2,5,2025
3970,2,2025-02-02,-27,2,5,2025
3971,3,2025-02-02,-10,2,5,2025
3972,4,2025-02-02,-117,2,5,2025
3973,5,2025-02-02,-7,2,5,2025
3974,1,2025-02-03,-391,2,6,2025
3975,2,2025-02-03,-31,2,6,2025
3976,3,2025-02-03,-12,2,6,2025
3977,4,2025-02-03,-152,2,6,2025
3978,5,2025-02-03,-4,2,6,2025
3979,1,2025-02-04,-419,2,6,2025
3980,2,2025-02-04,-36,2,6,2025
3981,3,2025-02-04,-12,2,6,2025
3982,4,2025-02-04,-145,2,6,2025
3983,5,2025-02-04,-5,2,6,2025
3984,1,2025-02-05,-579,2,6,2025
3985,2,2025-02-05,-32,2,6,2025
3986,3,2025-02-05,-13,2,6,2025
3987,4,2025-02-05,-132,2,6,2025
3988,5,2025-02-05,-4,2,6,2025
3989,1,2025-02-06,-72,2,6,2025
3990,2,2025-02-06,-23,2,6,2025
3991,3,2025-02-06,-13,2,6,2025
3992,4,2025-02-06,-155,2,6,2025
3993,5,2025-02-06,-5,2,6,2025
3994,1,2025-02-07,-208,2,6,2025
3995,2,2025-02-07,-52,2,6,2025
3996,3,2025-02-07,-12,2,6,2025
3997,4,2025-02-07,-44,2,6,2025
3998,5,2025-02-07,-4,2,6,2025
3999,1,2025-02-08,-262,2,6,2025
4000,2,2025-02-08,-29,2,6,2025
4001,3,2025-02-08,-10,2,6,2025
4002,4,2025-02-08,-56,2,6,2025
4003,5,2025-02-08,-5,2,6,2025
4004,1,2025-02-09,-220,2,6,2025
4005,2,2025-02-09,-36,2,6,2025
4006,3,2025-02-09,-10,2,6,2025
4007,4,2025-02-09,-118,2,6,2025
4008,5,2025-02-09,-4,2,6,2025
4009,1,2025-02-10,-197,2,7,2025
4010,2,2025-02-10,-11,2,7,2025
4011,3,2025-02-10,-10,2,7,2025
4012,4,2025-02-10,-103,2,7,2025
4013,5,2025-02-10,-4,2,7,2025
4014,1,2025-02-11,-212,2,7,2025
4015,2,2025-02-11,-38,2,7,2025
4016,3,2025-02-11,-4,2,7,2025
4017,4,2025-02-11,-147,2,7,2025
4018,5,2025-02-11,-5,2,7,2025
4019,1,2025-02-12,-180,2,7,2025
4020,2,2025-02-12,-29,2,7,2025
4021,3,2025-02-12,-11,2,7,2025
4022,4,2025-02-12,-146,2,7,2025
4023,5,2025-02-12,-5,2,7,2025
4024,1,2025-02-13,-217,2,7,2025
4025,2,2025-02-13,-29,2,7,2025
4026,3,2025-02-13,-11,2,7,2025
4027,4,2025-02-13,-123,2,7,2025
4028,5,2025-02-13,-6,2,7,2025
4029,1,2025-02-14,-179,2,7,2025
4030,2,2025-02-14,-32,2,7,2025
4031,3,2025-02-14,-12,2,7,2025
4032,4,2025-02-14,-130,2,7,2025
4033,5,2025-02-14,-5,2,7,2025
4034,1,2025-02-15,-182,2,7,2025
4035,2,2025-02-15,-29,2,7,2025
4036,3,2025-02-15,-10,2,7,2025
4037,4,2025-02-15,-95,2,7,2025
4038,5,2025-02-15,-6,2,7,2025
4039,1,2025-02-16,-58,2,7,2025
4040,2,2025-02-16,-26,2,7,2025
4041,3,2025-02-16,-10,2,7,2025
4042,4,2025-02-16,-110,2,7,2025
4043,5,2025-02-16,-5,2,7,2025
4044,1,2025-02-17,-228,2,8,2025
4045,2,2025-02-17,-25,2,8,2025
4046,3,2025-02-17,-10,2,8,2025
4047,4,2025-02-17,-160,2,8,2025
4048,1,2025-02-18,-218,2,8,2025
4049,2,2025-02-18,-34,2,8,2025
4050,4,2025-02-18,-143,2,8,2025
4051,5,2025-02-18,-6,2,8,2025
4052,1,2025-02-19,-130,2,8,2025
4053,2,2025-02-19,-26,2,8,2025
4054,3,2025-02-19,-12,2,8,2025
4055,4,2025-02-19,-148,2,8,2025
4056,5,2025-02-19,-4,2,8,2025
4057,1,2025-02-20,-226,2,8,2025
4058,2,2025-02-20,-31,2,8,2025
4059,3,2025-02-20,-9,2,8,2025
4060,4,2025-02-20,-138,2,8,2025
4061,5,2025-02-20,-6,2,8,2025
4062,1,2025-02-21,-231,2,8,2025
4063,2,2025-02-21,-27,2,8,2025
4064,3,2025-02-21,-8,2,8,2025
4065,4,2025-02-21,-118,2,8,2025
4066,5,2025-02-21,-5,2,8,2025
4067,1,2025-02-22,-316,2,8,2025
4068,2,2025-02-22,-29,2,8,2025
4069,3,2025-02-22,-4,2,8,2025
4070,4,2025-02-22,-140,2,8,2025
4071,5,2025-02-22,-5,2,8,2025
4072,1,2025-02-23,-208,2,8,2025
4073,2,2025-02-23,-82,2,8,2025
4074,3,2025-02-23,-10,2,8,2025
4075,4,2025-02-23,-156,2,8,2025
4076,5,2025-02-23,-5,2,8,2025
4077,1,2025-02-24,-222,2,9,2025
4078,2,2025-02-24,-34,2,9,2025
4079,3,2025-02-24,-11,2,9,2025
4080,4,2025-02-24,-129,2,9,2025
4081,5,2025-02-24,-5,2,9,2025
4082,1,2025-02-25,-166,2,9,2025
4083,2,2025-02-25,-27,2,9,2025
4084,3,2025-02-25,-12,2,9,2025
4085,4,2025-02-25,-137,2,9,2025
4086,5,2025-02-25,-7,2,9,2025
4087,1,2025-02-26,-412,2,9,2025
4088,2,2025-02-26,-27,2,9,2025
4089,3,2025-02-26,-12,2,9,2025
4090,4,2025-02-26,-116,2,9,2025
4091,5,2025-02-26,-6,2,9,2025
4092,1,2025-02-27,-190,2,9,2025
4093,2,2025-02-27,-29,2,9,2025
4094,3,2025-02-27,-11,2,9,2025
4095,4,2025-02-27,-160,2,9,2025
4096,5,2025-02-27,-5,2,9,2025
4097,1,2025-02-28,-165,2,9,2025
4098,2,2025-02-28,-34,2,9,2025
4099,3,2025-02-28,-10,2,9,2025
4100,4,2025-02-28,-110,2,9,2025
4101,5,2025-02-28,-6,2,9,2025
4102,1,2025-03-01,-458,2,9,2025
4103,2,2025-03-01,-36,2,9,2025
4104,3,2025-03-01,-10,2,9,2025
4105,4,2025-03-01,-159,2,9,2025
4106,5,2025-03-01,-4,2,9,2025
4107,2,2025-03-02,-80,2,9,2025
4108,3,2025-03-02,-7,2,9,2025
4109,4,2025-03-02,-115,2,9,2025
4110,5,2025-03-02,-4,2,9,2025
4111,1,2025-03-03,-205,2,10,2025
4112,2,2025-03-03,-34,2,10,2025
4113,3,2025-03-03,-14,2,10,2025
4114,4,2025-03-03,-166,2,10,2025
4115,5,2025-03-03,-4,2,10,2025
4116,1,2025-03-04,-211,2,10,2025
4117,2,2025-03-04,-32,2,10,2025
4118,3,2025-03-04,-9,2,10,2025
4119,4,2025-03-04,-139,2,10,2025
4120,5,2025-03-04,-5,2,10,2025
4121,1,2025-03-05,-144,2,10,2025
4122,2,2025-03-05,-31,2,10,2025
4123,3,2025-03-05,-8,2,10,2025
4124,4,2025-03-05,-168,2,10,2025
4125,5,2025-03-05,-6,2,10,2025
4126,1,2025-03-06,-247,2,10,2025
4127,2,2025-03-06,-38,2,10,2025
4128,3,2025-03-06,-13,2,10,2025
4129,4,2025-03-06,-86,2,10,2025
4130,5,2025-03-06,-7,2,10,2025
4131,1,2025-03-07,-237,2,10,2025
4132,2,2025-03-07,-29,2,10,2025
4133,3,2025-03-07,-15,2,10,2025
4134,4,2025-03-07,-128,2,10,2025
4135,5,2025-03-07,-5,2,10,2025
4136,1,2025-03-08,-281,2,10,2025
4137,2,2025-03-08,-28,2,10,2025
4138,3,2025-03-08,-12,2,10,2025
4139,4,2025-03-08,-142,2,10,2025
4140,5,2025-03-08,-4,2,10,2025
4141,1,2025-03-09,-239,2,10,2025
4142,2,2025-03-09,-32,2,10,2025
4143,3,2025-03-09,-12,2,10,2025
4144,4,2025-03-09,-140,2,10,2025
4145,5,2025-03-09,-7,2,10,2025
4146,1,2025-03-10,-364,2,11,2025
4147,2,2025-03-10,-58,2,11,2025
4148,3,2025-03-10,-21,2,11,2025
4149,4,2025-03-10,-277,2,11,2025
4150,5,2025-03-10,-7,2,11,2025
4151,1,2025-03-11,-367,2,11,2025
4152,2,2025-03-11,-56,2,11,2025
4153,3,2025-03-11,-14,2,11,2025
4154,4,2025-03-11,-182,2,11,2025
4155,5,2025-03-11,-11,2,11,2025
4156,1,2025-03-12,-368,2,11,2025
4157,2,2025-03-12,-65,2,11,2025
4158,3,2025-03-12,-20,2,11,2025
4159,4,2025-03-12,-248,2,11,2025
4160,5,2025-03-12,-8,2,11,2025
4161,1,2025-03-13,-334,2,11,2025
4162,2,2025-03-13,-48,2,11,2025
4163,3,2025-03-13,-22,2,11,2025
4164,4,2025-03-13,-243,2,11,2025
4165,5,2025-03-13,-10,2,11,2025
4166,1,2025-03-14,-359,2,11,2025
4167,2,2025-03-14,-52,2,11,2025
4168,3,2025-03-14,-26,2,11,2025
4169,4,2025-03-14,-183,2,11,2025
4170,5,2025-03-14,-11,2,11,2025
4171,1,2025-03-15,-431,2,11,2025
4172,2,2025-03-15,-55,2,11,2025
4173,3,2025-03-15,-23,2,11,2025
4174,4,2025-03-15,-107,2,11,2025
4175,5,2025-03-15,-11,2,11,2025
4176,1,2025-03-16,-347,2,11,2025
4177,2,2025-03-16,-50,2,11,2025
4178,3,2025-03-16,-16,2,11,2025
4179,4,2025-03-16,-307,2,11,2025
4180,5,2025-03-16,-10,2,11,2025
4181,1,2025-03-17,-389,2,12,2025
4182,2,2025-03-17,-63,2,12,2025
4183,3,2025-03-17,-23,2,12,2025
4184,4,2025-03-17,-251,2,12,2025
4185,5,2025-03-17,-11,2,12,2025
4186,1,2025-03-18,-348,2,12,2025
4187,2,2025-03-18,-47,2,12,2025
4188,3,2025-03-18,-24,2,12,2025
4189,4,2025-03-18,-263,2,12,2025
4190,5,2025-03-18,-10,2,12,2025
4191,1,2025-03-19,-376,2,12,2025
4192,2,2025-03-19,-42,2,12,2025
4193,3,2025-03-19,-20,2,12,2025
4194,4,2025-03-19,-193,2,12,2025
4195,5,2025-03-19,-9,2,12,2025
4196,1,2025-03-20,-351,2,12,2025
4197,2,2025-03-20,-54,2,12,2025
4198,3,2025-03-20,-23,2,12,2025
4199,4,2025-03-20,-279,2,12,2025
4200,5,2025-03-20,-10,2,12,2025
4201,1,2025-03-21,-412,2,12,2025
4202,2,2025-03-21,-122,2,12,2025
4203,3,2025-03-21,-24,2,12,2025
4204,4,2025-03-21,-422,2,12,2025
4205,5,2025-03-21,-10,2,12,2025
4206,1,2025-03-22,-579,2,12,2025
4207,2,2025-03-22,-52,2,12,2025
4208,3,2025-03-22,-19,2,12,2025
4209,4,2025-03-22,-254,2,12,2025
4210,5,2025-03-22,-8,2,12,2025
4211,1,2025-03-23,-479,2,12,2025
4212,2,2025-03-23,-20,2,12,2025
4213,3,2025-03-23,-46,2,12,2025
4214,4,2025-03-23,-579,2,12,2025
4215,5,2025-03-23,-10,2,12,2025
4216,1,2025-03-24,-397,2,13,2025
4217,2,2025-03-24,-61,2,13,2025
4218,3,2025-03-24,-21,2,13,2025
4219,4,2025-03-24,-297,2,13,2025
4220,5,2025-03-24,-13,2,13,2025
4221,1,2025-03-25,-325,2,13,2025
4222,2,2025-03-25,-68,2,13,2025
4223,3,2025-03-25,-19,2,13,2025
4224,4,2025-03-25,-167,2,13,2025
4225,5,2025-03-25,-11,2,13,2025
4226,1,2025-03-26,-340,2,13,2025
4227,2,2025-03-26,-46,2,13,2025
4228,3,2025-03-26,-26,2,13,2025
4229,4,2025-03-26,-177,2,13,2025
4230,5,2025-03-26,-9,2,13,2025
4231,1,2025-03-27,-424,2,13,2025
4232,2,2025-03-27,-54,2,13,2025
4233,3,2025-03-27,-17,2,13,2025
4234,4,2025-03-27,-114,2,13,2025
4235,5,2025-03-27,-10,2,13,2025
4236,1,2025-03-28,-320,2,13,2025
4237,2,2025-03-28,-63,2,13,2025
4238,3,2025-03-28,-30,2,13,2025
4239,4,2025-03-28,-228,2,13,2025
4240,5,2025-03-28,-12,2,13,2025
4241,1,2025-03-29,-434,2,13,2025
4242,2,2025-03-29,-47,2,13,2025
4243,3,2025-03-29,-19,2,13,2025
4244,4,2025-03-29,-250,2,13,2025
4245,5,2025-03-29,-27,2,13,2025
4246,1,2025-03-30,-169,2,13,2025
4247,2,2025-03-30,-37,2,13,2025
4248,3,2025-03-30,-21,2,13,2025
4249,4,2025-03-30,-177,2,13,2025
4250,5,2025-03-30,-10,2,13,2025
4251,1,2025-03-31,-473,2,14,2025
4252,2,2025-03-31,-53,2,14,2025
4253,3,2025-03-31,-16,2,14,2025
4254,4,2025-03-31,-182,2,14,2025
4255,5,2025-03-31,-10,2,14,2025
4256,1,2025-04-01,-334,2,14,2025
4257,2,2025-04-01,-83,2,14,2025
4258,3,2025-04-01,-24,2,14,2025
4259,4,2025-04-01,-240,2,14,2025
4260,5,2025-04-01,-11,2,14,2025
4261,1,2025-04-02,-499,2,14,2025
4262,2,2025-04-02,-57,2,14,2025
4263,3,2025-04-02,-39,2,14,2025
4264,4,2025-04-02,-276,2,14,2025
4265,5,2025-04-02,-12,2,14,2025
4266,1,2025-04-03,-463,2,14,2025
4267,2,2025-04-03,-49,2,14,2025
4268,3,2025-04-03,-24,2,14,2025
4269,4,2025-04-03,-277,2,14,2025
4270,5,2025-04-03,-14,2,14,2025
4271,1,2025-04-04,-451,2,14,2025
4272,2,2025-04-04,-74,2,14,2025
4273,3,2025-04-04,-26,2,14,2025
4274,4,2025-04-04,-275,2,14,2025
4275,5,2025-04-04,-11,2,14,2025
4276,1,2025-04-05,-510,2,14,2025
4277,2,2025-04-05,-65,2,14,2025
4278,3,2025-04-05,-26,2,14,2025
4279,4,2025-04-05,-273,2,14,2025
4280,5,2025-04-05,-13,2,14,2025
4281,1,2025-04-06,-579,2,14,2025
4282,2,2025-04-06,-70,2,14,2025
4283,3,2025-04-06,-24,2,14,2025
4284,4,2025-04-06,-260,2,14,2025
4285,5,2025-04-06,-12,2,14,2025
4286,1,2025-04-07,-458,2,15,2025
4287,2,2025-04-07,-48,2,15,2025
4288,3,2025-04-07,-29,2,15,2025
4289,4,2025-04-07,-248,2,15,2025
4290,5,2025-04-07,-13,2,15,2025
4291,1,2025-04-08,-447,2,15,2025
4292,2,2025-04-08,-68,2,15,2025
4293,3,2025-04-08,-28,2,15,2025
4294,4,2025-04-08,-271,2,15,2025
4295,5,2025-04-08,-12,2,15,2025
4296,1,2025-04-09,-395,2,15,2025
4297,2,2025-04-09,-70,2,15,2025
4298,3,2025-04-09,-20,2,15,2025
4299,4,2025-04-09,-323,2,15,2025
4300,5,2025-04-09,-11,2,15,2025
4301,1,2025-04-10,-415,2,15,2025
4302,2,2025-04-10,-69,2,15,2025
4303,3,2025-04-10,-4,2,15,2025
4304,4,2025-04-10,-285,2,15,2025
4305,5,2025-04-10,-10,2,15,2025
4306,1,2025-04-11,-579,2,15,2025
4307,2,2025-04-11,-63,2,15,2025
4308,3,2025-04-11,-30,2,15,2025
4309,4,2025-04-11,-315,2,15,2025
4310,5,2025-04-11,-15,2,15,2025
4311,1,2025-04-12,-579,2,15,2025
4312,2,2025-04-12,-42,2,15,2025
4313,3,2025-04-12,-28,2,15,2025
4314,4,2025-04-12,-349,2,15,2025
4315,5,2025-04-12,-11,2,15,2025
4316,1,2025-04-13,-504,2,15,2025
4317,2,2025-04-13,-61,2,15,2025
4318,3,2025-04-13,-24,2,15,2025
4319,4,2025-04-13,-162,2,15,2025
4320,5,2025-04-13,-12,2,15,2025
4321,1,2025-04-14,-504,2,16,2025
4322,2,2025-04-14,-69,2,16,2025
4323,3,2025-04-14,-26,2,16,2025
4324,4,2025-04-14,-324,2,16,2025
4325,5,2025-04-14,-12,2,16,2025
4326,1,2025-04-15,-395,2,16,2025
4327,2,2025-04-15,-59,2,16,2025
4328,3,2025-04-15,-29,2,16,2025
4329,4,2025-04-15,-74,2,16,2025
4330,5,2025-04-15,-14,2,16,2025
4331,1,2025-04-16,-465,2,16,2025
4332,2,2025-04-16,-63,2,16,2025
4333,3,2025-04-16,-24,2,16,2025
4334,4,2025-04-16,-313,2,16,2025
4335,5,2025-04-16,-5,2,16,2025
4336,1,2025-04-17,-394,2,16,2025
4337,2,2025-04-17,-68,2,16,2025
4338,3,2025-04-17,-21,2,16,2025
4339,4,2025-04-17,-296,2,16,2025
4340,5,2025-04-17,-15,2,16,2025
4341,1,2025-04-18,-438,2,16,2025
4342,2,2025-04-18,-60,2,16,2025
4343,3,2025-04-18,-24,2,16,2025
4344,4,2025-04-18,-263,2,16,2025
4345,5,2025-04-18,-15,2,16,2025
4346,1,2025-04-19,-548,2,16,2025
4347,2,2025-04-19,-72,2,16,2025
4348,3,2025-04-19,-26,2,16,2025
4349,4,2025-04-19,-65,2,16,2025
4350,5,2025-04-19,-12,2,16,2025
4351,1,2025-04-20,-579,2,16,2025
4352,2,2025-04-20,-51,2,16,2025
4353,3,2025-04-20,-24,2,16,2025
4354,4,2025-04-20,-405,2,16,2025
4355,5,2025-04-20,-12,2,16,2025
4356,1,2025-04-21,-439,2,17,2025
4357,2,2025-04-21,-68,2,17,2025
4358,3,2025-04-21,-27,2,17,2025
4359,4,2025-04-21,-261,2,17,2025
4360,5,2025-04-21,-10,2,17,2025
4361,1,2025-04-22,-560,2,17,2025
4362,2,2025-04-22,-46,2,17,2025
4363,3,2025-04-22,-21,2,17,2025
4364,4,2025-04-22,-335,2,17,2025
4365,5,2025-04-22,-13,2,17,2025
4366,1,2025-04-23,-475,2,17,2025
4367,2,2025-04-23,-78,2,17,2025
4368,3,2025-04-23,-21,2,17,2025
4369,4,2025-04-23,-249,2,17,2025
4370,5,2025-04-23,-12,2,17,2025
4371,1,2025-04-24,-401,2,17,2025
4372,2,2025-04-24,-17,2,17,2025
4373,3,2025-04-24,-8,2,17,2025
4374,4,2025-04-24,-220,2,17,2025
4375,5,2025-04-24,-12,2,17,2025
4376,1,2025-04-25,-401,2,17,2025
4377,2,2025-04-25,-75,2,17,2025
4378,3,2025-04-25,-26,2,17,2025
4379,4,2025-04-25,-344,2,17,2025
4380,5,2025-04-25,-14,2,17,2025
4381,1,2025-04-26,-189,2,17,2025
4382,2,2025-04-26,-33,2,17,2025
4383,3,2025-04-26,-5,2,17,2025
4384,4,2025-04-26,-117,2,17,2025
4385,5,2025-04-26,-7,2,17,2025
4386,1,2025-04-27,-221,2,17,2025
4387,2,2025-04-27,-30,2,17,2025
4388,3,2025-04-27,-11,2,17,2025
4389,4,2025-04-27,-107,2,17,2025
4390,5,2025-04-27,-4,2,17,2025
4391,1,2025-04-28,-208,2,18,2025
4392,2,2025-04-28,-27,2,18,2025
4393,3,2025-04-28,-13,2,18,2025
4394,4,2025-04-28,-99,2,18,2025
4395,5,2025-04-28,-5,2,18,2025
4396,1,2025-04-29,-171,2,18,2025
4397,2,2025-04-29,-31,2,18,2025
4398,3,2025-04-29,-13,2,18,2025
4399,4,2025-04-29,-98,2,18,2025
4400,5,2025-04-29,-6,2,18,2025
4401,1,2025-04-30,-53,2,18,2025
4402,2,2025-04-30,-34,2,18,2025
4403,3,2025-04-30,-22,2,18,2025
4404,4,2025-04-30,-172,2,18,2025
4405,5,2025-04-30,-4,2,18,2025
4406,1,2025-05-01,-326,2,18,2025
4407,2,2025-05-01,-49,2,18,2025
4408,3,2025-05-01,-20,2,18,2025
4409,4,2025-05-01,-214,2,18,2025
4410,5,2025-05-01,-9,2,18,2025
4411,1,2025-05-02,-579,2,18,2025
4412,2,2025-05-02,-50,2,18,2025
4413,3,2025-05-02,-24,2,18,2025
4414,4,2025-05-02,-254,2,18,2025
4415,5,2025-05-02,-10,2,18,2025
4416,1,2025-05-03,-454,2,18,2025
4417,2,2025-05-03,-54,2,18,2025
4418,3,2025-05-03,-22,2,18,2025
4419,4,2025-05-03,-85,2,18,2025
4420,5,2025-05-03,-9,2,18,2025
4421,1,2025-05-04,-217,2,18,2025
4422,2,2025-05-04,-35,2,18,2025
4423,3,2025-05-04,-12,2,18,2025
4424,4,2025-05-04,-127,2,18,2025
4425,5,2025-05-04,-5,2,18,2025
4426,1,2025-05-05,-182,2,19,2025
4427,2,2025-05-05,-36,2,19,2025
4428,3,2025-05-05,-9,2,19,2025
4429,4,2025-05-05,-136,2,19,2025
4430,5,2025-05-05,-6,2,19,2025
4431,1,2025-05-06,-188,2,19,2025
4432,2,2025-05-06,-28,2,19,2025
4433,3,2025-05-06,-13,2,19,2025
4434,4,2025-05-06,-113,2,19,2025
4435,5,2025-05-06,-4,2,19,2025
4436,1,2025-05-07,-173,2,19,2025
4437,2,2025-05-07,-27,2,19,2025
4438,3,2025-05-07,-15,2,19,2025
4439,4,2025-05-07,-154,2,19,2025
4440,5,2025-05-07,-5,2,19,2025
4441,1,2025-05-08,-197,2,19,2025
4442,3,2025-05-08,-11,2,19,2025
4443,4,2025-05-08,-120,2,19,2025
4444,5,2025-05-08,-5,2,19,2025
4445,1,2025-05-09,-207,2,19,2025
4446,2,2025-05-09,-55,2,19,2025
4447,3,2025-05-09,-11,2,19,2025
4448,4,2025-05-09,-138,2,19,2025
4449,5,2025-05-09,-5,2,19,2025
4450,1,2025-05-10,-249,2,19,2025
4451,2,2025-05-10,-23,2,19,2025
4452,3,2025-05-10,-13,2,19,2025
4453,4,2025-05-10,-121,2,19,2025
4454,5,2025-05-10,-5,2,19,2025
4455,1,2025-05-11,-187,2,19,2025
4456,2,2025-05-11,-28,2,19,2025
4457,3,2025-05-11,-10,2,19,2025
4458,4,2025-05-11,-120,2,19,2025
4459,5,2025-05-11,-5,2,19,2025
4460,1,2025-05-12,-153,2,20,2025
4461,3,2025-05-12,-14,2,20,2025
4462,4,2025-05-12,-132,2,20,2025
4463,5,2025-05-12,-6,2,20,2025
4464,1,2025-05-13,-210,2,20,2025
4465,2,2025-05-13,-31,2,20,2025
4466,3,2025-05-13,-10,2,20,2025
4467,4,2025-05-13,-172,2,20,2025
4468,5,2025-05-13,-5,2,20,2025
4469,1,2025-05-14,-215,2,20,2025
4470,2,2025-05-14,-30,2,20,2025
4471,3,2025-05-14,-11,2,20,2025
4472,4,2025-05-14,-133,2,20,2025
4473,5,2025-05-14,-5,2,20,2025
4474,1,2025-05-15,-376,2,20,2025
4475,2,2025-05-15,-34,2,20,2025
4476,3,2025-05-15,-22,2,20,2025
4477,4,2025-05-15,-134,2,20,2025
4478,5,2025-05-15,-5,2,20,2025
4479,1,2025-05-16,-199,2,20,2025
4480,2,2025-05-16,-23,2,20,2025
4481,3,2025-05-16,-10,2,20,2025
4482,4,2025-05-16,-159,2,20,2025
4483,5,2025-05-16,-7,2,20,2025
4484,1,2025-05-17,-121,2,20,2025
4485,2,2025-05-17,-38,2,20,2025
4486,3,2025-05-17,-12,2,20,2025
4487,4,2025-05-17,-95,2,20,2025
4488,5,2025-05-17,-5,2,20,2025
4489,1,2025-05-18,-220,2,20,2025
4490,2,2025-05-18,-25,2,20,2025
4491,3,2025-05-18,-7,2,20,2025
4492,4,2025-05-18,-122,2,20,2025
4493,5,2025-05-18,-5,2,20,2025
4494,1,2025-05-19,-185,2,21,2025
4495,2,2025-05-19,-21,2,21,2025
4496,3,2025-05-19,-10,2,21,2025
4497,4,2025-05-19,-119,2,21,2025
4498,5,2025-05-19,-7,2,21,2025
4499,1,2025-05-20,-214,2,21,2025
4500,2,2025-05-20,-23,2,21,2025
4501,3,2025-05-20,-14,2,21,2025
4502,4,2025-05-20,-142,2,21,2025
4503,5,2025-05-20,-1,2,21,2025
4504,1,2025-05-21,-197,2,21,2025
4505,2,2025-05-21,-27,2,21,2025
4506,3,2025-05-21,-14,2,21,2025
4507,4,2025-05-21,-43,2,21,2025
4508,5,2025-05-21,-5,2,21,2025
4509,1,2025-05-22,-225,2,21,2025
4510,2,2025-05-22,-31,2,21,2025
4511,4,2025-05-22,-126,2,21,2025
4512,5,2025-05-22,-6,2,21,2025
4513,1,2025-05-23,-187,2,21,2025
4514,2,2025-05-23,-17,2,21,2025
4515,3,2025-05-23,-9,2,21,2025
4516,4,2025-05-23,-147,2,21,2025
4517,5,2025-05-23,-6,2,21,2025
4518,1,2025-05-24,-266,2,21,2025
4519,2,2025-05-24,-32,2,21,2025
4520,3,2025-05-24,-10,2,21,2025
4521,4,2025-05-24,-136,2,21,2025
4522,5,2025-05-24,-5,2,21,2025
4523,1,2025-05-25,-247,2,21,2025
4524,2,2025-05-25,-23,2,21,2025
4525,3,2025-05-25,-14,2,21,2025
4526,4,2025-05-25,-124,2,21,2025
4527,5,2025-05-25,-6,2,21,2025
4528,1,2025-05-26,-188,2,22,2025
4529,2,2025-05-26,-24,2,22,2025
4530,3,2025-05-26,-14,2,22,2025
4531,4,2025-05-26,-132,2,22,2025
4532,5,2025-05-26,-5,2,22,2025
4533,1,2025-05-27,-215,2,22,2025
4534,2,2025-05-27,-31,2,22,2025
4535,3,2025-05-27,-12,2,22,2025
4536,4,2025-05-27,-119,2,22,2025
4537,5,2025-05-27,-7,2,22,2025
4538,1,2025-05-28,-354,2,22,2025
4539,2,2025-05-28,-32,2,22,2025
4540,3,2025-05-28,-11,2,22,2025
4541,4,2025-05-28,-140,2,22,2025
4542,5,2025-05-28,-6,2,22,2025
4543,1,2025-05-29,-177,2,22,2025
4544,2,2025-05-29,-30,2,22,2025
4545,3,2025-05-29,-12,2,22,2025
4546,4,2025-05-29,-137,2,22,2025
4547,5,2025-05-29,-2,2,22,2025
4548,1,2025-05-30,-234,2,22,2025
4549,2,2025-05-30,-24,2,22,2025
4550,3,2025-05-30,-14,2,22,2025
4551,4,2025-05-30,-120,2,22,2025
4552,5,2025-05-30,-5,2,22,2025
4553,1,2025-05-31,-209,2,22,2025
4554,2,2025-05-31,-24,2,22,2025
4555,3,2025-05-31,-12,2,22,2025
4556,5,2025-05-31,-7,2,22,2025
4557,1,2025-06-01,-248,2,22,2025
4558,2,2025-06-01,-70,2,22,2025
4559,3,2025-06-01,-13,2,22,2025
4560,4,2025-06-01,-142,2,22,2025
4561,5,2025-06-01,-5,2,22,2025
4562,1,2025-06-02,-202,2,23,2025
4563,2,2025-06-02,-36,2,23,2025
4564,3,2025-06-02,-10,2,23,2025
4565,4,2025-06-02,-103,2,23,2025
4566,5,2025-06-02,-8,2,23,2025
4567,1,2025-06-03,-176,2,23,2025
4568,2,2025-06-03,-7,2,23,2025
4569,3,2025-06-03,-10,2,23,2025
4570,4,2025-06-03,-44,2,23,2025
4571,5,2025-06-03,-6,2,23,2025
4572,1,2025-06-04,-188,2,23,2025
4573,2,2025-06-04,-38,2,23,2025
4574,3,2025-06-04,-13,2,23,2025
4575,4,2025-06-04,-126,2,23,2025
4576,5,2025-06-04,-13,2,23,2025
4577,1,2025-06-05,-185,2,23,2025
4578,2,2025-06-05,-36,2,23,2025
4579,3,2025-06-05,-11,2,23,2025
4580,4,2025-06-05,-116,2,23,2025
4581,5,2025-06-05,-6,2,23,2025
4582,1,2025-06-06,-184,2,23,2025
4583,2,2025-06-06,-27,2,23,2025
4584,3,2025-06-06,-13,2,23,2025
4585,4,2025-06-06,-146,2,23,2025
4586,5,2025-06-06,-7,2,23,2025
4587,1,2025-06-07,-225,2,23,2025
4588,2,2025-06-07,-30,2,23,2025
4589,3,2025-06-07,-14,2,23,2025
4590,4,2025-06-07,-143,2,23,2025
4591,5,2025-06-07,-8,2,23,2025
4592,1,2025-06-08,-221,2,23,2025
4593,2,2025-06-08,-28,2,23,2025
4594,3,2025-06-08,-12,2,23,2025
4595,4,2025-06-08,-136,2,23,2025
4596,5,2025-06-08,-5,2,23,2025
4597,1,2025-06-09,-197,2,24,2025
4598,2,2025-06-09,-29,2,24,2025
4599,3,2025-06-09,-13,2,24,2025
4600,4,2025-06-09,-145,2,24,2025
4601,5,2025-06-09,-6,2,24,2025
4602,1,2025-06-10,-281,2,24,2025
4603,2,2025-06-10,-32,2,24,2025
4604,3,2025-06-10,-13,2,24,2025
4605,4,2025-06-10,-155,2,24,2025
4606,5,2025-06-10,-2,2,24,2025
4607,1,2025-06-11,-65,2,24,2025
4608,2,2025-06-11,-29,2,24,2025
4609,3,2025-06-11,-10,2,24,2025
4610,4,2025-06-11,-135,2,24,2025
4611,5,2025-06-11,-4,2,24,2025
4612,1,2025-06-12,-192,2,24,2025
4613,2,2025-06-12,-27,2,24,2025
4614,3,2025-06-12,-12,2,24,2025
4615,4,2025-06-12,-102,2,24,2025
4616,5,2025-06-12,-7,2,24,2025
4617,1,2025-06-13,-191,2,24,2025
4618,2,2025-06-13,-36,2,24,2025
4619,3,2025-06-13,-15,2,24,2025
4620,4,2025-06-13,-128,2,24,2025
4621,5,2025-06-13,-5,2,24,2025
4622,1,2025-06-14,-330,2,24,2025
4623,2,2025-06-14,-50,2,24,2025
4624,3,2025-06-14,-18,2,24,2025
4625,4,2025-06-14,-233,2,24,2025
4626,5,2025-06-14,-9,2,24,2025
4627,1,2025-06-15,-315,2,24,2025
4628,2,2025-06-15,-49,2,24,2025
4629,3,2025-06-15,-24,2,24,2025
4630,4,2025-06-15,-265,2,24,2025
4631,5,2025-06-15,-10,2,24,2025
4632,1,2025-06-16,-252,2,25,2025
4633,3,2025-06-16,-19,2,25,2025
4634,4,2025-06-16,-233,2,25,2025
4635,5,2025-06-16,-10,2,25,2025
4636,1,2025-06-17,-247,2,25,2025
4637,2,2025-06-17,-54,2,25,2025
4638,3,2025-06-17,-4,2,25,2025
4639,4,2025-06-17,-231,2,25,2025
4640,5,2025-06-17,-7,2,25,2025
4641,1,2025-06-18,-465,2,25,2025
4642,2,2025-06-18,-42,2,25,2025
4643,3,2025-06-18,-20,2,25,2025
4644,4,2025-06-18,-249,2,25,2025
4645,5,2025-06-18,-8,2,25,2025
4646,1,2025-06-19,-308,2,25,2025
4647,2,2025-06-19,-55,2,25,2025
4648,3,2025-06-19,-24,2,25,2025
4649,4,2025-06-19,-253,2,25,2025
4650,5,2025-06-19,-11,2,25,2025
4651,1,2025-06-20,-339,2,25,2025
4652,2,2025-06-20,-34,2,25,2025
4653,3,2025-06-20,-12,2,25,2025
4654,4,2025-06-20,-183,2,25,2025
4655,5,2025-06-20,-7,2,25,2025
4656,1,2025-06-21,-248,2,25,2025
4657,2,2025-06-21,-13,2,25,2025
4658,3,2025-06-21,-11,2,25,2025
4659,4,2025-06-21,-144,2,25,2025
4660,5,2025-06-21,-6,2,25,2025
4661,1,2025-06-22,-234,2,25,2025
4662,2,2025-06-22,-39,2,25,2025
4663,3,2025-06-22,-12,2,25,2025
4664,4,2025-06-22,-163,2,25,2025
4665,5,2025-06-22,-5,2,25,2025
4666,1,2025-06-23,-179,2,26,2025
4667,2,2025-06-23,-26,2,26,2025
4668,3,2025-06-23,-10,2,26,2025
4669,4,2025-06-23,-122,2,26,2025
4670,5,2025-06-23,-5,2,26,2025
4671,1,2025-06-24,-229,2,26,2025
4672,2,2025-06-24,-32,2,26,2025
4673,3,2025-06-24,-10,2,26,2025
4674,4,2025-06-24,-32,2,26,2025
4675,5,2025-06-24,-7,2,26,2025
4676,1,2025-06-25,-221,2,26,2025
4677,2,2025-06-25,-36,2,26,2025
4678,3,2025-06-25,-10,2,26,2025
4679,4,2025-06-25,-26,2,26,2025
4680,5,2025-06-25,-2,2,26,2025
4681,1,2025-06-26,-158,2,26,2025
4682,2,2025-06-26,-30,2,26,2025
4683,3,2025-06-26,-11,2,26,2025
4684,4,2025-06-26,-85,2,26,2025
4685,5,2025-06-26,-1,2,26,2025
4686,1,2025-06-27,-198,2,26,2025
4687,2,2025-06-27,-30,2,26,2025
4688,3,2025-06-27,-13,2,26,2025
4689,4,2025-06-27,-144,2,26,2025
4690,5,2025-06-27,-5,2,26,2025
4691,1,2025-06-28,-203,2,26,2025
4692,2,2025-06-28,-34,2,26,2025
4693,3,2025-06-28,-9,2,26,2025
4694,4,2025-06-28,-130,2,26,2025
4695,5,2025-06-28,-6,2,26,2025
4696,1,2025-06-29,-276,2,26,2025
4697,2,2025-06-29,-25,2,26,2025
4698,3,2025-06-29,-13,2,26,2025
4699,4,2025-06-29,-143,2,26,2025
4700,5,2025-06-29,-3,2,26,2025
4701,1,2025-06-30,-155,2,27,2025
4702,2,2025-06-30,-33,2,27,2025
4703,3,2025-06-30,-10,2,27,2025
4704,4,2025-06-30,-117,2,27,2025
4705,5,2025-06-30,-5,2,27,2025
4706,1,2025-07-01,-191,2,27,2025
4707,2,2025-07-01,-9,2,27,2025
4708,3,2025-07-01,-11,2,27,2025
4709,4,2025-07-01,-147,2,27,2025
4710,5,2025-07-01,-1,2,27,2025
4711,1,2025-07-02,-207,2,27,2025
4712,2,2025-07-02,-58,2,27,2025
4713,3,2025-07-02,-12,2,27,2025
4714,4,2025-07-02,-120,2,27,2025
4715,5,2025-07-02,-1,2,27,2025
4716,1,2025-07-03,-211,2,27,2025
4717,2,2025-07-03,-25,2,27,2025
4718,3,2025-07-03,-13,2,27,2025
4719,4,2025-07-03,-125,2,27,2025
4720,5,2025-07-03,-7,2,27,2025
4721,1,2025-07-04,-256,2,27,2025
4722,2,2025-07-04,-34,2,27,2025
4723,3,2025-07-04,-11,2,27,2025
4724,4,2025-07-04,-145,2,27,2025
4725,5,2025-07-04,-3,2,27,2025
4726,1,2025-07-05,-229,2,27,2025
4727,2,2025-07-05,-31,2,27,2025
4728,3,2025-07-05,-13,2,27,2025
4729,4,2025-07-05,-123,2,27,2025
4730,5,2025-07-05,-7,2,27,2025
4731,1,2025-07-06,-252,2,27,2025
4732,2,2025-07-06,-28,2,27,2025
4733,3,2025-07-06,-15,2,27,2025
4734,4,2025-07-06,-40,2,27,2025
4735,5,2025-07-06,-12,2,27,2025
4736,1,2025-07-07,-154,2,28,2025
4737,2,2025-07-07,-25,2,28,2025
4738,3,2025-07-07,-13,2,28,2025
4739,4,2025-07-07,-106,2,28,2025
4740,5,2025-07-07,-6,2,28,2025
4741,1,2025-07-08,-214,2,28,2025
4742,2,2025-07-08,-29,2,28,2025
4743,3,2025-07-08,-12,2,28,2025
4744,4,2025-07-08,-30,2,28,2025
4745,5,2025-07-08,-5,2,28,2025
4746,1,2025-07-09,-170,2,28,2025
4747,2,2025-07-09,-33,2,28,2025
4748,3,2025-07-09,-11,2,28,2025
4749,4,2025-07-09,-165,2,28,2025
4750,5,2025-07-09,-5,2,28,2025
4751,1,2025-07-10,-255,2,28,2025
4752,2,2025-07-10,-75,2,28,2025
4753,3,2025-07-10,-12,2,28,2025
4754,4,2025-07-10,-115,2,28,2025
4755,5,2025-07-10,-5,2,28,2025
4756,1,2025-07-11,-203,2,28,2025
4757,2,2025-07-11,-38,2,28,2025
4758,3,2025-07-11,-8,2,28,2025
4759,4,2025-07-11,-147,2,28,2025
4760,5,2025-07-11,-6,2,28,2025
4761,1,2025-07-12,-259,2,28,2025
4762,2,2025-07-12,-29,2,28,2025
4763,3,2025-07-12,-11,2,28,2025
4764,4,2025-07-12,-320,2,28,2025
4765,5,2025-07-12,-5,2,28,2025
4766,1,2025-07-13,-181,2,28,2025
4767,2,2025-07-13,-76,2,28,2025
4768,3,2025-07-13,-12,2,28,2025
4769,4,2025-07-13,-133,2,28,2025
4770,5,2025-07-13,-6,2,28,2025
4771,1,2025-07-14,-141,2,29,2025
4772,2,2025-07-14,-28,2,29,2025
4773,3,2025-07-14,-11,2,29,2025
4774,4,2025-07-14,-133,2,29,2025
4775,5,2025-07-14,-6,2,29,2025
4776,1,2025-07-15,-227,2,29,2025
4777,2,2025-07-15,-22,2,29,2025
4778,3,2025-07-15,-11,2,29,2025
4779,4,2025-07-15,-138,2,29,2025
4780,5,2025-07-15,-6,2,29,2025
4781,1,2025-07-16,-236,2,29,2025
4782,2,2025-07-16,-37,2,29,2025
4783,3,2025-07-16,-12,2,29,2025
4784,4,2025-07-16,-48,2,29,2025
4785,5,2025-07-16,-5,2,29,2025
4786,1,2025-07-17,-563,2,29,2025
4787,2,2025-07-17,-24,2,29,2025
4788,3,2025-07-17,-3,2,29,2025
4789,4,2025-07-17,-111,2,29,2025
4790,5,2025-07-17,-4,2,29,2025
4791,1,2025-07-18,-167,2,29,2025
4792,2,2025-07-18,-33,2,29,2025
4793,3,2025-07-18,-9,2,29,2025
4794,4,2025-07-18,-141,2,29,2025
4795,5,2025-07-18,-6,2,29,2025
4796,1,2025-07-19,-66,2,29,2025
4797,2,2025-07-19,-57,2,29,2025
4798,3,2025-07-19,-14,2,29,2025
4799,4,2025-07-19,-155,2,29,2025
4800,5,2025-07-19,-6,2,29,2025
4801,1,2025-07-20,-246,2,29,2025
4802,2,2025-07-20,-37,2,29,2025
4803,3,2025-07-20,-9,2,29,2025
4804,4,2025-07-20,-111,2,29,2025
4805,5,2025-07-20,-5,2,29,2025
4806,1,2025-07-21,-167,2,30,2025
4807,2,2025-07-21,-30,2,30,2025
4808,3,2025-07-21,-26,2,30,2025
4809,4,2025-07-21,-131,2,30,2025
4810,5,2025-07-21,-6,2,30,2025
4811,1,2025-07-22,-210,2,30,2025
4812,2,2025-07-22,-75,2,30,2025
4813,3,2025-07-22,-8,2,30,2025
4814,4,2025-07-22,-101,2,30,2025
4815,5,2025-07-22,-6,2,30,2025
4816,1,2025-07-23,-214,2,30,2025
4817,2,2025-07-23,-38,2,30,2025
4818,3,2025-07-23,-11,2,30,2025
4819,4,2025-07-23,-135,2,30,2025
4820,5,2025-07-23,-6,2,30,2025
4821,1,2025-07-24,-153,2,30,2025
4822,2,2025-07-24,-32,2,30,2025
4823,3,2025-07-24,-10,2,30,2025
4824,4,2025-07-24,-40,2,30,2025
4825,5,2025-07-24,-7,2,30,2025
4826,1,2025-07-25,-167,2,30,2025
4827,2,2025-07-25,-28,2,30,2025
4828,3,2025-07-25,-11,2,30,2025
4829,4,2025-07-25,-183,2,30,2025
4830,5,2025-07-25,-6,2,30,2025
4831,1,2025-07-26,-255,2,30,2025
4832,2,2025-07-26,-34,2,30,2025
4833,3,2025-07-26,-13,2,30,2025
4834,4,2025-07-26,-126,2,30,2025
4835,5,2025-07-26,-7,2,30,2025
4836,1,2025-07-27,-216,2,30,2025
4837,2,2025-07-27,-25,2,30,2025
4838,3,2025-07-27,-8,2,30,2025
4839,4,2025-07-27,-114,2,30,2025
4840,5,2025-07-27,-5,2,30,2025
4841,1,2025-07-28,-175,2,31,2025
4842,2,2025-07-28,-32,2,31,2025
4843,3,2025-07-28,-14,2,31,2025
4844,4,2025-07-28,-136,2,31,2025
4845,5,2025-07-28,-5,2,31,2025
4846,1,2025-07-29,-213,2,31,2025
4847,2,2025-07-29,-27,2,31,2025
4848,3,2025-07-29,-16,2,31,2025
4849,4,2025-07-29,-119,2,31,2025
4850,5,2025-07-29,-6,2,31,2025
4851,1,2025-07-30,-186,2,31,2025
4852,2,2025-07-30,-26,2,31,2025
4853,3,2025-07-30,-12,2,31,2025
4854,4,2025-07-30,-130,2,31,2025
4855,5,2025-07-30,-6,2,31,2025
4856,1,2025-07-31,-208,2,31,2025
4857,2,2025-07-31,-33,2,31,2025
4858,3,2025-07-31,-12,2,31,2025
4859,4,2025-07-31,-148,2,31,2025
4860,5,2025-07-31,-4,2,31,2025
4861,1,2025-08-01,-220,2,31,2025
4862,2,2025-08-01,-31,2,31,2025
4863,3,2025-08-01,-11,2,31,2025
4864,4,2025-08-01,-125,2,31,2025
4865,5,2025-08-01,-4,2,31,2025
4866,1,2025-08-02,-279,2,31,2025
4867,2,2025-08-02,-32,2,31,2025
4868,3,2025-08-02,-11,2,31,2025
4869,4,2025-08-02,-120,2,31,2025
4870,5,2025-08-02,-7,2,31,2025
4871,1,2025-08-03,-182,2,31,2025
4872,2,2025-08-03,-26,2,31,2025
4873,3,2025-08-03,-10,2,31,2025
4874,4,2025-08-03,-273,2,31,2025
4875,5,2025-08-03,-5,2,31,2025
4876,1,2025-08-04,-191,2,32,2025
4877,2,2025-08-04,-33,2,32,2025
4878,3,2025-08-04,-13,2,32,2025
4879,4,2025-08-04,-124,2,32,2025
4880,5,2025-08-04,-5,2,32,2025
4881,1,2025-08-05,-193,2,32,2025
4882,2,2025-08-05,-30,2,32,2025
4883,3,2025-08-05,-9,2,32,2025
4884,4,2025-08-05,-145,2,32,2025
4885,5,2025-08-05,-6,2,32,2025
4886,1,2025-08-06,-235,2,32,2025
4887,2,2025-08-06,-26,2,32,2025
4888,3,2025-08-06,-11,2,32,2025
4889,4,2025-08-06,-128,2,32,2025
4890,5,2025-08-06,-6,2,32,2025
4891,1,2025-08-07,-190,2,32,2025
4892,2,2025-08-07,-13,2,32,2025
4893,3,2025-08-07,-11,2,32,2025
4894,4,2025-08-07,-137,2,32,2025
4895,5,2025-08-07,-5,2,32,2025
4896,1,2025-08-08,-209,2,32,2025
4897,2,2025-08-08,-29,2,32,2025
4898,3,2025-08-08,-11,2,32,2025
4899,4,2025-08-08,-128,2,32,2025
4900,5,2025-08-08,-4,2,32,2025
4901,1,2025-08-09,-247,2,32,2025
4902,2,2025-08-09,-26,2,32,2025
4903,3,2025-08-09,-14,2,32,2025
4904,4,2025-08-09,-130,2,32,2025
4905,5,2025-08-09,-7,2,32,2025
4906,1,2025-08-10,-229,2,32,2025
4907,2,2025-08-10,-31,2,32,2025
4908,3,2025-08-10,-13,2,32,2025
4909,4,2025-08-10,-139,2,32,2025
4910,5,2025-08-10,-6,2,32,2025
4911,1,2025-08-11,-224,2,33,2025
4912,2,2025-08-11,-22,2,33,2025
4913,3,2025-08-11,-10,2,33,2025
4914,4,2025-08-11,-94,2,33,2025
4915,5,2025-08-11,-5,2,33,2025
4916,1,2025-08-12,-185,2,33,2025
4917,2,2025-08-12,-33,2,33,2025
4918,3,2025-08-12,-14,2,33,2025
4919,4,2025-08-12,-122,2,33,2025
4920,5,2025-08-12,-7,2,33,2025
4921,1,2025-08-13,-185,2,33,2025
4922,2,2025-08-13,-26,2,33,2025
4923,3,2025-08-13,-10,2,33,2025
4924,4,2025-08-13,-47,2,33,2025
4925,5,2025-08-13,-6,2,33,2025
4926,1,2025-08-14,-201,2,33,2025
4927,2,2025-08-14,-29,2,33,2025
4928,3,2025-08-14,-11,2,33,2025
4929,4,2025-08-14,-99,2,33,2025
4930,5,2025-08-14,-6,2,33,2025
4931,1,2025-08-15,-163,2,33,2025
4932,2,2025-08-15,-36,2,33,2025
4933,3,2025-08-15,-11,2,33,2025
4934,4,2025-08-15,-251,2,33,2025
4935,5,2025-08-15,-5,2,33,2025
4936,1,2025-08-16,-198,2,33,2025
4937,2,2025-08-16,-28,2,33,2025
4938,3,2025-08-16,-15,2,33,2025
4939,4,2025-08-16,-154,2,33,2025
4940,5,2025-08-16,-5,2,33,2025
4941,1,2025-08-17,-204,2,33,2025
4942,2,2025-08-17,-25,2,33,2025
4943,3,2025-08-17,-11,2,33,2025
4944,4,2025-08-17,-128,2,33,2025
4945,5,2025-08-17,-5,2,33,2025
4946,1,2025-08-18,-233,2,34,2025
4947,2,2025-08-18,-14,2,34,2025
4948,3,2025-08-18,-12,2,34,2025
4949,4,2025-08-18,-97,2,34,2025
4950,5,2025-08-18,-6,2,34,2025
4951,1,2025-08-19,-197,2,34,2025
4952,2,2025-08-19,-26,2,34,2025
4953,3,2025-08-19,-14,2,34,2025
4954,4,2025-08-19,-109,2,34,2025
4955,5,2025-08-19,-16,2,34,2025
4956,1,2025-08-20,-556,2,34,2025
4957,2,2025-08-20,-35,2,34,2025
4958,3,2025-08-20,-8,2,34,2025
4959,4,2025-08-20,-87,2,34,2025
4960,5,2025-08-20,-7,2,34,2025
4961,1,2025-08-21,-199,2,34,2025
4962,2,2025-08-21,-34,2,34,2025
4963,3,2025-08-21,-13,2,34,2025
4964,4,2025-08-21,-160,2,34,2025
4965,5,2025-08-21,-4,2,34,2025
4966,1,2025-08-22,-179,2,34,2025
4967,2,2025-08-22,-33,2,34,2025
4968,3,2025-08-22,-8,2,34,2025
4969,4,2025-08-22,-122,2,34,2025
4970,5,2025-08-22,-5,2,34,2025
4971,1,2025-08-23,-271,2,34,2025
4972,2,2025-08-23,-26,2,34,2025
4973,3,2025-08-23,-10,2,34,2025
4974,4,2025-08-23,-120,2,34,2025
4975,5,2025-08-23,-5,2,34,2025
4976,1,2025-08-24,-468,2,34,2025
4977,2,2025-08-24,-31,2,34,2025
4978,3,2025-08-24,-12,2,34,2025
4979,4,2025-08-24,-140,2,34,2025
4980,5,2025-08-24,-6,2,34,2025
4981,1,2025-08-25,-211,2,35,2025
4982,2,2025-08-25,-40,2,35,2025
4983,3,2025-08-25,-11,2,35,2025
4984,4,2025-08-25,-122,2,35,2025
4985,5,2025-08-25,-7,2,35,2025
4986,1,2025-08-26,-217,2,35,2025
4987,2,2025-08-26,-25,2,35,2025
4988,3,2025-08-26,-4,2,35,2025
4989,4,2025-08-26,-87,2,35,2025
4990,5,2025-08-26,-6,2,35,2025
4991,1,2025-08-27,-59,2,35,2025
4992,2,2025-08-27,-34,2,35,2025
4993,3,2025-08-27,-9,2,35,2025
4994,4,2025-08-27,-120,2,35,2025
4995,5,2025-08-27,-6,2,35,2025
4996,1,2025-08-28,-455,2,35,2025
4997,2,2025-08-28,-27,2,35,2025
4998,3,2025-08-28,-4,2,35,2025
4999,4,2025-08-28,-108,2,35,2025
5000,5,2025-08-28,-11,2,35,2025
5001,1,2025-08-29,-198,2,35,2025
5002,2,2025-08-29,-11,2,35,2025
5003,3,2025-08-29,-10,2,35,2025
5004,4,2025-08-29,-136,2,35,2025
5005,5,2025-08-29,-6,2,35,2025
5006,1,2025-08-30,-231,2,35,2025
5007,2,2025-08-30,-21,2,35,2025
5008,3,2025-08-30,-11,2,35,2025
5009,4,2025-08-30,-123,2,35,2025
5010,5,2025-08-30,-5,2,35,2025
5011,1,2025-08-31,-196,2,35,2025
5012,2,2025-08-31,-32,2,35,2025
5013,3,2025-08-31,-16,2,35,2025
5014,4,2025-08-31,-96,2,35,2025
5015,5,2025-08-31,-5,2,35,2025
5016,1,2025-09-01,-285,2,36,2025
5017,2,2025-09-01,-43,2,36,2025
5018,3,2025-09-01,-20,2,36,2025
5019,4,2025-09-01,-105,2,36,2025
5020,5,2025-09-01,-2,2,36,2025
5021,1,2025-09-02,-299,2,36,2025
5022,2,2025-09-02,-43,2,36,2025
5023,3,2025-09-02,-4,2,36,2025
5024,4,2025-09-02,-165,2,36,2025
5025,5,2025-09-02,-7,2,36,2025
5026,1,2025-09-03,-558,2,36,2025
5027,2,2025-09-03,-31,2,36,2025
5028,3,2025-09-03,-16,2,36,2025
5029,4,2025-09-03,-190,2,36,2025
5030,5,2025-09-03,-10,2,36,2025
5031,1,2025-09-04,-263,2,36,2025
5032,2,2025-09-04,-50,2,36,2025
5033,3,2025-09-04,-15,2,36,2025
5034,4,2025-09-04,-71,2,36,2025
5035,5,2025-09-04,-7,2,36,2025
5036,1,2025-09-05,-256,2,36,2025
5037,2,2025-09-05,-46,2,36,2025
5038,3,2025-09-05,-16,2,36,2025
5039,4,2025-09-05,-147,2,36,2025
5040,5,2025-09-05,-10,2,36,2025
5041,1,2025-09-06,-299,2,36,2025
5042,2,2025-09-06,-33,2,36,2025
5043,3,2025-09-06,-16,2,36,2025
5044,4,2025-09-06,-182,2,36,2025
5045,5,2025-09-06,-8,2,36,2025
5046,1,2025-09-07,-303,2,36,2025
5047,2,2025-09-07,-29,2,36,2025
5048,3,2025-09-07,-16,2,36,2025
5049,4,2025-09-07,-50,2,36,2025
5050,5,2025-09-07,-2,2,36,2025
5051,1,2025-09-08,-274,2,37,2025
5052,2,2025-09-08,-43,2,37,2025
5053,3,2025-09-08,-21,2,37,2025
5054,4,2025-09-08,-154,2,37,2025
5055,5,2025-09-08,-8,2,37,2025
5056,1,2025-09-09,-241,2,37,2025
5057,2,2025-09-09,-32,2,37,2025
5058,3,2025-09-09,-18,2,37,2025
5059,4,2025-09-09,-34,2,37,2025
5060,5,2025-09-09,-9,2,37,2025
5061,1,2025-09-10,-323,2,37,2025
5062,2,2025-09-10,-39,2,37,2025
5063,3,2025-09-10,-15,2,37,2025
5064,4,2025-09-10,-180,2,37,2025
5065,5,2025-09-10,-8,2,37,2025
5066,1,2025-09-11,-84,2,37,2025
5067,2,2025-09-11,-32,2,37,2025
5068,3,2025-09-11,-12,2,37,2025
5069,4,2025-09-11,-108,2,37,2025
5070,5,2025-09-11,-6,2,37,2025
5071,1,2025-09-12,-211,2,37,2025
5072,2,2025-09-12,-21,2,37,2025
5073,3,2025-09-12,-10,2,37,2025
5074,4,2025-09-12,-122,2,37,2025
5075,5,2025-09-12,-5,2,37,2025
5076,1,2025-09-13,-238,2,37,2025
5077,2,2025-09-13,-21,2,37,2025
5078,3,2025-09-13,-12,2,37,2025
5079,4,2025-09-13,-60,2,37,2025
5080,5,2025-09-13,-7,2,37,2025
5081,1,2025-09-14,-447,2,37,2025
5082,2,2025-09-14,-26,2,37,2025
5083,3,2025-09-14,-11,2,37,2025
5084,4,2025-09-14,-121,2,37,2025
5085,5,2025-09-14,-1,2,37,2025
5086,1,2025-09-15,-210,2,38,2025
5087,2,2025-09-15,-36,2,38,2025
5088,3,2025-09-15,-29,2,38,2025
5089,4,2025-09-15,-128,2,38,2025
5090,5,2025-09-15,-7,2,38,2025
5091,1,2025-09-16,-191,2,38,2025
5092,2,2025-09-16,-24,2,38,2025
5093,3,2025-09-16,-22,2,38,2025
5094,4,2025-09-16,-129,2,38,2025
5095,5,2025-09-16,-6,2,38,2025
5096,1,2025-09-17,-172,2,38,2025
5097,2,2025-09-17,-32,2,38,2025
5098,3,2025-09-17,-13,2,38,2025
5099,4,2025-09-17,-106,2,38,2025
5100,5,2025-09-17,-6,2,38,2025
5101,1,2025-09-18,-187,2,38,2025
5102,2,2025-09-18,-13,2,38,2025
5103,3,2025-09-18,-14,2,38,2025
5104,4,2025-09-18,-134,2,38,2025
5105,5,2025-09-18,-6,2,38,2025
5106,1,2025-09-19,-164,2,38,2025
5107,2,2025-09-19,-31,2,38,2025
5108,3,2025-09-19,-6,2,38,2025
5109,4,2025-09-19,-137,2,38,2025
5110,5,2025-09-19,-14,2,38,2025
5111,1,2025-09-20,-184,2,38,2025
5112,2,2025-09-20,-29,2,38,2025
5113,3,2025-09-20,-11,2,38,2025
5114,4,2025-09-20,-92,2,38,2025
5115,5,2025-09-20,-1,2,38,2025
5116,1,2025-09-21,-224,2,38,2025
5117,2,2025-09-21,-29,2,38,2025
5118,3,2025-09-21,-13,2,38,2025
5119,4,2025-09-21,-116,2,38,2025
5120,5,2025-09-21,-6,2,38,2025
5121,1,2025-09-22,-202,2,39,2025
5122,2,2025-09-22,-37,2,39,2025
5123,3,2025-09-22,-10,2,39,2025
5124,4,2025-09-22,-148,2,39,2025
5125,5,2025-09-22,-5,2,39,2025
5126,1,2025-09-23,-179,2,39,2025
5127,2,2025-09-23,-31,2,39,2025
5128,3,2025-09-23,-11,2,39,2025
5129,4,2025-09-23,-108,2,39,2025
5130,5,2025-09-23,-6,2,39,2025
5131,1,2025-09-24,-194,2,39,2025
5132,2,2025-09-24,-70,2,39,2025
5133,3,2025-09-24,-9,2,39,2025
5134,4,2025-09-24,-117,2,39,2025
5135,5,2025-09-24,-6,2,39,2025
5136,1,2025-09-25,-196,2,39,2025
5137,2,2025-09-25,-20,2,39,2025
5138,3,2025-09-25,-10,2,39,2025
5139,4,2025-09-25,-150,2,39,2025
5140,5,2025-09-25,-6,2,39,2025
5141,1,2025-09-26,-240,2,39,2025
5142,2,2025-09-26,-36,2,39,2025
5143,3,2025-09-26,-10,2,39,2025
5144,4,2025-09-26,-145,2,39,2025
5145,5,2025-09-26,-7,2,39,2025
5146,1,2025-09-27,-279,2,39,2025
5147,2,2025-09-27,-19,2,39,2025
5148,3,2025-09-27,-3,2,39,2025
5149,4,2025-09-27,-111,2,39,2025
5150,5,2025-09-27,-6,2,39,2025
5151,1,2025-09-28,-219,2,39,2025
5152,2,2025-09-28,-34,2,39,2025
5153,3,2025-09-28,-12,2,39,2025
5154,4,2025-09-28,-86,2,39,2025
5155,5,2025-09-28,-12,2,39,2025
5156,1,2025-09-29,-184,2,40,2025
5157,2,2025-09-29,-25,2,40,2025
5158,3,2025-09-29,-12,2,40,2025
5159,4,2025-09-29,-143,2,40,2025
5160,5,2025-09-29,-6,2,40,2025
5161,1,2025-09-30,-231,2,40,2025
5162,2,2025-09-30,-26,2,40,2025
5163,3,2025-09-30,-11,2,40,2025
5164,4,2025-09-30,-145,2,40,2025
5165,5,2025-09-30,-6,2,40,2025
5166,1,2025-10-01,-155,2,40,2025
5167,2,2025-10-01,-24,2,40,2025
5168,3,2025-10-01,-11,2,40,2025
5169,4,2025-10-01,-127,2,40,2025
5170,5,2025-10-01,-6,2,40,2025
5171,1,2025-10-02,-218,2,40,2025
5172,2,2025-10-02,-27,2,40,2025
5173,3,2025-10-02,-12,2,40,2025
5174,4,2025-10-02,-85,2,40,2025
5175,5,2025-10-02,-6,2,40,2025
5176,1,2025-10-03,-255,2,40,2025
5177,2,2025-10-03,-16,2,40,2025
5178,3,2025-10-03,-11,2,40,2025
5179,5,2025-10-03,-6,2,40,2025
5180,1,2025-10-04,-233,2,40,2025
5181,2,2025-10-04,-29,2,40,2025
5182,3,2025-10-04,-9,2,40,2025
5183,4,2025-10-04,-153,2,40,2025
5184,5,2025-10-04,-6,2,40,2025
5185,1,2025-10-05,-204,2,40,2025
5186,2,2025-10-05,-31,2,40,2025
5187,3,2025-10-05,-11,2,40,2025
5188,4,2025-10-05,-120,2,40,2025
5189,5,2025-10-05,-13,2,40,2025
5190,1,2025-10-06,-173,2,41,2025
5191,2,2025-10-06,-26,2,41,2025
5192,3,2025-10-06,-10,2,41,2025
5193,4,2025-10-06,-112,2,41,2025
5194,5,2025-10-06,-7,2,41,2025
5195,1,2025-10-07,-207,2,41,2025
5196,2,2025-10-07,-26,2,41,2025
5197,3,2025-10-07,-12,2,41,2025
5198,4,2025-10-07,-126,2,41,2025
5199,1,2025-10-08,-148,2,41,2025
5200,2,2025-10-08,-37,2,41,2025
5201,3,2025-10-08,-13,2,41,2025
5202,4,2025-10-08,-159,2,41,2025
5203,5,2025-10-08,-6,2,41,2025
5204,1,2025-10-09,-258,2,41,2025
5205,2,2025-10-09,-29,2,41,2025
5206,3,2025-10-09,-25,2,41,2025
5207,4,2025-10-09,-138,2,41,2025
5208,5,2025-10-09,-6,2,41,2025
5209,1,2025-10-10,-163,2,41,2025
5210,2,2025-10-10,-26,2,41,2025
5211,3,2025-10-10,-12,2,41,2025
5212,4,2025-10-10,-144,2,41,2025
5213,5,2025-10-10,-4,2,41,2025
5214,1,2025-10-11,-235,2,41,2025
5215,2,2025-10-11,-27,2,41,2025
5216,3,2025-10-11,-12,2,41,2025
5217,4,2025-10-11,-130,2,41,2025
5218,5,2025-10-11,-5,2,41,2025
5219,1,2025-10-12,-220,2,41,2025
5220,2,2025-10-12,-28,2,41,2025
5221,3,2025-10-12,-14,2,41,2025
5222,4,2025-10-12,-149,2,41,2025
5223,5,2025-10-12,-4,2,41,2025
5224,1,2025-10-13,-205,2,42,2025
5225,2,2025-10-13,-30,2,42,2025
5226,3,2025-10-13,-13,2,42,2025
5227,4,2025-10-13,-131,2,42,2025
5228,5,2025-10-13,-5,2,42,2025
5229,1,2025-10-14,-187,2,42,2025
5230,2,2025-10-14,-34,2,42,2025
5231,3,2025-10-14,-13,2,42,2025
5232,4,2025-10-14,-121,2,42,2025
5233,5,2025-10-14,-6,2,42,2025
5234,1,2025-10-15,-176,2,42,2025
5235,2,2025-10-15,-31,2,42,2025
5236,3,2025-10-15,-13,2,42,2025
5237,4,2025-10-15,-116,2,42,2025
5238,5,2025-10-15,-5,2,42,2025
5239,1,2025-10-16,-85,2,42,2025
5240,2,2025-10-16,-28,2,42,2025
5241,3,2025-10-16,-12,2,42,2025
5242,4,2025-10-16,-105,2,42,2025
5243,5,2025-10-16,-5,2,42,2025
5244,1,2025-10-17,-215,2,42,2025
5245,2,2025-10-17,-32,2,42,2025
5246,3,2025-10-17,-10,2,42,2025
5247,4,2025-10-17,-123,2,42,2025
5248,5,2025-10-17,-6,2,42,2025
5249,1,2025-10-18,-235,2,42,2025
5250,2,2025-10-18,-30,2,42,2025
5251,3,2025-10-18,-10,2,42,2025
5252,4,2025-10-18,-143,2,42,2025
5253,5,2025-10-18,-6,2,42,2025
5254,1,2025-10-19,-288,2,42,2025
5255,2,2025-10-19,-35,2,42,2025
5256,3,2025-10-19,-14,2,42,2025
5257,4,2025-10-19,-129,2,42,2025
5258,5,2025-10-19,-9,2,42,2025
5259,1,2025-10-20,-202,2,43,2025
5260,2,2025-10-20,-11,2,43,2025
5261,3,2025-10-20,-13,2,43,2025
5262,4,2025-10-20,-155,2,43,2025
5263,5,2025-10-20,-5,2,43,2025
5264,1,2025-10-21,-184,2,43,2025
5265,2,2025-10-21,-33,2,43,2025
5266,3,2025-10-21,-12,2,43,2025
5267,4,2025-10-21,-117,2,43,2025
5268,5,2025-10-21,-5,2,43,2025
5269,1,2025-10-22,-237,2,43,2025
5270,2,2025-10-22,-28,2,43,2025
5271,3,2025-10-22,-10,2,43,2025
5272,4,2025-10-22,-44,2,43,2025
5273,5,2025-10-22,-5,2,43,2025
5274,1,2025-10-23,-227,2,43,2025
5275,2,2025-10-23,-34,2,43,2025
5276,3,2025-10-23,-11,2,43,2025
5277,4,2025-10-23,-104,2,43,2025
5278,5,2025-10-23,-5,2,43,2025
5279,1,2025-10-24,-213,2,43,2025
5280,2,2025-10-24,-29,2,43,2025
5281,3,2025-10-24,-10,2,43,2025
5282,4,2025-10-24,-130,2,43,2025
5283,5,2025-10-24,-4,2,43,2025
5284,1,2025-10-25,-238,2,43,2025
5285,2,2025-10-25,-30,2,43,2025
5286,3,2025-10-25,-10,2,43,2025
5287,4,2025-10-25,-140,2,43,2025
5288,5,2025-10-25,-6,2,43,2025
5289,1,2025-10-26,-281,2,43,2025
5290,2,2025-10-26,-30,2,43,2025
5291,3,2025-10-26,-10,2,43,2025
5292,4,2025-10-26,-125,2,43,2025
5293,5,2025-10-26,-5,2,43,2025
5294,1,2025-10-27,-165,2,44,2025
5295,2,2025-10-27,-31,2,44,2025
5296,3,2025-10-27,-12,2,44,2025
5297,4,2025-10-27,-130,2,44,2025
5298,5,2025-10-27,-5,2,44,2025
5299,1,2025-10-28,-125,2,44,2025
5300,2,2025-10-28,-11,2,44,2025
5301,3,2025-10-28,-12,2,44,2025
5302,4,2025-10-28,-108,2,44,2025
5303,5,2025-10-28,-5,2,44,2025
5304,1,2025-10-29,-214,2,44,2025
5305,2,2025-10-29,-35,2,44,2025
5306,3,2025-10-29,-10,2,44,2025
5307,4,2025-10-29,-110,2,44,2025
5308,5,2025-10-29,-6,2,44,2025
5309,1,2025-10-30,-211,2,44,2025
5310,2,2025-10-30,-35,2,44,2025
5311,3,2025-10-30,-11,2,44,2025
5312,4,2025-10-30,-151,2,44,2025
5313,5,2025-10-30,-5,2,44,2025
5314,1,2025-10-31,-142,2,44,2025
5315,2,2025-10-31,-30,2,44,2025
5316,3,2025-10-31,-11,2,44,2025
5317,4,2025-10-31,-178,2,44,2025
5318,5,2025-10-31,-7,2,44,2025
5319,1,2025-11-01,-215,2,44,2025
5320,2,2025-11-01,-24,2,44,2025
5321,3,2025-11-01,-27,2,44,2025
5322,4,2025-11-01,-145,2,44,2025
5323,5,2025-11-01,-4,2,44,2025
5324,1,2025-11-02,-172,2,44,2025
5325,2,2025-11-02,-34,2,44,2025
5326,3,2025-11-02,-10,2,44,2025
5327,4,2025-11-02,-117,2,44,2025
5328,5,2025-11-02,-6,2,44,2025
5329,1,2025-11-03,-215,2,45,2025
5330,2,2025-11-03,-31,2,45,2025
5331,3,2025-11-03,-11,2,45,2025
5332,4,2025-11-03,-139,2,45,2025
5333,5,2025-11-03,-6,2,45,2025
5334,1,2025-11-04,-173,2,45,2025
5335,2,2025-11-04,-28,2,45,2025
5336,3,2025-11-04,-15,2,45,2025
5337,4,2025-11-04,-118,2,45,2025
5338,5,2025-11-04,-6,2,45,2025
5339,1,2025-11-05,-245,2,45,2025
5340,2,2025-11-05,-34,2,45,2025
5341,3,2025-11-05,-13,2,45,2025
5342,4,2025-11-05,-117,2,45,2025
5343,5,2025-11-05,-1,2,45,2025
5344,1,2025-11-06,-216,2,45,2025
5345,2,2025-11-06,-34,2,45,2025
5346,3,2025-11-06,-13,2,45,2025
5347,4,2025-11-06,-113,2,45,2025
5348,5,2025-11-06,-6,2,45,2025
5349,1,2025-11-07,-242,2,45,2025
5350,2,2025-11-07,-24,2,45,2025
5351,3,2025-11-07,-13,2,45,2025
5352,4,2025-11-07,-103,2,45,2025
5353,5,2025-11-07,-4,2,45,2025
5354,1,2025-11-08,-233,2,45,2025
5355,2,2025-11-08,-26,2,45,2025
5356,3,2025-11-08,-3,2,45,2025
5357,4,2025-11-08,-114,2,45,2025
5358,5,2025-11-08,-4,2,45,2025
5359,1,2025-11-09,-311,2,45,2025
5360,2,2025-11-09,-29,2,45,2025
5361,3,2025-11-09,-11,2,45,2025
5362,4,2025-11-09,-127,2,45,2025
5363,5,2025-11-09,-6,2,45,2025
5364,1,2025-11-10,-200,2,46,2025
5365,2,2025-11-10,-29,2,46,2025
5366,3,2025-11-10,-16,2,46,2025
5367,4,2025-11-10,-35,2,46,2025
5368,5,2025-11-10,-6,2,46,2025
5369,1,2025-11-11,-143,2,46,2025
5370,2,2025-11-11,-21,2,46,2025
5371,3,2025-11-11,-17,2,46,2025
5372,4,2025-11-11,-100,2,46,2025
5373,5,2025-11-11,-4,2,46,2025
5374,1,2025-11-12,-210,2,46,2025
5375,2,2025-11-12,-31,2,46,2025
5376,3,2025-11-12,-12,2,46,2025
5377,4,2025-11-12,-126,2,46,2025
5378,5,2025-11-12,-4,2,46,2025
5379,1,2025-11-13,-205,2,46,2025
5380,2,2025-11-13,-28,2,46,2025
5381,3,2025-11-13,-13,2,46,2025
5382,4,2025-11-13,-114,2,46,2025
5383,5,2025-11-13,-7,2,46,2025
5384,1,2025-11-14,-205,2,46,2025
5385,2,2025-11-14,-27,2,46,2025
5386,3,2025-11-14,-8,2,46,2025
5387,4,2025-11-14,-83,2,46,2025
5388,5,2025-11-14,-5,2,46,2025
5389,1,2025-11-15,-223,2,46,2025
5390,2,2025-11-15,-28,2,46,2025
5391,3,2025-11-15,-11,2,46,2025
5392,4,2025-11-15,-121,2,46,2025
5393,5,2025-11-15,-6,2,46,2025
5394,1,2025-11-16,-267,2,46,2025
5395,2,2025-11-16,-30,2,46,2025
5396,3,2025-11-16,-11,2,46,2025
5397,4,2025-11-16,-116,2,46,2025
5398,5,2025-11-16,-6,2,46,2025
5399,1,2025-11-17,-185,2,47,2025
5400,2,2025-11-17,-30,2,47,2025
5401,3,2025-11-17,-12,2,47,2025
5402,4,2025-11-17,-153,2,47,2025
5403,5,2025-11-17,-6,2,47,2025
5404,1,2025-11-18,-179,2,47,2025
5405,2,2025-11-18,-69,2,47,2025
5406,3,2025-11-18,-15,2,47,2025
5407,4,2025-11-18,-141,2,47,2025
5408,5,2025-11-18,-7,2,47,2025
5409,1,2025-11-19,-85,2,47,2025
5410,2,2025-11-19,-32,2,47,2025
5411,3,2025-11-19,-13,2,47,2025
5412,4,2025-11-19,-167,2,47,2025
5413,5,2025-11-19,-5,2,47,2025
5414,1,2025-11-20,-177,2,47,2025
5415,2,2025-11-20,-26,2,47,2025
5416,3,2025-11-20,-14,2,47,2025
5417,4,2025-11-20,-132,2,47,2025
5418,5,2025-11-20,-5,2,47,2025
5419,1,2025-11-21,-179,2,47,2025
5420,2,2025-11-21,-29,2,47,2025
5421,3,2025-11-21,-13,2,47,2025
5422,4,2025-11-21,-97,2,47,2025
5423,5,2025-11-21,-4,2,47,2025
5424,1,2025-11-22,-227,2,47,2025
5425,2,2025-11-22,-30,2,47,2025
5426,3,2025-11-22,-10,2,47,2025
5427,4,2025-11-22,-28,2,47,2025
5428,5,2025-11-22,-5,2,47,2025
5429,1,2025-11-23,-205,2,47,2025
5430,2,2025-11-23,-33,2,47,2025
5431,3,2025-11-23,-3,2,47,2025
5432,5,2025-11-23,-4,2,47,2025
5433,1,2025-11-24,-191,2,48,2025
5434,2,2025-11-24,-28,2,48,2025
5435,3,2025-11-24,-10,2,48,2025
5436,4,2025-11-24,-58,2,48,2025
5437,5,2025-11-24,-5,2,48,2025
5438,1,2025-11-25,-185,2,48,2025
5439,2,2025-11-25,-29,2,48,2025
5440,3,2025-11-25,-13,2,48,2025
5441,4,2025-11-25,-113,2,48,2025
5442,5,2025-11-25,-8,2,48,2025
5443,1,2025-11-26,-228,2,48,2025
5444,2,2025-11-26,-26,2,48,2025
5445,3,2025-11-26,-13,2,48,2025
5446,4,2025-11-26,-43,2,48,2025
5447,5,2025-11-26,-7,2,48,2025
5448,1,2025-11-27,-149,2,48,2025
5449,2,2025-11-27,-37,2,48,2025
5450,3,2025-11-27,-11,2,48,2025
5451,4,2025-11-27,-180,2,48,2025
5452,5,2025-11-27,-5,2,48,2025
5453,1,2025-11-28,-210,2,48,2025
5454,2,2025-11-28,-25,2,48,2025
5455,4,2025-11-28,-142,2,48,2025
5456,5,2025-11-28,-10,2,48,2025
5457,1,2025-11-29,-250,2,48,2025
5458,2,2025-11-29,-31,2,48,2025
5459,3,2025-11-29,-10,2,48,2025
5460,4,2025-11-29,-145,2,48,2025
5461,5,2025-11-29,-5,2,48,2025
5462,1,2025-11-30,-180,2,48,2025
5463,2,2025-11-30,-33,2,48,2025
5464,3,2025-11-30,-9,2,48,2025
5465,4,2025-11-30,-152,2,48,2025
5466,5,2025-11-30,-7,2,48,2025
5467,1,2025-12-01,-244,2,49,2025
5468,2,2025-12-01,-25,2,49,2025
5469,3,2025-12-01,-11,2,49,2025
5470,4,2025-12-01,-134,2,49,2025
5471,5,2025-12-01,-5,2,49,2025
5472,1,2025-12-02,-189,2,49,2025
5473,2,2025-12-02,-27,2,49,2025
5474,3,2025-12-02,-13,2,49,2025
5475,4,2025-12-02,-130,2,49,2025
5476,5,2025-12-02,-4,2,49,2025
5477,1,2025-12-03,-207,2,49,2025
5478,2,2025-12-03,-32,2,49,2025
5479,3,2025-12-03,-10,2,49,2025
5480,4,2025-12-03,-113,2,49,2025
5481,5,2025-12-03,-6,2,49,2025
5482,1,2025-12-04,-192,2,49,2025
5483,2,2025-12-04,-33,2,49,2025
5484,3,2025-12-04,-14,2,49,2025
5485,4,2025-12-04,-155,2,49,2025
5486,5,2025-12-04,-6,2,49,2025
5487,1,2025-12-05,-201,2,49,2025
5488,2,2025-12-05,-29,2,49,2025
5489,3,2025-12-05,-10,2,49,2025
5490,4,2025-12-05,-144,2,49,2025
5491,5,2025-12-05,-4,2,49,2025
5492,1,2025-12-06,-263,2,49,2025
5493,2,2025-12-06,-25,2,49,2025
5494,3,2025-12-06,-10,2,49,2025
5495,4,2025-12-06,-114,2,49,2025
5496,5,2025-12-06,-6,2,49,2025
5497,1,2025-12-07,-189,2,49,2025
5498,2,2025-12-07,-35,2,49,2025
5499,3,2025-12-07,-9,2,49,2025
5500,4,2025-12-07,-149,2,49,2025
5501,5,2025-12-07,-7,2,49,2025
5502,1,2025-12-08,-183,2,50,2025
5503,2,2025-12-08,-29,2,50,2025
5504,3,2025-12-08,-2,2,50,2025
5505,4,2025-12-08,-111,2,50,2025
5506,5,2025-12-08,-6,2,50,2025
5507,1,2025-12-09,-199,2,50,2025
5508,2,2025-12-09,-34,2,50,2025
5509,3,2025-12-09,-10,2,50,2025
5510,4,2025-12-09,-126,2,50,2025
5511,5,2025-12-09,-1,2,50,2025
5512,1,2025-12-10,-169,2,50,2025
5513,2,2025-12-10,-12,2,50,2025
5514,3,2025-12-10,-12,2,50,2025
5515,4,2025-12-10,-116,2,50,2025
5516,5,2025-12-10,-5,2,50,2025
5517,1,2025-12-11,-191,2,50,2025
5518,2,2025-12-11,-26,2,50,2025
5519,3,2025-12-11,-11,2,50,2025
5520,4,2025-12-11,-106,2,50,2025
5521,5,2025-12-11,-15,2,50,2025
5522,1,2025-12-12,-265,2,50,2025
5523,2,2025-12-12,-20,2,50,2025
5524,3,2025-12-12,-37,2,50,2025
5525,4,2025-12-12,-126,2,50,2025
5526,5,2025-12-12,-6,2,50,2025
5527,1,2025-12-13,-188,2,50,2025
5528,2,2025-12-13,-22,2,50,2025
5529,3,2025-12-13,-12,2,50,2025
5530,4,2025-12-13,-138,2,50,2025
5531,5,2025-12-13,-4,2,50,2025
5532,1,2025-12-14,-223,2,50,2025
5533,2,2025-12-14,-26,2,50,2025
5534,3,2025-12-14,-13,2,50,2025
5535,4,2025-12-14,-129,2,50,2025
5536,5,2025-12-14,-4,2,50,2025
5537,1,2025-12-15,-147,2,51,2025
5538,2,2025-12-15,-23,2,51,2025
5539,3,2025-12-15,-11,2,51,2025
5540,4,2025-12-15,-132,2,51,2025
5541,5,2025-12-15,-5,2,51,2025
5542,1,2025-12-16,-240,2,51,2025
5543,2,2025-12-16,-30,2,51,2025
5544,3,2025-12-16,-12,2,51,2025
5545,4,2025-12-16,-242,2,51,2025
5546,5,2025-12-16,-4,2,51,2025
5547,1,2025-12-17,-185,2,51,2025
5548,2,2025-12-17,-33,2,51,2025
5549,3,2025-12-17,-3,2,51,2025
5550,4,2025-12-17,-147,2,51,2025
5551,5,2025-12-17,-6,2,51,2025
5552,1,2025-12-18,-244,2,51,2025
5553,2,2025-12-18,-38,2,51,2025
5554,3,2025-12-18,-12,2,51,2025
5555,4,2025-12-18,-113,2,51,2025
5556,5,2025-12-18,-5,2,51,2025
5557,1,2025-12-19,-183,2,51,2025
5558,2,2025-12-19,-32,2,51,2025
5559,3,2025-12-19,-14,2,51,2025
5560,4,2025-12-19,-135,2,51,2025
5561,5,2025-12-19,-3,2,51,2025
5562,1,2025-12-20,-135,2,51,2025
5563,2,2025-12-20,-26,2,51,2025
5564,3,2025-12-20,-12,2,51,2025
5565,4,2025-12-20,-100,2,51,2025
5566,5,2025-12-20,-4,2,51,2025
5567,1,2025-12-21,-273,2,51,2025
5568,2,2025-12-21,-29,2,51,2025
5569,3,2025-12-21,-12,2,51,2025
5570,4,2025-12-21,-98,2,51,2025
5571,5,2025-12-21,-6,2,51,2025
5572,1,2025-12-22,-168,2,52,2025
5573,2,2025-12-22,-28,2,52,2025
5574,3,2025-12-22,-12,2,52,2025
5575,4,2025-12-22,-131,2,52,2025
5576,5,2025-12-22,-5,2,52,2025
5577,1,2025-12-23,-222,2,52,2025
5578,2,2025-12-23,-25,2,52,2025
5579,3,2025-12-23,-8,2,52,2025
5580,4,2025-12-23,-143,2,52,2025
5581,5,2025-12-23,-5,2,52,2025
5582,1,2025-12-24,-369,2,52,2025
5583,2,2025-12-24,-64,2,52,2025
5584,3,2025-12-24,-20,2,52,2025
5585,4,2025-12-24,-202,2,52,2025
5586,5,2025-12-24,-12,2,52,2025
5587,1,2025-12-25,-226,2,52,2025
5588,2,2025-12-25,-35,2,52,2025
5589,3,2025-12-25,-25,2,52,2025
5590,4,2025-12-25,-235,2,52,2025
5591,5,2025-12-25,-10,2,52,2025
5592,1,2025-12-26,-384,2,52,2025
5593,2,2025-12-26,-66,2,52,2025
5594,3,2025-12-26,-19,2,52,2025
5595,4,2025-12-26,-259,2,52,2025
5596,5,2025-12-26,-10,2,52,2025
5597,1,2025-12-27,-505,2,52,2025
5598,2,2025-12-27,-74,2,52,2025
5599,3,2025-12-27,-20,2,52,2025
5600,4,2025-12-27,-322,2,52,2025
5601,5,2025-12-27,-11,2,52,2025
5602,1,2025-12-28,-525,2,52,2025
5603,2,2025-12-28,-66,2,52,2025
5604,3,2025-12-28,-22,2,52,2025
5605,4,2025-12-28,-206,2,52,2025
5606,5,2025-12-28,-14,2,52,2025
5607,1,2025-12-29,-386,2,1,2025
5608,2,2025-12-29,-22,2,1,2025
5609,3,2025-12-29,-29,2,1,2025
5610,4,2025-12-29,-512,2,1,2025
5611,5,2025-12-29,-11,2,1,2025
5612,1,2025-12-30,-351,2,1,2025
5613,2,2025-12-30,-55,2,1,2025
5614,3,2025-12-30,-22,2,1,2025
5615,4,2025-12-30,-237,2,1,2025
5616,5,2025-12-30,-13,2,1,2025
5617,1,2025-12-31,-320,2,1,2025
5618,2,2025-12-31,-67,2,1,2025
5619,3,2025-12-31,-21,2,1,2025
5620,4,2025-12-31,-255,2,1,2025
5621,5,2025-12-31,-12,2,1,2025
5622,1,2026-01-01,-232,2,1,2026
5623,2,2026-01-01,-39,2,1,2026
5624,3,2026-01-01,-19,2,1,2026
5625,4,2026-01-01,-198,2,1,2026
5626,5,2026-01-01,-9,2,1,2026
5627,1,2026-01-02,-579,2,1,2026
5628,2,2026-01-02,-45,2,1,2026
5629,3,2026-01-02,-13,2,1,2026
5630,4,2026-01-02,-212,2,1,2026
5631,5,2026-01-02,-7,2,1,2026
5632,1,2026-01-03,-295,2,1,2026
5633,2,2026-01-03,-46,2,1,2026
5634,3,2026-01-03,-20,2,1,2026
5635,4,2026-01-03,-211,2,1,2026
5636,5,2026-01-03,-8,2,1,2026
5637,1,2026-01-04,-202,2,1,2026
5638,2,2026-01-04,-31,2,1,2026
5639,3,2026-01-04,-12,2,1,2026
5640,4,2026-01-04,-142,2,1,2026
5641,5,2026-01-04,-6,2,1,2026
5642,1,2026-01-05,-203,2,2,2026
5643,2,2026-01-05,-29,2,2,2026
5644,3,2026-01-05,-14,2,2,2026
5645,4,2026-01-05,-107,2,2,2026
5646,5,2026-01-05,-6,2,2,2026
5647,1,2026-01-06,-232,2,2,2026
5648,2,2026-01-06,-37,2,2,2026
5649,3,2026-01-06,-13,2,2,2026
5650,4,2026-01-06,-113,2,2,2026
5651,5,2026-01-06,-6,2,2,2026
5652,1,2026-01-07,-124,2,2,2026
5653,2,2026-01-07,-28,2,2,2026
5654,3,2026-01-07,-13,2,2,2026
5655,4,2026-01-07,-136,2,2,2026
5656,5,2026-01-07,-4,2,2,2026
5657,1,2026-01-08,-255,2,2,2026
5658,2,2026-01-08,-24,2,2,2026
5659,3,2026-01-08,-12,2,2,2026
5660,4,2026-01-08,-106,2,2,2026
5661,5,2026-01-08,-5,2,2,2026
5662,1,2026-01-09,-174,2,2,2026
5663,2,2026-01-09,-35,2,2,2026
5664,3,2026-01-09,-12,2,2,2026
5665,4,2026-01-09,-166,2,2,2026
5666,5,2026-01-09,-1,2,2,2026
5667,1,2026-01-10,-227,2,2,2026
5668,2,2026-01-10,-37,2,2,2026
5669,3,2026-01-10,-12,2,2,2026
5670,4,2026-01-10,-159,2,2,2026
5671,5,2026-01-10,-2,2,2,2026
5672,1,2026-01-11,-224,2,2,2026
5673,2,2026-01-11,-38,2,2,2026
5674,3,2026-01-11,-13,2,2,2026
5675,4,2026-01-11,-211,2,2,2026
5676,5,2026-01-11,-5,2,2,2026
5677,1,2026-01-12,-205,2,3,2026
5678,2,2026-01-12,-26,2,3,2026
5679,3,2026-01-12,-12,2,3,2026
5680,4,2026-01-12,-135,2,3,2026
5681,5,2026-01-12,-6,2,3,2026
5682,1,2026-01-13,-233,2,3,2026
5683,2,2026-01-13,-31,2,3,2026
5684,3,2026-01-13,-11,2,3,2026
5685,4,2026-01-13,-142,2,3,2026
5686,5,2026-01-13,-7,2,3,2026
5687,1,2026-01-14,-250,2,3,2026
5688,2,2026-01-14,-30,2,3,2026
5689,3,2026-01-14,-12,2,3,2026
5690,4,2026-01-14,-150,2,3,2026
5691,5,2026-01-14,-5,2,3,2026
5692,1,2026-01-15,-257,2,3,2026
5693,2,2026-01-15,-26,2,3,2026
5694,3,2026-01-15,-11,2,3,2026
5695,4,2026-01-15,-151,2,3,2026
5696,5,2026-01-15,-5,2,3,2026
5697,1,2026-01-16,-182,2,3,2026
5698,2,2026-01-16,-64,2,3,2026
5699,3,2026-01-16,-13,2,3,2026
5700,4,2026-01-16,-120,2,3,2026
5701,5,2026-01-16,-6,2,3,2026
5702,1,2026-01-17,-284,2,3,2026
5703,2,2026-01-17,-26,2,3,2026
5704,3,2026-01-17,-11,2,3,2026
5705,4,2026-01-17,-121,2,3,2026
5706,5,2026-01-17,-7,2,3,2026
5707,1,2026-01-18,-262,2,3,2026
5708,2,2026-01-18,-36,2,3,2026
5709,3,2026-01-18,-11,2,3,2026
5710,4,2026-01-18,-122,2,3,2026
5711,5,2026-01-18,-5,2,3,2026
5712,1,2026-01-19,-156,2,4,2026
5713,2,2026-01-19,-34,2,4,2026
5714,3,2026-01-19,-11,2,4,2026
5715,4,2026-01-19,-140,2,4,2026
5716,5,2026-01-19,-6,2,4,2026
5717,1,2026-01-20,-169,2,4,2026
5718,2,2026-01-20,-31,2,4,2026
5719,3,2026-01-20,-12,2,4,2026
5720,4,2026-01-20,-110,2,4,2026
5721,5,2026-01-20,-6,2,4,2026
5722,1,2026-01-21,-123,2,4,2026
5723,2,2026-01-21,-13,2,4,2026
5724,3,2026-01-21,-14,2,4,2026
5725,4,2026-01-21,-114,2,4,2026
5726,5,2026-01-21,-7,2,4,2026
5727,1,2026-01-22,-206,2,4,2026
5728,2,2026-01-22,-32,2,4,2026
5729,3,2026-01-22,-13,2,4,2026
5730,4,2026-01-22,-139,2,4,2026
5731,5,2026-01-22,-5,2,4,2026
5732,1,2026-01-23,-166,2,4,2026
5733,2,2026-01-23,-10,2,4,2026
5734,3,2026-01-23,-8,2,4,2026
5735,4,2026-01-23,-115,2,4,2026
5736,5,2026-01-23,-5,2,4,2026
5737,1,2026-01-24,-224,2,4,2026
5738,2,2026-01-24,-34,2,4,2026
5739,3,2026-01-24,-13,2,4,2026
5740,4,2026-01-24,-154,2,4,2026
5741,5,2026-01-24,-5,2,4,2026
5742,1,2026-01-25,-239,2,4,2026
5743,2,2026-01-25,-30,2,4,2026
5744,3,2026-01-25,-12,2,4,2026
5745,4,2026-01-25,-131,2,4,2026
5746,5,2026-01-25,-5,2,4,2026
5747,1,2026-01-26,-251,2,5,2026
5748,2,2026-01-26,-72,2,5,2026
5749,3,2026-01-26,-10,2,5,2026
5750,4,2026-01-26,-165,2,5,2026
5751,5,2026-01-26,-6,2,5,2026
5752,1,2026-01-27,-187,2,5,2026
5753,2,2026-01-27,-26,2,5,2026
5754,3,2026-01-27,-14,2,5,2026
5755,4,2026-01-27,-129,2,5,2026
5756,5,2026-01-27,-5,2,5,2026
5757,1,2026-01-28,-172,2,5,2026
5758,2,2026-01-28,-11,2,5,2026
5759,3,2026-01-28,-11,2,5,2026
5760,4,2026-01-28,-129,2,5,2026
5761,5,2026-01-28,-2,2,5,2026
5762,1,2026-01-29,-149,2,5,2026
5763,2,2026-01-29,-25,2,5,2026
5764,3,2026-01-29,-9,2,5,2026
5765,4,2026-01-29,-134,2,5,2026
5766,5,2026-01-29,-4,2,5,2026
5767,1,2026-01-30,-257,2,5,2026
5768,2,2026-01-30,-35,2,5,2026
5769,3,2026-01-30,-12,2,5,2026
5770,4,2026-01-30,-96,2,5,2026
5771,5,2026-01-30,-4,2,5,2026
5772,1,2026-01-31,-250,2,5,2026
5773,2,2026-01-31,-35,2,5,2026
5774,3,2026-01-31,-13,2,5,2026
5775,4,2026-01-31,-117,2,5,2026
5776,5,2026-01-31,-4,2,5,2026
5777,1,2026-02-01,-109,2,5,2026
5778,2,2026-02-01,-8,2,5,2026
5779,3,2026-02-01,-11,2,5,2026
5780,4,2026-02-01,-143,2,5,2026
5781,5,2026-02-01,-4,2,5,2026
5782,1,2026-02-02,-211,2,6,2026
5783,2,2026-02-02,-24,2,6,2026
5784,3,2026-02-02,-14,2,6,2026
5785,4,2026-02-02,-131,2,6,2026
5786,5,2026-02-02,-5,2,6,2026
5787,1,2026-02-03,-87,2,6,2026
5788,2,2026-02-03,-23,2,6,2026
5789,3,2026-02-03,-11,2,6,2026
5790,4,2026-02-03,-145,2,6,2026
5791,5,2026-02-03,-5,2,6,2026
5792,1,2026-02-04,-229,2,6,2026
5793,2,2026-02-04,-30,2,6,2026
5794,3,2026-02-04,-13,2,6,2026
5795,4,2026-02-04,-95,2,6,2026
5796,5,2026-02-04,-6,2,6,2026
5797,1,2026-02-05,-198,2,6,2026
5798,2,2026-02-05,-22,2,6,2026
5799,3,2026-02-05,-11,2,6,2026
5800,4,2026-02-05,-137,2,6,2026
5801,5,2026-02-05,-6,2,6,2026
5802,1,2026-02-06,-210,2,6,2026
5803,2,2026-02-06,-35,2,6,2026
5804,3,2026-02-06,-14,2,6,2026
5805,4,2026-02-06,-104,2,6,2026
5806,5,2026-02-06,-5,2,6,2026
5807,1,2026-02-07,-290,2,6,2026
5808,2,2026-02-07,-29,2,6,2026
5809,3,2026-02-07,-13,2,6,2026
5810,5,2026-02-07,-6,2,6,2026
5811,1,2026-02-08,-249,2,6,2026
5812,2,2026-02-08,-26,2,6,2026
5813,3,2026-02-08,-8,2,6,2026
5814,4,2026-02-08,-145,2,6,2026
5815,5,2026-02-08,-7,2,6,2026
5816,1,2026-02-09,-221,2,7,2026
5817,2,2026-02-09,-33,2,7,2026
5818,3,2026-02-09,-11,2,7,2026
5819,4,2026-02-09,-139,2,7,2026
5820,5,2026-02-09,-6,2,7,2026
5821,1,2026-02-10,-225,2,7,2026
5822,2,2026-02-10,-35,2,7,2026
5823,3,2026-02-10,-32,2,7,2026
5824,4,2026-02-10,-108,2,7,2026
5825,5,2026-02-10,-6,2,7,2026
5826,1,2026-02-11,-215,2,7,2026
5827,2,2026-02-11,-29,2,7,2026
5828,3,2026-02-11,-8,2,7,2026
5829,4,2026-02-11,-138,2,7,2026
5830,5,2026-02-11,-6,2,7,2026
5831,1,2026-02-12,-153,2,7,2026
5832,2,2026-02-12,-23,2,7,2026
5833,3,2026-02-12,-12,2,7,2026
5834,4,2026-02-12,-112,2,7,2026
5835,5,2026-02-12,-2,2,7,2026
5836,1,2026-02-13,-195,2,7,2026
5837,2,2026-02-13,-27,2,7,2026
5838,3,2026-02-13,-5,2,7,2026
5839,4,2026-02-13,-139,2,7,2026
5840,5,2026-02-13,-5,2,7,2026
5841,1,2026-02-14,-256,2,7,2026
5842,2,2026-02-14,-25,2,7,2026
5843,3,2026-02-14,-10,2,7,2026
5844,4,2026-02-14,-117,2,7,2026
5845,5,2026-02-14,-6,2,7,2026
5846,1,2026-02-15,-265,2,7,2026
5847,2,2026-02-15,-28,2,7,2026
5848,3,2026-02-15,-9,2,7,2026
5849,4,2026-02-15,-134,2,7,2026
5850,5,2026-02-15,-6,2,7,2026
5851,1,2026-02-16,-201,2,8,2026
5852,2,2026-02-16,-31,2,8,2026
5853,3,2026-02-16,-12,2,8,2026
5854,4,2026-02-16,-124,2,8,2026
5855,5,2026-02-16,-5,2,8,2026
5856,1,2026-02-17,-177,2,8,2026
5857,2,2026-02-17,-24,2,8,2026
5858,3,2026-02-17,-11,2,8,2026
5859,4,2026-02-17,-143,2,8,2026
5860,5,2026-02-17,-6,2,8,2026
5861,1,2026-02-18,-207,2,8,2026
5862,2,2026-02-18,-29,2,8,2026
5863,3,2026-02-18,-13,2,8,2026
5864,4,2026-02-18,-133,2,8,2026
5865,5,2026-02-18,-7,2,8,2026
5866,1,2026-02-19,-211,2,8,2026
5867,2,2026-02-19,-25,2,8,2026
5868,3,2026-02-19,-11,2,8,2026
5869,4,2026-02-19,-140,2,8,2026
5870,5,2026-02-19,-4,2,8,2026
5871,1,2026-02-20,-172,2,8,2026
5872,2,2026-02-20,-26,2,8,2026
5873,3,2026-02-20,-12,2,8,2026
5874,4,2026-02-20,-86,2,8,2026
5875,5,2026-02-20,-5,2,8,2026
5876,1,2026-02-21,-292,2,8,2026
5877,2,2026-02-21,-26,2,8,2026
5878,3,2026-02-21,-9,2,8,2026
5879,4,2026-02-21,-147,2,8,2026
5880,5,2026-02-21,-6,2,8,2026
5881,1,2026-02-22,-247,2,8,2026
5882,2,2026-02-22,-32,2,8,2026
5883,3,2026-02-22,-10,2,8,2026
5884,4,2026-02-22,-124,2,8,2026
5885,5,2026-02-22,-3,2,8,2026
5886,1,2026-02-23,-562,2,9,2026
5887,2,2026-02-23,-21,2,9,2026
5888,3,2026-02-23,-14,2,9,2026
5889,4,2026-02-23,-137,2,9,2026
5890,5,2026-02-23,-2,2,9,2026
5891,1,2026-02-24,-186,2,9,2026
5892,2,2026-02-24,-28,2,9,2026
5893,3,2026-02-24,-12,2,9,2026
5894,4,2026-02-24,-112,2,9,2026
5895,5,2026-02-24,-5,2,9,2026
5896,1,2026-02-25,-194,2,9,2026
5897,2,2026-02-25,-25,2,9,2026
5898,3,2026-02-25,-10,2,9,2026
5899,4,2026-02-25,-156,2,9,2026
5900,5,2026-02-25,-7,2,9,2026
5901,1,2026-02-26,-186,2,9,2026
5902,2,2026-02-26,-41,2,9,2026
5903,3,2026-02-26,-15,2,9,2026
5904,4,2026-02-26,-99,2,9,2026
5905,5,2026-02-26,-7,2,9,2026
5906,2,2026-02-27,-38,2,9,2026
5907,3,2026-02-27,-10,2,9,2026
5908,4,2026-02-27,-170,2,9,2026
5909,5,2026-02-27,-6,2,9,2026
5910,1,2026-02-28,-242,2,9,2026
5911,2,2026-02-28,-30,2,9,2026
5912,3,2026-02-28,-8,2,9,2026
5913,4,2026-02-28,-136,2,9,2026
5914,5,2026-02-28,-4,2,9,2026
5915,1,2026-03-01,-235,2,9,2026
5916,2,2026-03-01,-28,2,9,2026
5917,3,2026-03-01,-12,2,9,2026
5918,4,2026-03-01,-123,2,9,2026
5919,5,2026-03-01,-6,2,9,2026
5920,1,2026-03-02,-226,2,10,2026
5921,2,2026-03-02,-32,2,10,2026
5922,3,2026-03-02,-12,2,10,2026
5923,4,2026-03-02,-114,2,10,2026
5924,5,2026-03-02,-5,2,10,2026
5925,1,2026-03-03,-234,2,10,2026
5926,2,2026-03-03,-35,2,10,2026
5927,3,2026-03-03,-33,2,10,2026
5928,4,2026-03-03,-120,2,10,2026
5929,5,2026-03-03,-4,2,10,2026
5930,1,2026-03-04,-242,2,10,2026
5931,2,2026-03-04,-22,2,10,2026
5932,3,2026-03-04,-10,2,10,2026
5933,4,2026-03-04,-130,2,10,2026
5934,5,2026-03-04,-5,2,10,2026
5935,1,2026-03-05,-167,2,10,2026
5936,2,2026-03-05,-26,2,10,2026
5937,3,2026-03-05,-10,2,10,2026
5938,4,2026-03-05,-98,2,10,2026
5939,5,2026-03-05,-4,2,10,2026
5940,1,2026-03-06,-154,2,10,2026
5941,2,2026-03-06,-29,2,10,2026
5942,3,2026-03-06,-13,2,10,2026
5943,4,2026-03-06,-158,2,10,2026
5944,5,2026-03-06,-7,2,10,2026
5945,1,2026-03-07,-231,2,10,2026
5946,2,2026-03-07,-35,2,10,2026
5947,3,2026-03-07,-14,2,10,2026
5948,4,2026-03-07,-150,2,10,2026
5949,5,2026-03-07,-6,2,10,2026
5950,1,2026-03-08,-201,2,10,2026
5951,2,2026-03-08,-25,2,10,2026
5952,3,2026-03-08,-13,2,10,2026
5953,4,2026-03-08,-154,2,10,2026
5954,5,2026-03-08,-5,2,10,2026
5955,1,2026-03-09,-171,2,11,2026
5956,2,2026-03-09,-35,2,11,2026
5957,3,2026-03-09,-9,2,11,2026
5958,4,2026-03-09,-149,2,11,2026
5959,5,2026-03-09,-6,2,11,2026
5960,1,2026-03-10,-303,2,11,2026
5961,2,2026-03-10,-58,2,11,2026
5962,3,2026-03-10,-17,2,11,2026
5963,4,2026-03-10,-278,2,11,2026
5964,5,2026-03-10,-5,2,11,2026
5965,1,2026-03-11,-445,2,11,2026
5966,2,2026-03-11,-47,2,11,2026
5967,3,2026-03-11,-21,2,11,2026
5968,4,2026-03-11,-298,2,11,2026
5969,5,2026-03-11,-10,2,11,2026
5970,1,2026-03-12,-141,2,11,2026
5971,2,2026-03-12,-52,2,11,2026
5972,3,2026-03-12,-27,2,11,2026
5973,4,2026-03-12,-204,2,11,2026
5974,5,2026-03-12,-10,2,11,2026
5975,1,2026-03-13,-401,2,11,2026
5976,2,2026-03-13,-39,2,11,2026
5977,3,2026-03-13,-17,2,11,2026
5978,4,2026-03-13,-195,2,11,2026
5979,5,2026-03-13,-11,2,11,2026
5980,1,2026-03-14,-388,2,11,2026
5981,2,2026-03-14,-50,2,11,2026
5982,3,2026-03-14,-25,2,11,2026
5983,4,2026-03-14,-228,2,11,2026
5984,5,2026-03-14,-13,2,11,2026
5985,1,2026-03-15,-495,2,11,2026
5986,2,2026-03-15,-45,2,11,2026
5987,3,2026-03-15,-24,2,11,2026
5988,4,2026-03-15,-263,2,11,2026
5989,5,2026-03-15,-8,2,11,2026
5990,1,2026-03-16,-326,2,12,2026
5991,2,2026-03-16,-52,2,12,2026
5992,3,2026-03-16,-19,2,12,2026
5993,4,2026-03-16,-259,2,12,2026
5994,5,2026-03-16,-9,2,12,2026
5995,1,2026-03-17,-306,2,12,2026
5996,2,2026-03-17,-52,2,12,2026
5997,3,2026-03-17,-27,2,12,2026
5998,4,2026-03-17,-216,2,12,2026
5999,5,2026-03-17,-10,2,12,2026
6000,1,2026-03-18,-350,2,12,2026
6001,2,2026-03-18,-63,2,12,2026
6002,3,2026-03-18,-22,2,12,2026
6003,4,2026-03-18,-167,2,12,2026
6004,5,2026-03-18,-10,2,12,2026
6005,1,2026-03-19,-371,2,12,2026
6006,2,2026-03-19,-65,2,12,2026
6007,3,2026-03-19,-7,2,12,2026
6008,4,2026-03-19,-240,2,12,2026
6009,5,2026-03-19,-8,2,12,2026
6010,1,2026-03-20,-337,2,12,2026
6011,2,2026-03-20,-44,2,12,2026
6012,3,2026-03-20,-19,2,12,2026
6013,4,2026-03-20,-232,2,12,2026
6014,5,2026-03-20,-8,2,12,2026
6015,1,2026-03-21,-408,2,12,2026
6016,2,2026-03-21,-61,2,12,2026
6017,3,2026-03-21,-20,2,12,2026
6018,4,2026-03-21,-263,2,12,2026
6019,5,2026-03-21,-13,2,12,2026
6020,1,2026-03-22,-273,2,12,2026
6021,2,2026-03-22,-69,2,12,2026
6022,3,2026-03-22,-28,2,12,2026
6023,4,2026-03-22,-203,2,12,2026
6024,5,2026-03-22,-11,2,12,2026
6025,1,2026-03-23,-343,2,13,2026
6026,2,2026-03-23,-41,2,13,2026
6027,3,2026-03-23,-25,2,13,2026
6028,4,2026-03-23,-230,2,13,2026
6029,5,2026-03-23,-3,2,13,2026
6030,1,2026-03-24,-361,2,13,2026
6031,2,2026-03-24,-44,2,13,2026
6032,3,2026-03-24,-6,2,13,2026
6033,4,2026-03-24,-265,2,13,2026
6034,5,2026-03-24,-29,2,13,2026
6035,1,2026-03-25,-442,2,13,2026
6036,2,2026-03-25,-49,2,13,2026
6037,3,2026-03-25,-19,2,13,2026
6038,4,2026-03-25,-153,2,13,2026
6039,5,2026-03-25,-8,2,13,2026
6040,1,2026-03-26,-379,2,13,2026
6041,2,2026-03-26,-39,2,13,2026
6042,3,2026-03-26,-18,2,13,2026
6043,4,2026-03-26,-182,2,13,2026
6044,5,2026-03-26,-10,2,13,2026
6045,2,2026-03-27,-52,2,13,2026
6046,3,2026-03-27,-18,2,13,2026
6047,4,2026-03-27,-201,2,13,2026
6048,5,2026-03-27,-9,2,13,2026
6049,1,2026-03-28,-413,2,13,2026
6050,2,2026-03-28,-64,2,13,2026
6051,3,2026-03-28,-23,2,13,2026
6052,4,2026-03-28,-280,2,13,2026
6053,5,2026-03-28,-14,2,13,2026
6054,1,2026-03-29,-493,2,13,2026
6055,2,2026-03-29,-47,2,13,2026
6056,3,2026-03-29,-23,2,13,2026
6057,4,2026-03-29,-225,2,13,2026
6058,5,2026-03-29,-11,2,13,2026
6059,1,2026-03-30,-406,2,14,2026
6060,2,2026-03-30,-47,2,14,2026
6061,3,2026-03-30,-22,2,14,2026
6062,4,2026-03-30,-335,2,14,2026
6063,5,2026-03-30,-10,2,14,2026
6064,1,2026-03-31,-112,2,14,2026
6065,2,2026-03-31,-61,2,14,2026
6066,3,2026-03-31,-22,2,14,2026
6067,4,2026-03-31,-230,2,14,2026
6068,5,2026-03-31,-10,2,14,2026
6069,1,2026-04-01,-150,2,14,2026
6070,2,2026-04-01,-58,2,14,2026
6071,3,2026-04-01,-24,2,14,2026
6072,4,2026-04-01,-267,2,14,2026
6073,5,2026-04-01,-16,2,14,2026
6074,1,2026-04-02,-335,2,14,2026
6075,2,2026-04-02,-78,2,14,2026
6076,3,2026-04-02,-22,2,14,2026
6077,4,2026-04-02,-333,2,14,2026
6078,5,2026-04-02,-3,2,14,2026
6079,1,2026-04-03,-579,2,14,2026
6080,2,2026-04-03,-59,2,14,2026
6081,3,2026-04-03,-25,2,14,2026
6082,4,2026-04-03,-324,2,14,2026
6083,5,2026-04-03,-15,2,14,2026
6084,1,2026-04-04,-453,2,14,2026
6085,2,2026-04-04,-86,2,14,2026
6086,3,2026-04-04,-21,2,14,2026
6087,4,2026-04-04,-250,2,14,2026
6088,5,2026-04-04,-14,2,14,2026
6089,1,2026-04-05,-466,2,14,2026
6090,2,2026-04-05,-74,2,14,2026
6091,3,2026-04-05,-27,2,14,2026
6092,4,2026-04-05,-326,2,14,2026
6093,5,2026-04-05,-16,2,14,2026
6094,1,2026-04-06,-382,2,15,2026
6095,2,2026-04-06,-68,2,15,2026
6096,3,2026-04-06,-24,2,15,2026
6097,4,2026-04-06,-263,2,15,2026
6098,5,2026-04-06,-15,2,15,2026
6099,1,2026-04-07,-374,2,15,2026
6100,2,2026-04-07,-73,2,15,2026
6101,3,2026-04-07,-23,2,15,2026
6102,4,2026-04-07,-295,2,15,2026
6103,5,2026-04-07,-12,2,15,2026
6104,1,2026-04-08,-104,2,15,2026
6105,2,2026-04-08,-59,2,15,2026
6106,3,2026-04-08,-24,2,15,2026
6107,4,2026-04-08,-294,2,15,2026
6108,5,2026-04-08,-10,2,15,2026
6109,1,2026-04-09,-198,2,15,2026
6110,2,2026-04-09,-78,2,15,2026
6111,3,2026-04-09,-22,2,15,2026
6112,4,2026-04-09,-231,2,15,2026
6113,5,2026-04-09,-4,2,15,2026
6114,1,2026-04-10,-267,2,15,2026
6115,2,2026-04-10,-65,2,15,2026
6116,3,2026-04-10,-21,2,15,2026
6117,4,2026-04-10,-256,2,15,2026
6118,5,2026-04-10,-9,2,15,2026
6119,1,2026-04-11,-579,2,15,2026
6120,2,2026-04-11,-109,2,15,2026
6121,3,2026-04-11,-25,2,15,2026
6122,4,2026-04-11,-280,2,15,2026
6123,5,2026-04-11,-11,2,15,2026
6124,2,2026-04-12,-45,2,15,2026
6125,3,2026-04-12,-31,2,15,2026
6126,4,2026-04-12,-178,2,15,2026
6127,5,2026-04-12,-10,2,15,2026
6128,1,2026-04-13,-128,2,16,2026
6129,2,2026-04-13,-55,2,16,2026
6130,3,2026-04-13,-19,2,16,2026
6131,4,2026-04-13,-325,2,16,2026
6132,5,2026-04-13,-11,2,16,2026
6133,1,2026-04-14,-435,2,16,2026
6134,2,2026-04-14,-58,2,16,2026
6135,3,2026-04-14,-23,2,16,2026
6136,4,2026-04-14,-303,2,16,2026
6137,5,2026-04-14,-10,2,16,2026
6138,1,2026-04-15,-446,2,16,2026
6139,2,2026-04-15,-62,2,16,2026
6140,3,2026-04-15,-22,2,16,2026
6141,4,2026-04-15,-272,2,16,2026
6142,5,2026-04-15,-12,2,16,2026
6143,1,2026-04-16,-463,2,16,2026
6144,2,2026-04-16,-74,2,16,2026
6145,3,2026-04-16,-22,2,16,2026
6146,4,2026-04-16,-196,2,16,2026
6147,5,2026-04-16,-12,2,16,2026
6148,1,2026-04-17,-523,2,16,2026
6149,2,2026-04-17,-75,2,16,2026
6150,3,2026-04-17,-19,2,16,2026
6151,4,2026-04-17,-263,2,16,2026
6152,5,2026-04-17,-13,2,16,2026
6153,1,2026-04-18,-547,2,16,2026
6154,2,2026-04-18,-70,2,16,2026
6155,3,2026-04-18,-26,2,16,2026
6156,4,2026-04-18,-208,2,16,2026
6157,5,2026-04-18,-12,2,16,2026
6158,1,2026-04-19,-520,2,16,2026
6159,2,2026-04-19,-32,2,16,2026
6160,3,2026-04-19,-23,2,16,2026
6161,4,2026-04-19,-191,2,16,2026
6162,5,2026-04-19,-11,2,16,2026
6163,1,2026-04-20,-494,2,17,2026
6164,2,2026-04-20,-61,2,17,2026
6165,3,2026-04-20,-24,2,17,2026
6166,4,2026-04-20,-301,2,17,2026
6167,5,2026-04-20,-27,2,17,2026
6168,1,2026-04-21,-530,2,17,2026
6169,2,2026-04-21,-72,2,17,2026
6170,3,2026-04-21,-27,2,17,2026
6171,4,2026-04-21,-354,2,17,2026
6172,5,2026-04-21,-6,2,17,2026
