groupe_id,debut_semaine,numero_semaine,annee,mois,_conso_reelle,conso_semaine_1,conso_moyenne_4sem,tendance_ratio_accel,campagne_nb_30j,budget_quota_libre,budget_ratio_libre,saison_multiplicateur,saison_conso_historique_semaine,evenement_prochain_jours,jours_avant_zero_rythme_event,target_conso_7j,target_conso_14j,target_conso_30j
1,2022-12-26 00:00:00+01:00,52,2022,12,385.0,0.0,0.0,0.0,0,0.0,0.0,1.0,0.0,4.0,999.0,1852.0,3587.0,6815.0
1,2023-01-02 00:00:00+01:00,1,2023,1,1852.0,385.0,385.0,1.0,1,0.0,0.0,3.53,385.0,1.0,999.0,1735.0,3261.0,6329.0
1,2023-01-09 00:00:00+01:00,2,2023,1,1735.0,1852.0,1118.5,1.6558,1,6123.0,0.8564,3.53,1118.5,1.0,10.8555,1526.0,3228.0,6050.0
1,2023-01-16 00:00:00+01:00,3,2023,1,1526.0,1735.0,1324.0,1.3104,2,4388.0,0.6137,2.61,1324.0,1.0,8.8887,1702.0,3068.0,5981.0
1,2023-01-23 00:00:00+01:00,4,2023,1,1702.0,1526.0,1374.5,1.1102,2,2862.0,0.4003,2.61,1374.5,1.0,5.5845,1366.0,2822.0,5687.0
1,2023-01-30 00:00:00+01:00,5,2023,1,1366.0,1702.0,1703.75,0.999,3,1160.0,0.1622,2.5,1703.75,1.0,1.9064,1456.0,2913.0,5815.0
1,2023-02-06 00:00:00+01:00,6,2023,2,1456.0,1366.0,1582.25,0.8633,2,7150.0,0.5,2.66,1582.25,1.0,11.8918,1457.0,2865.0,6514.0
1,2023-02-13 00:00:00+01:00,7,2023,2,1457.0,1456.0,1512.5,0.9626,3,5694.0,0.3982,2.66,1512.5,1.0,9.9069,1408.0,2902.0,7778.0
1,2023-02-20 00:00:00+01:00,8,2023,2,1408.0,1457.0,1495.25,0.9744,2,4237.0,0.2963,2.56,1495.25,1.0,7.7482,1494.0,3649.0,8857.0
1,2023-02-27 00:00:00+01:00,9,2023,2,1494.0,1408.0,1421.75,0.9903,3,2829.0,0.1978,2.56,1421.75,1.0,5.4409,2155.0,4876.0,9743.0
1,2023-03-06 00:00:00+01:00,10,2023,3,2155.0,1494.0,1453.75,1.0277,2,8485.0,0.3956,2.79,1453.75,1.0,14.6439,2721.0,5208.0,10315.0
1,2023-03-13 00:00:00+01:00,11,2023,3,2721.0,2155.0,1628.5,1.3233,3,6330.0,0.2951,4.42,1628.5,1.0,6.1559,2487.0,4867.0,10219.0
1,2023-03-20 00:00:00+01:00,12,2023,3,2487.0,2721.0,1944.5,1.3993,2,3609.0,0.1683,4.5,1944.5,1.0,2.8871,2380.0,5107.0,10562.0
1,2023-03-27 00:00:00+01:00,13,2023,3,2380.0,2487.0,2214.25,1.1232,3,1122.0,0.0523,4.5,2214.25,1.0,0.7882,2727.0,5352.0,10049.0
1,2023-04-03 00:00:00+01:00,14,2023,4,2727.0,2380.0,2435.75,0.9771,2,0.0,0.0,5.03,2435.75,1.0,999.0,2625.0,5455.0,9095.0
1,2023-04-10 00:00:00+01:00,15,2023,4,2625.0,2727.0,2578.75,1.0575,3,5764.0,0.2015,5.03,2578.75,1.0,3.1106,2830.0,4697.0,7849.0
1,2023-04-17 00:00:00+01:00,16,2023,4,2830.0,2625.0,2554.75,1.0275,2,3139.0,0.1098,5.24,2554.75,1.0,1.6414,1867.0,3640.0,6569.0
1,2023-04-24 00:00:00+01:00,17,2023,4,1867.0,2830.0,2640.5,1.0718,3,309.0,0.0108,5.24,2640.5,1.0,0.1563,1773.0,3152.0,6166.0
1,2023-05-01 00:00:00+01:00,18,2023,5,1773.0,1867.0,2512.25,0.7432,2,0.0,0.0,3.35,2512.25,1.0,999.0,1379.0,2929.0,6210.0
1,2023-05-08 00:00:00+01:00,19,2023,5,1379.0,1773.0,2273.75,0.7798,3,6720.0,0.188,3.03,2273.75,1.0,6.8278,1550.0,3014.0,6193.0
1,2023-05-15 00:00:00+01:00,20,2023,5,1550.0,1379.0,1962.25,0.7028,2,5341.0,0.1494,2.58,1962.25,1.0,7.3849,1464.0,3281.0,6496.0
1,2023-05-22 00:00:00+01:00,21,2023,5,1464.0,1550.0,1642.25,0.9438,3,3791.0,0.106,2.58,1642.25,1.0,6.2632,1817.0,3179.0,6825.0
1,2023-05-29 00:00:00+01:00,22,2023,5,1817.0,1464.0,1541.5,0.9497,2,2327.0,0.0651,2.64,1541.5,1.0,4.0026,1362.0,3215.0,6605.0
1,2023-06-05 00:00:00+01:00,23,2023,6,1362.0,1817.0,1552.5,1.1704,3,510.0,0.0143,2.64,1552.5,1.0,0.871,1853.0,3646.0,6735.0
1,2023-06-12 00:00:00+01:00,24,2023,6,1853.0,1362.0,1548.25,0.8797,2,6298.0,0.1468,3.13,1548.25,1.0,9.0974,1793.0,3390.0,6422.0
1,2023-06-19 00:00:00+01:00,25,2023,6,1793.0,1853.0,1624.0,1.141,3,4445.0,0.1036,3.36,1624.0,1.0,5.7022,1597.0,3089.0,5735.0
1,2023-06-26 00:00:00+01:00,26,2023,6,1597.0,1793.0,1706.25,1.0508,2,2652.0,0.0618,3.36,1706.25,1.0,3.2381,1492.0,3032.0,5266.0
1,2023-07-03 00:00:00+01:00,27,2023,7,1492.0,1597.0,1651.25,0.9671,3,1055.0,0.0246,2.53,1651.25,1.0,1.7677,1540.0,2646.0,5171.0
1,2023-07-10 00:00:00+01:00,28,2023,7,1540.0,1492.0,1683.75,0.8861,2,6713.0,0.1341,2.65,1683.75,1.0,10.5315,1106.0,2234.0,4917.0
1,2023-07-17 00:00:00+01:00,29,2023,7,1106.0,1540.0,1605.5,0.9592,3,5173.0,0.1034,2.65,1605.5,1.0,8.5111,1128.0,2525.0,5278.0
1,2023-07-24 00:00:00+01:00,30,2023,7,1128.0,1106.0,1433.75,0.7714,2,4067.0,0.0813,2.45,1433.75,1.0,8.1046,1397.0,2683.0,5739.0
1,2023-07-31 00:00:00+01:00,31,2023,7,1397.0,1128.0,1316.5,0.8568,3,2939.0,0.0587,2.5,1316.5,1.0,6.2508,1286.0,2753.0,6046.0
1,2023-08-07 00:00:00+01:00,32,2023,8,1286.0,1397.0,1292.75,1.0806,2,8692.0,0.152,2.5,1292.75,1.0,18.8262,1467.0,3056.0,6995.0
1,2023-08-14 00:00:00+01:00,33,2023,8,1467.0,1286.0,1229.25,1.0462,3,7406.0,0.1295,2.5,1229.25,1.0,16.8695,1589.0,3293.0,7213.0
1,2023-08-21 00:00:00+01:00,34,2023,8,1589.0,1467.0,1319.5,1.1118,2,5939.0,0.1038,2.7,1319.5,1.0,11.6691,1704.0,3939.0,7075.0
1,2023-08-28 00:00:00+01:00,35,2023,8,1704.0,1589.0,1434.75,1.1075,3,4350.0,0.076,2.7,1434.75,1.0,7.8604,2235.0,3920.0,6834.0
1,2023-09-04 00:00:00+01:00,36,2023,9,2235.0,1704.0,1511.5,1.1274,2,2646.0,0.0463,3.52,1511.5,1.0,3.4813,1685.0,3136.0,6093.0
1,2023-09-11 00:00:00+01:00,37,2023,9,1685.0,2235.0,1748.75,1.2781,3,7561.0,0.1175,3.52,1748.75,1.0,8.5982,1451.0,2914.0,5848.0
1,2023-09-18 00:00:00+01:00,38,2023,9,1451.0,1685.0,1803.25,0.9344,2,5876.0,0.0913,2.7,1803.25,1.0,8.4481,1463.0,2957.0,5536.0
1,2023-09-25 00:00:00+01:00,39,2023,9,1463.0,1451.0,1768.75,0.8204,3,4425.0,0.0688,2.47,1768.75,1.0,7.09,1494.0,2934.0,5569.0
1,2023-10-02 00:00:00+01:00,40,2023,10,1494.0,1463.0,1708.5,0.8563,2,2962.0,0.046,2.47,1708.5,1.0,4.9133,1440.0,2579.0,5361.0
1,2023-10-09 00:00:00+01:00,41,2023,10,1440.0,1494.0,1523.25,0.9808,3,8618.0,0.1205,2.47,1523.25,1.0,16.0338,1139.0,2635.0,5369.0
1,2023-10-16 00:00:00+01:00,42,2023,10,1139.0,1440.0,1462.0,0.985,2,7178.0,0.1004,2.44,1462.0,1.0,14.0852,1496.0,2782.0,5800.0
1,2023-10-23 00:00:00+01:00,43,2023,10,1496.0,1139.0,1384.0,0.823,3,6039.0,0.0845,2.52,1384.0,1.0,12.1207,1286.0,2734.0,5643.0
1,2023-10-30 00:00:00+01:00,44,2023,10,1286.0,1496.0,1392.25,1.0745,2,4543.0,0.0635,2.52,1392.25,1.0,9.0641,1448.0,3018.0,6024.0
1,2023-11-06 00:00:00+01:00,45,2023,11,1448.0,1286.0,1340.25,0.9595,3,10407.0,0.1323,2.49,1340.25,1.0,21.8292,1570.0,2909.0,5771.0
1,2023-11-13 00:00:00+01:00,46,2023,11,1570.0,1448.0,1342.25,1.0788,2,8959.0,0.1139,2.49,1342.25,1.0,18.764,1339.0,3006.0,5636.0
1,2023-11-20 00:00:00+01:00,47,2023,11,1339.0,1570.0,1450.0,1.0828,3,7389.0,0.0939,2.44,1450.0,1.0,14.6193,1667.0,2862.0,5903.0
1,2023-11-27 00:00:00+01:00,48,2023,11,1667.0,1339.0,1410.75,0.9491,2,6050.0,0.0769,2.53,1410.75,1.0,11.8654,1195.0,2630.0,6929.0
1,2023-12-04 00:00:00+01:00,49,2023,12,1195.0,1667.0,1506.0,1.1069,3,4383.0,0.0557,2.53,1506.0,1.0,8.0524,1435.0,3041.0,7777.0
1,2023-12-11 00:00:00+01:00,50,2023,12,1435.0,1195.0,1442.75,0.8283,2,10338.0,0.1205,2.43,1442.75,1.0,20.6413,1606.0,4299.0,7751.0
1,2023-12-18 00:00:00+01:00,51,2023,12,1606.0,1435.0,1409.0,1.0185,3,8903.0,0.1038,2.52,1409.0,1.0,17.5518,2693.0,4736.0,7448.0
1,2023-12-25 00:00:00+01:00,52,2023,12,2693.0,1606.0,1475.75,1.0883,2,7297.0,0.085,4.76,385.0,1.0,7.2715,2043.0,3452.0,6242.0
1,2024-01-01 00:00:00+01:00,1,2024,1,2043.0,2693.0,1732.25,1.5546,3,4604.0,0.0537,4.76,1643.3333,1.0,3.9086,1409.0,2712.0,5740.0
1,2024-01-08 00:00:00+01:00,2,2024,1,1409.0,2043.0,1944.25,1.0508,2,9711.0,0.1045,3.53,1793.5,1.0,9.9046,1303.0,2790.0,5991.0
1,2024-01-15 00:00:00+01:00,3,2024,1,1303.0,1409.0,1937.75,0.7271,3,8302.0,0.0893,2.61,1630.5,1.0,11.4906,1487.0,3028.0,6230.0
1,2024-01-22 00:00:00+01:00,4,2024,1,1487.0,1303.0,1862.0,0.6998,2,6999.0,0.0753,2.61,1614.0,1.0,10.0812,1541.0,3201.0,6434.0
1,2024-01-29 00:00:00+01:00,5,2024,1,1541.0,1487.0,1560.5,0.9529,3,5512.0,0.0593,2.5,1534.0,1.0,9.8902,1660.0,3202.0,6250.0
1,2024-02-05 00:00:00+01:00,6,2024,2,1660.0,1541.0,1435.0,1.0739,2,3971.0,0.0427,2.66,1411.0,1.0,7.2822,1542.0,3233.0,6232.0
1,2024-02-12 00:00:00+01:00,7,2024,2,1542.0,1660.0,1497.75,1.1083,3,9461.0,0.0945,2.66,1456.5,1.0,16.6232,1691.0,3048.0,7365.0
1,2024-02-19 00:00:00+01:00,8,2024,2,1691.0,1542.0,1557.5,0.99,2,7919.0,0.0791,2.56,1432.5,1.0,13.9027,1357.0,2999.0,8101.0
1,2024-02-26 00:00:00+01:00,9,2024,2,1357.0,1691.0,1608.5,1.0513,3,6228.0,0.0622,2.56,1451.0,1.0,10.5873,1642.0,4317.0,9705.0
1,2024-03-04 00:00:00+01:00,10,2024,3,1642.0,1357.0,1562.5,0.8685,2,4871.0,0.0487,2.79,1824.5,1.0,7.8215,2675.0,5102.0,10974.0
1,2024-03-11 00:00:00+01:00,11,2024,3,2675.0,1642.0,1558.0,1.0539,3,10379.0,0.0968,4.42,2438.0,1.0,10.5503,2427.0,5388.0,11653.0
1,2024-03-18 00:00:00+01:00,12,2024,3,2427.0,2675.0,1841.25,1.4528,2,7704.0,0.0718,4.5,2604.0,1.0,6.5086,2961.0,5872.0,12222.0
1,2024-03-25 00:00:00+01:00,13,2024,3,2961.0,2427.0,2025.25,1.1984,3,5277.0,0.0492,4.5,2433.5,1.0,4.0532,2911.0,6265.0,11511.0
1,2024-04-01 00:00:00+01:00,14,2024,4,2911.0,2961.0,2426.25,1.2204,2,2316.0,0.0216,5.03,2553.5,1.0,1.3284,3354.0,6350.0,10346.0
1,2024-04-08 00:00:00+01:00,15,2024,4,3354.0,2911.0,2743.5,1.0611,3,6555.0,0.0573,5.03,2676.0,1.0,3.325,2996.0,5246.0,8670.0
1,2024-04-15 00:00:00+01:00,16,2024,4,2996.0,3354.0,2913.25,1.1513,2,3201.0,0.028,5.24,2727.5,1.0,1.4678,2250.0,3996.0,7011.0
1,2024-04-22 00:00:00+01:00,17,2024,4,2250.0,2996.0,3055.5,0.9805,3,205.0,0.0018,5.24,2348.5,1.0,0.0896,1746.0,3424.0,6297.0
1,2024-04-29 00:00:00+01:00,18,2024,4,1746.0,2250.0,2877.75,0.7819,2,0.0,0.0,3.35,1820.0,1.0,999.0,1678.0,3015.0,6038.0
1,2024-05-06 00:00:00+01:00,19,2024,5,1678.0,1746.0,2586.5,0.675,3,7150.0,0.0588,3.03,1576.0,1.0,6.3863,1337.0,2873.0,5902.0
1,2024-05-13 00:00:00+01:00,20,2024,5,1337.0,1678.0,2167.5,0.7742,2,5472.0,0.045,2.58,1464.5,1.0,6.8496,1536.0,3023.0,6608.0
1,2024-05-20 00:00:00+01:00,21,2024,5,1536.0,1337.0,1752.75,0.7628,3,4135.0,0.034,2.58,1507.0,1.0,6.4008,1487.0,3029.0,7198.0
1,2024-05-27 00:00:00+01:00,22,2024,5,1487.0,1536.0,1574.25,0.9757,2,2599.0,0.0214,2.64,1640.5,1.0,4.3775,1542.0,3585.0,7145.0
1,2024-06-03 00:00:00+01:00,23,2024,6,1542.0,1487.0,1509.5,0.9851,3,1112.0,0.0091,2.64,1589.5,1.0,1.9533,2043.0,4169.0,7381.0
1,2024-06-10 00:00:00+01:00,24,2024,6,2043.0,1542.0,1475.5,1.0451,2,6720.0,0.0522,3.13,1607.5,1.0,10.1855,2126.0,3560.0,7101.0
1,2024-06-17 00:00:00+01:00,25,2024,6,2126.0,2043.0,1652.0,1.2367,3,4677.0,0.0363,3.36,1823.0,1.0,5.8982,1434.0,3212.0,6327.0
1,2024-06-24 00:00:00+01:00,26,2024,6,1434.0,2126.0,1799.5,1.1814,2,2551.0,0.0198,3.36,1695.0,1.0,2.9534,1778.0,3541.0,6439.0
1,2024-07-01 00:00:00+01:00,27,2024,7,1778.0,1434.0,1786.25,0.8028,3,1117.0,0.0087,2.53,1544.5,1.0,1.7302,1763.0,3115.0,6152.0
1,2024-07-08 00:00:00+01:00,28,2024,7,1763.0,1778.0,1845.25,0.9636,2,6489.0,0.0478,2.65,1516.0,1.0,9.2891,1352.0,2898.0,5983.0
1,2024-07-15 00:00:00+01:00,29,2024,7,1352.0,1763.0,1775.25,0.9931,3,4726.0,0.0348,2.65,1323.0,1.0,7.0321,1546.0,3037.0,6149.0
1,2024-07-22 00:00:00+01:00,30,2024,7,1546.0,1352.0,1581.75,0.8547,2,3374.0,0.0248,2.45,1117.0,1.0,6.0945,1491.0,3085.0,6060.0
1,2024-07-29 00:00:00+01:00,31,2024,7,1491.0,1546.0,1609.75,0.9604,3,1828.0,0.0135,2.5,1262.5,1.0,3.1796,1594.0,3112.0,6043.0
1,2024-08-05 00:00:00+01:00,32,2024,8,1594.0,1491.0,1538.0,0.9694,2,337.0,0.0025,2.5,1341.5,1.0,0.6135,1518.0,2975.0,6521.0
1,2024-08-12 00:00:00+01:00,33,2024,8,1518.0,1594.0,1495.75,1.0657,3,5893.0,0.0412,2.5,1376.5,1.0,11.0315,1457.0,2931.0,6452.0
1,2024-08-19 00:00:00+01:00,34,2024,8,1457.0,1518.0,1537.25,0.9875,2,4375.0,0.0306,2.7,1528.0,1.0,7.3785,1474.0,3546.0,6381.0
1,2024-08-26 00:00:00+01:00,35,2024,8,1474.0,1457.0,1515.0,0.9617,3,2918.0,0.0204,2.7,1646.5,1.0,4.9935,2072.0,3521.0,6264.0
1,2024-09-02 00:00:00+01:00,36,2024,9,2072.0,1474.0,1510.75,0.9757,2,1444.0,0.0101,3.52,1969.5,1.0,1.9008,1449.0,2835.0,5582.0
1,2024-09-09 00:00:00+01:00,37,2024,9,1449.0,2072.0,1630.25,1.271,3,6522.0,0.0434,3.52,1960.0,1.0,7.9558,1386.0,2743.0,5549.0
1,2024-09-16 00:00:00+01:00,38,2024,9,1386.0,1449.0,1613.0,0.8983,2,5073.0,0.0338,2.7,1568.0,1.0,8.1539,1357.0,2747.0,5426.0
1,2024-09-23 00:00:00+01:00,39,2024,9,1357.0,1386.0,1595.25,0.8688,3,3687.0,0.0246,2.47,1457.0,1.0,6.5501,1390.0,2806.0,5557.0
1,2024-09-30 00:00:00+01:00,40,2024,9,1390.0,1357.0,1566.0,0.8665,2,2330.0,0.0155,2.47,1478.5,1.0,4.2166,1416.0,2679.0,5587.0
1,2024-10-07 00:00:00+01:00,41,2024,10,1416.0,1390.0,1395.5,0.9961,3,8090.0,0.0514,2.47,1467.0,1.0,16.4293,1263.0,2751.0,5513.0
1,2024-10-14 00:00:00+01:00,42,2024,10,1263.0,1416.0,1387.25,1.0207,2,6674.0,0.0424,2.44,1289.5,1.0,13.8019,1488.0,2908.0,5738.0
1,2024-10-21 00:00:00+01:00,43,2024,10,1488.0,1263.0,1356.5,0.9311,3,5411.0,0.0344,2.52,1317.5,1.0,11.0804,1420.0,2762.0,5561.0
1,2024-10-28 00:00:00+01:00,44,2024,10,1420.0,1488.0,1389.25,1.0711,2,3923.0,0.0249,2.52,1391.0,1.0,7.844,1342.0,2830.0,5621.0
1,2024-11-04 00:00:00+01:00,45,2024,11,1342.0,1420.0,1396.75,1.0166,3,2503.0,0.0159,2.49,1367.0,1.0,5.0378,1488.0,2799.0,5695.0
1,2024-11-11 00:00:00+01:00,46,2024,11,1488.0,1342.0,1378.25,0.9737,2,8311.0,0.0505,2.49,1509.0,1.0,16.9521,1311.0,2791.0,5429.0
1,2024-11-18 00:00:00+01:00,47,2024,11,1311.0,1488.0,1434.5,1.0373,3,6823.0,0.0415,2.44,1454.5,1.0,13.6453,1480.0,2896.0,5437.0
1,2024-11-25 00:00:00+01:00,48,2024,11,1480.0,1311.0,1390.25,0.943,2,5512.0,0.0335,2.53,1503.0,1.0,10.9697,1416.0,2638.0,6940.0
1,2024-12-02 00:00:00+01:00,49,2024,12,1416.0,1480.0,1405.25,1.0532,3,4032.0,0.0245,2.53,1431.0,1.0,7.9386,1222.0,2541.0,7638.0
1,2024-12-09 00:00:00+01:00,50,2024,12,1222.0,1416.0,1423.75,0.9946,2,9766.0,0.0569,2.43,1315.0,1.0,19.7594,1319.0,4302.0,7811.0
1,2024-12-16 00:00:00+01:00,51,2024,12,1319.0,1222.0,1357.25,0.9003,3,8544.0,0.0498,2.52,1520.5,1.0,17.4863,2983.0,5097.0,7967.0
1,2024-12-23 00:00:00+01:00,52,2024,12,2983.0,1319.0,1359.25,0.9704,2,7225.0,0.0421,4.76,1561.3333,1.0,7.8168,2114.0,3509.0,6468.0
1,2024-12-30 00:00:00+01:00,1,2025,12,2114.0,2983.0,1735.0,1.7193,3,4242.0,0.0247,4.76,1643.3333,1.0,3.5955,1395.0,2870.0,5939.0
1,2025-01-06 00:00:00+01:00,2,2025,1,1395.0,2114.0,1909.5,1.1071,2,9278.0,0.0519,3.53,1830.6,1.0,9.6351,1475.0,2959.0,6695.0
1,2025-01-13 00:00:00+01:00,3,2025,1,1475.0,1395.0,1952.75,0.7144,3,7883.0,0.0441,2.61,1493.25,1.0,10.8269,1484.0,3069.0,6445.0
1,2025-01-20 00:00:00+01:00,4,2025,1,1484.0,1475.0,1991.75,0.7406,2,6408.0,0.0358,2.61,1504.5,1.0,8.6287,1585.0,3736.0,6518.0
1,2025-01-27 00:00:00+01:00,5,2025,1,1585.0,1484.0,1617.0,0.9177,3,4924.0,0.0275,2.5,1524.0,1.0,8.5264,2151.0,3376.0,6546.0
1,2025-02-03 00:00:00+01:00,6,2025,2,2151.0,1585.0,1484.75,1.0675,2,3339.0,0.0187,2.66,1505.75,1.0,5.9181,1225.0,2782.0,5959.0
1,2025-02-10 00:00:00+01:00,7,2025,2,1225.0,2151.0,1673.75,1.2851,3,8338.0,0.0449,2.66,1528.75,1.0,13.1095,1557.0,3170.0,7304.0
1,2025-02-17 00:00:00+01:00,8,2025,2,1557.0,1225.0,1611.25,0.7603,2,7113.0,0.0383,2.56,1524.5,1.0,12.0711,1613.0,3177.0,8681.0
1,2025-02-24 00:00:00+01:00,9,2025,2,1613.0,1557.0,1629.5,0.9555,3,5556.0,0.0299,2.56,1487.5,1.0,9.3232,1564.0,4134.0,9477.0
1,2025-03-03 00:00:00+01:00,10,2025,3,1564.0,1613.0,1636.5,0.9856,2,3943.0,0.0212,2.79,1662.0,1.0,6.0451,2570.0,5504.0,11222.0
1,2025-03-10 00:00:00+01:00,11,2025,3,2570.0,1564.0,1489.75,1.0498,3,9529.0,0.0494,4.42,2298.25,1.0,10.13,2934.0,5343.0,12029.0
1,2025-03-17 00:00:00+01:00,12,2025,3,2934.0,2570.0,1826.0,1.4074,2,6959.0,0.036,4.5,2577.5,1.0,5.9283,2409.0,5718.0,12418.0
1,2025-03-24 00:00:00+01:00,13,2025,3,2409.0,2934.0,2170.25,1.3519,3,4025.0,0.0208,4.5,2563.75,1.0,2.885,3309.0,6686.0,12695.0
1,2025-03-31 00:00:00+01:00,14,2025,3,3309.0,2409.0,2369.25,1.0168,2,1616.0,0.0084,5.03,2744.75,1.0,0.9492,3377.0,6700.0,11394.0
1,2025-04-07 00:00:00+01:00,15,2025,4,3377.0,3309.0,2805.5,1.1795,3,6571.0,0.0328,5.03,2904.25,1.0,3.2595,3323.0,6009.0,9400.0
1,2025-04-14 00:00:00+01:00,16,2025,4,3323.0,3377.0,3007.25,1.123,2,3194.0,0.016,5.24,2951.25,1.0,1.4188,2686.0,4694.0,7571.0
1,2025-04-21 00:00:00+01:00,17,2025,4,2686.0,3323.0,3104.5,1.0704,3,0.0,0.0,5.24,2485.75,1.0,999.0,2008.0,3391.0,6406.0
1,2025-04-28 00:00:00+01:00,18,2025,4,2008.0,2686.0,3173.75,0.8463,2,0.0,0.0,3.35,1909.0,1.0,999.0,1383.0,2877.0,6023.0
1,2025-05-05 00:00:00+01:00,19,2025,5,1383.0,2008.0,2848.5,0.7049,3,0.0,0.0,3.03,1644.0,1.0,999.0,1494.0,3015.0,6021.0
1,2025-05-12 00:00:00+01:00,20,2025,5,1494.0,1383.0,2350.0,0.5885,2,5767.0,0.0278,2.58,1486.0,1.0,6.6583,1521.0,3146.0,6098.0
1,2025-05-19 00:00:00+01:00,21,2025,5,1521.0,1494.0,1892.75,0.7893,3,4273.0,0.0206,2.58,1471.75,1.0,6.1252,1625.0,3006.0,6670.0
1,2025-05-26 00:00:00+01:00,22,2025,5,1625.0,1521.0,1601.5,0.9497,2,2752.0,0.0133,2.64,1576.0,1.0,4.5563,1381.0,2952.0,6509.0
1,2025-06-02 00:00:00+01:00,23,2025,6,1381.0,1625.0,1505.75,1.0792,3,1127.0,0.0054,2.64,1552.0,1.0,1.9846,1571.0,3664.0,6629.0
1,2025-06-09 00:00:00+01:00,24,2025,6,1571.0,1381.0,1505.25,0.9175,2,6896.0,0.0321,3.13,1700.0,1.0,10.2457,2093.0,3557.0,6494.0
1,2025-06-16 00:00:00+01:00,25,2025,6,2093.0,1571.0,1524.5,1.0305,3,5325.0,0.0248,3.36,1953.75,1.0,7.277,1464.0,2965.0,6047.0
1,2025-06-23 00:00:00+01:00,26,2025,6,1464.0,2093.0,1667.5,1.2552,2,3232.0,0.0151,3.36,1737.5,1.0,4.038,1501.0,2937.0,5965.0
1,2025-06-30 00:00:00+01:00,27,2025,6,1501.0,1464.0,1627.25,0.8997,3,1768.0,0.0082,2.53,1575.25,1.0,3.0061,1436.0,3082.0,5927.0
1,2025-07-07 00:00:00+01:00,28,2025,7,1436.0,1501.0,1657.25,0.9057,2,7417.0,0.0335,2.65,1643.25,1.0,11.822,1646.0,3028.0,5985.0
1,2025-07-14 00:00:00+01:00,29,2025,7,1646.0,1436.0,1623.5,0.8845,3,5981.0,0.027,2.65,1440.25,1.0,9.7314,1382.0,2845.0,5699.0
1,2025-07-21 00:00:00+01:00,30,2025,7,1382.0,1646.0,1511.75,1.0888,2,4335.0,0.0196,2.45,1283.0,1.0,8.193,1463.0,2957.0,6420.0
1,2025-07-28 00:00:00+01:00,31,2025,7,1463.0,1382.0,1491.25,0.9267,3,2953.0,0.0133,2.5,1390.5,1.0,5.5446,1494.0,2854.0,6524.0
1,2025-08-04 00:00:00+01:00,32,2025,8,1494.0,1463.0,1481.75,0.9873,2,1490.0,0.0067,2.5,1442.0,1.0,2.8156,1360.0,3463.0,7293.0
1,2025-08-11 00:00:00+01:00,33,2025,8,1360.0,1494.0,1496.25,0.9985,3,7146.0,0.0312,2.5,1466.25,1.0,13.3726,2103.0,3670.0,7751.0
1,2025-08-18 00:00:00+01:00,34,2025,8,2103.0,1360.0,1424.75,0.9546,2,5786.0,0.0253,2.7,1507.75,1.0,10.5287,1567.0,3830.0,6980.0
1,2025-08-25 00:00:00+01:00,35,2025,8,1567.0,2103.0,1605.0,1.3103,3,3683.0,0.0161,2.7,1556.0,1.0,5.9492,2263.0,4081.0,6922.0
1,2025-09-01 00:00:00+01:00,36,2025,9,2263.0,1567.0,1631.0,0.9608,2,2116.0,0.0092,3.52,1871.25,1.0,2.58,1818.0,3150.0,6139.0
1,2025-09-08 00:00:00+01:00,37,2025,9,1818.0,2263.0,1823.25,1.2412,3,7003.0,0.0297,3.52,1860.25,1.0,7.6382,1332.0,2841.0,5725.0
1,2025-09-15 00:00:00+01:00,38,2025,9,1332.0,1818.0,1937.75,0.9382,2,5185.0,0.022,2.7,1492.75,1.0,6.9372,1509.0,2989.0,5784.0
1,2025-09-22 00:00:00+01:00,39,2025,9,1509.0,1332.0,1745.0,0.7633,3,3853.0,0.0163,2.47,1414.25,1.0,6.2576,1480.0,2884.0,5857.0
1,2025-09-29 00:00:00+01:00,40,2025,9,1480.0,1509.0,1730.5,0.872,2,2344.0,0.0099,2.47,1426.0,1.0,3.8387,1404.0,2795.0,5621.0
1,2025-10-06 00:00:00+01:00,41,2025,10,1404.0,1480.0,1534.75,0.9643,3,8014.0,0.033,2.47,1435.0,1.0,14.7983,1391.0,2973.0,5852.0
1,2025-10-13 00:00:00+01:00,42,2025,10,1391.0,1404.0,1431.25,0.981,2,6610.0,0.0272,2.44,1314.5,1.0,13.2493,1582.0,2826.0,5914.0
1,2025-10-20 00:00:00+01:00,43,2025,10,1582.0,1391.0,1446.0,0.962,3,5219.0,0.0215,2.52,1346.5,1.0,10.0257,1244.0,2879.0,5569.0
1,2025-10-27 00:00:00+01:00,44,2025,10,1244.0,1582.0,1464.25,1.0804,2,3637.0,0.015,2.52,1422.5,1.0,6.8996,1635.0,3088.0,5718.0
1,2025-11-03 00:00:00+01:00,45,2025,11,1635.0,1244.0,1405.25,0.8853,3,2393.0,0.0098,2.49,1374.0,1.0,4.7873,1453.0,2690.0,5568.0
1,2025-11-10 00:00:00+01:00,46,2025,11,1453.0,1635.0,1463.0,1.1176,2,7908.0,0.0316,2.49,1462.0,1.0,15.1957,1237.0,2630.0,5533.0
1,2025-11-17 00:00:00+01:00,47,2025,11,1237.0,1453.0,1478.5,0.9828,3,6455.0,0.0258,2.44,1427.0,1.0,12.5252,1393.0,2878.0,5703.0
1,2025-11-24 00:00:00+01:00,48,2025,11,1393.0,1237.0,1392.25,0.8885,2,5218.0,0.0209,2.53,1449.25,1.0,10.3697,1485.0,2903.0,6709.0
1,2025-12-01 00:00:00+01:00,49,2025,12,1485.0,1393.0,1429.5,0.9745,3,3825.0,0.0153,2.53,1439.5,1.0,7.4033,1418.0,2825.0,7589.0
1,2025-12-08 00:00:00+01:00,50,2025,12,1418.0,1485.0,1392.0,1.0668,2,9490.0,0.0369,2.43,1317.0,1.0,19.639,1407.0,3806.0,7610.0
1,2025-12-15 00:00:00+01:00,51,2025,12,1407.0,1418.0,1383.25,1.0251,3,8072.0,0.0314,2.52,1395.5,1.0,16.2098,2399.0,4764.0,7876.0
1,2025-12-22 00:00:00+01:00,52,2025,12,2399.0,1407.0,1425.75,0.9868,2,6665.0,0.0259,4.76,1797.2,1.0,6.8746,2365.0,3804.0,6760.0
1,2025-12-29 00:00:00+01:00,1,2026,12,2365.0,2399.0,1677.25,1.4303,3,4266.0,0.0166,4.76,2011.6667,1.0,3.7404,1439.0,3112.0,5770.0
1,2026-01-05 00:00:00+01:00,2,2026,1,1439.0,2365.0,1897.25,1.2465,2,1901.0,0.0074,3.53,1844.7143,1.0,1.9869,1673.0,2956.0,5805.0
1,2026-01-12 00:00:00+01:00,3,2026,1,1673.0,1439.0,1902.5,0.7564,3,7612.0,0.0288,2.61,1473.8333,1.0,10.7308,1283.0,2658.0,5662.0
1,2026-01-19 00:00:00+01:00,4,2026,1,1283.0,1673.0,1969.0,0.8497,2,5939.0,0.0224,2.61,1496.1667,1.0,8.0896,1375.0,2849.0,5886.0
1,2026-01-26 00:00:00+01:00,5,2026,1,1375.0,1283.0,1690.0,0.7592,3,4656.0,0.0176,2.5,1527.5,1.0,7.7141,1474.0,3004.0,6116.0
1,2026-02-02 00:00:00+01:00,6,2026,2,1474.0,1375.0,1442.5,0.9532,2,3281.0,0.0124,2.66,1626.5,1.0,5.9856,1530.0,3037.0,6097.0
1,2026-02-09 00:00:00+01:00,7,2026,2,1530.0,1474.0,1451.25,1.0157,3,8957.0,0.033,2.66,1581.8333,1.0,16.2419,1507.0,3112.0,6911.0
1,2026-02-16 00:00:00+01:00,8,2026,2,1507.0,1530.0,1415.5,1.0809,2,7427.0,0.0273,2.56,1480.0,1.0,14.347,1605.0,3060.0,7775.0
1,2026-02-23 00:00:00+01:00,9,2026,2,1605.0,1507.0,1471.5,1.0241,3,5920.0,0.0218,2.56,1520.0,1.0,11.0007,1455.0,3799.0,8601.0
1,2026-03-02 00:00:00+01:00,10,2026,3,1455.0,1605.0,1529.0,1.0497,2,4315.0,0.0159,2.79,1637.5,1.0,7.0806,2344.0,4715.0,9647.0
1,2026-03-09 00:00:00+01:00,11,2026,3,2344.0,1455.0,1524.25,0.9546,3,10010.0,0.0359,4.42,2221.1667,1.0,10.4005,2371.0,4802.0,9207.0
1,2026-03-16 00:00:00+01:00,12,2026,3,2371.0,2344.0,1727.75,1.3567,2,7666.0,0.0275,4.5,2635.6667,1.0,6.902,2431.0,4932.0,9898.0
1,2026-03-23 00:00:00+01:00,13,2026,3,2431.0,2371.0,1943.75,1.2198,3,5295.0,0.019,4.5,2599.6667,1.0,4.2375,2501.0,4405.0,8491.0
2,2022-12-26 00:00:00+01:00,52,2022,12,45.0,0.0,0.0,0.0,0,0.0,0.0,1.0,0.0,4.0,999.0,233.0,436.0,854.0
2,2023-01-02 00:00:00+01:00,1,2023,1,233.0,45.0,45.0,1.0,1,0.0,0.0,3.53,45.0,1.0,999.0,203.0,426.0,836.0
2,2023-01-09 00:00:00+01:00,2,2023,1,203.0,233.0,139.0,1.6763,1,957.0,0.8944,3.53,139.0,1.0,13.6528,223.0,418.0,833.0
2,2023-01-16 00:00:00+01:00,3,2023,1,223.0,203.0,160.3333,1.2661,1,754.0,0.7047,2.61,160.3333,1.0,12.6126,195.0,410.0,801.0
2,2023-01-23 00:00:00+01:00,4,2023,1,195.0,223.0,176.0,1.267,1,531.0,0.4963,2.61,176.0,1.0,8.0917,215.0,415.0,795.0
2,2023-01-30 00:00:00+01:00,5,2023,1,215.0,195.0,213.5,0.9133,1,336.0,0.314,2.5,213.5,1.0,4.4066,200.0,391.0,797.0
2,2023-02-06 00:00:00+01:00,6,2023,2,200.0,215.0,209.0,1.0287,1,1191.0,0.5565,2.66,209.0,1.0,14.9962,191.0,380.0,848.0
2,2023-02-13 00:00:00+01:00,7,2023,2,191.0,200.0,208.25,0.9604,1,991.0,0.4631,2.66,208.25,1.0,12.5229,189.0,406.0,1011.0
2,2023-02-20 00:00:00+01:00,8,2023,2,189.0,191.0,200.25,0.9538,1,800.0,0.3738,2.56,200.25,1.0,10.9238,217.0,468.0,1193.0
2,2023-02-27 00:00:00+01:00,9,2023,2,217.0,189.0,198.75,0.9509,1,611.0,0.2855,2.56,198.75,1.0,8.4061,251.0,605.0,1317.0
2,2023-03-06 00:00:00+01:00,10,2023,3,251.0,217.0,199.25,1.0891,1,1999.0,0.5338,2.79,199.25,1.0,25.1715,354.0,725.0,1461.0
2,2023-03-13 00:00:00+01:00,11,2023,3,354.0,251.0,212.0,1.184,1,1748.0,0.4668,4.42,212.0,1.0,13.0581,371.0,712.0,1593.0
2,2023-03-20 00:00:00+01:00,12,2023,3,371.0,354.0,252.75,1.4006,1,1394.0,0.3722,4.5,252.75,1.0,8.5794,341.0,736.0,1698.0
2,2023-03-27 00:00:00+01:00,13,2023,3,341.0,371.0,298.25,1.2439,1,1023.0,0.2732,4.5,298.25,1.0,5.3356,395.0,881.0,1556.0
2,2023-04-03 00:00:00+01:00,14,2023,4,395.0,341.0,329.25,1.0357,1,682.0,0.1821,5.03,329.25,1.0,2.8826,486.0,962.0,1434.0
2,2023-04-10 00:00:00+01:00,15,2023,4,486.0,395.0,365.25,1.0815,1,1357.0,0.2818,5.03,365.25,1.0,5.1703,476.0,675.0,1181.0
2,2023-04-17 00:00:00+01:00,16,2023,4,476.0,486.0,398.25,1.2203,1,871.0,0.1809,5.24,398.25,1.0,2.9217,199.0,472.0,913.0
2,2023-04-24 00:00:00+01:00,17,2023,4,199.0,476.0,424.5,1.1213,1,395.0,0.082,5.24,424.5,1.0,1.243,273.0,506.0,951.0
2,2023-05-01 00:00:00+01:00,18,2023,5,273.0,199.0,389.0,0.5116,1,196.0,0.0407,3.35,389.0,1.0,1.0528,233.0,441.0,880.0
2,2023-05-08 00:00:00+01:00,19,2023,5,233.0,273.0,358.5,0.7615,1,1013.0,0.1721,3.03,358.5,1.0,6.5279,208.0,445.0,836.0
2,2023-05-15 00:00:00+01:00,20,2023,5,208.0,233.0,295.25,0.7892,1,780.0,0.1325,2.58,295.25,1.0,7.1678,237.0,439.0,945.0
2,2023-05-22 00:00:00+01:00,21,2023,5,237.0,208.0,228.25,0.9113,1,572.0,0.0972,2.58,228.25,1.0,6.7993,202.0,391.0,932.0
2,2023-05-29 00:00:00+01:00,22,2023,5,202.0,237.0,237.75,0.9968,1,335.0,0.0569,2.64,237.75,1.0,3.7361,189.0,506.0,915.0
2,2023-06-05 00:00:00+01:00,23,2023,6,189.0,202.0,220.0,0.9182,1,133.0,0.0226,2.64,220.0,1.0,1.603,317.0,541.0,932.0
2,2023-06-12 00:00:00+01:00,24,2023,6,317.0,189.0,209.0,0.9043,1,1014.0,0.1458,3.13,209.0,1.0,10.8504,224.0,409.0,834.0
2,2023-06-19 00:00:00+01:00,25,2023,6,224.0,317.0,236.25,1.3418,1,697.0,0.1002,3.36,236.25,1.0,6.1464,185.0,391.0,807.0
2,2023-06-26 00:00:00+01:00,26,2023,6,185.0,224.0,233.0,0.9614,1,473.0,0.068,3.36,233.0,1.0,4.2293,206.0,425.0,812.0
2,2023-07-03 00:00:00+01:00,27,2023,7,206.0,185.0,228.75,0.8087,1,288.0,0.0414,2.53,228.75,1.0,3.4834,219.0,416.0,836.0
2,2023-07-10 00:00:00+01:00,28,2023,7,219.0,206.0,233.0,0.8841,1,1152.0,0.1436,2.65,233.0,1.0,13.0602,197.0,387.0,809.0
2,2023-07-17 00:00:00+01:00,29,2023,7,197.0,219.0,208.5,1.0504,1,933.0,0.1163,2.65,208.5,1.0,11.8203,190.0,420.0,810.0
2,2023-07-24 00:00:00+01:00,30,2023,7,190.0,197.0,201.75,0.9765,1,736.0,0.0917,2.45,201.75,1.0,10.4231,230.0,422.0,816.0
2,2023-07-31 00:00:00+01:00,31,2023,7,230.0,190.0,203.0,0.936,1,546.0,0.068,2.5,203.0,1.0,7.531,192.0,390.0,824.0
2,2023-08-07 00:00:00+01:00,32,2023,8,192.0,230.0,209.0,1.1005,1,1386.0,0.1524,2.5,209.0,1.0,18.5684,198.0,394.0,1011.0
2,2023-08-14 00:00:00+01:00,33,2023,8,198.0,192.0,202.25,0.9493,1,1194.0,0.1313,2.5,202.25,1.0,16.53,196.0,434.0,1082.0
2,2023-08-21 00:00:00+01:00,34,2023,8,196.0,198.0,202.5,0.9778,1,996.0,0.1095,2.7,202.5,1.0,12.7517,238.0,617.0,1078.0
2,2023-08-28 00:00:00+01:00,35,2023,8,238.0,196.0,204.0,0.9608,1,800.0,0.088,2.7,204.0,1.0,10.167,379.0,648.0,1070.0
2,2023-09-04 00:00:00+01:00,36,2023,9,379.0,238.0,206.0,1.1553,1,562.0,0.0618,3.52,206.0,1.0,5.4253,269.0,461.0,867.0
2,2023-09-11 00:00:00+01:00,37,2023,9,269.0,379.0,252.75,1.4995,1,1253.0,0.1233,3.52,252.75,1.0,9.8586,192.0,422.0,811.0
2,2023-09-18 00:00:00+01:00,38,2023,9,192.0,269.0,270.5,0.9945,1,984.0,0.0968,2.7,270.5,1.0,9.4311,230.0,406.0,814.0
2,2023-09-25 00:00:00+01:00,39,2023,9,230.0,192.0,269.5,0.7124,1,792.0,0.0779,2.47,269.5,1.0,8.3285,176.0,389.0,805.0
2,2023-10-02 00:00:00+01:00,40,2023,10,176.0,230.0,267.5,0.8598,1,562.0,0.0553,2.47,267.5,1.0,5.9541,213.0,408.0,850.0
2,2023-10-09 00:00:00+01:00,41,2023,10,213.0,176.0,216.75,0.812,1,1456.0,0.1296,2.47,216.75,1.0,19.0372,195.0,416.0,840.0
2,2023-10-16 00:00:00+01:00,42,2023,10,195.0,213.0,202.75,1.0506,1,1243.0,0.1106,2.44,202.75,1.0,17.5881,221.0,442.0,865.0
2,2023-10-23 00:00:00+01:00,43,2023,10,221.0,195.0,203.5,0.9582,1,1048.0,0.0933,2.52,203.5,1.0,14.3052,221.0,424.0,839.0
2,2023-10-30 00:00:00+01:00,44,2023,10,221.0,221.0,201.25,1.0981,1,827.0,0.0736,2.52,201.25,1.0,11.4148,203.0,423.0,804.0
2,2023-11-06 00:00:00+01:00,45,2023,11,203.0,221.0,212.5,1.04,1,1676.0,0.1362,2.49,212.5,1.0,22.1725,220.0,415.0,815.0
2,2023-11-13 00:00:00+01:00,46,2023,11,220.0,203.0,210.0,0.9667,1,1473.0,0.1197,2.49,210.0,1.0,19.7189,195.0,381.0,789.0
2,2023-11-20 00:00:00+01:00,47,2023,11,195.0,220.0,216.25,1.0173,1,1253.0,0.1018,2.44,216.25,1.0,16.6228,186.0,400.0,812.0
2,2023-11-27 00:00:00+01:00,48,2023,11,186.0,195.0,209.75,0.9297,1,1058.0,0.086,2.53,209.75,1.0,13.956,214.0,408.0,1016.0
2,2023-12-04 00:00:00+01:00,49,2023,12,214.0,186.0,201.0,0.9254,1,872.0,0.0709,2.53,201.0,1.0,12.0032,194.0,412.0,1003.0
2,2023-12-11 00:00:00+01:00,50,2023,12,194.0,214.0,203.75,1.0503,1,2263.0,0.1627,2.43,203.75,1.0,31.9947,218.0,608.0,1011.0
2,2023-12-18 00:00:00+01:00,51,2023,12,218.0,194.0,197.25,0.9835,1,2069.0,0.1487,2.52,197.25,1.0,29.1367,390.0,591.0,1004.0
2,2023-12-25 00:00:00+01:00,52,2023,12,390.0,218.0,203.0,1.0739,1,1851.0,0.1331,4.76,45.0,1.0,13.4092,201.0,403.0,805.0
2,2024-01-01 00:00:00+01:00,1,2024,1,201.0,390.0,254.0,1.5354,1,1461.0,0.105,4.76,222.6667,1.0,8.4588,202.0,413.0,808.0
2,2024-01-08 00:00:00+01:00,2,2024,1,202.0,201.0,250.75,0.8016,1,2330.0,0.1555,3.53,218.0,1.0,18.4263,211.0,402.0,762.0
2,2024-01-15 00:00:00+01:00,3,2024,1,211.0,202.0,252.75,0.7992,1,2128.0,0.1421,2.61,213.0,1.0,22.5807,191.0,395.0,750.0
2,2024-01-22 00:00:00+01:00,4,2024,1,191.0,211.0,251.0,0.8406,1,1917.0,0.128,2.61,209.0,1.0,20.4836,204.0,360.0,770.0
2,2024-01-29 00:00:00+01:00,5,2024,1,204.0,191.0,201.25,0.9491,1,1726.0,0.1152,2.5,205.0,1.0,24.0139,156.0,355.0,782.0
2,2024-02-05 00:00:00+01:00,6,2024,2,156.0,204.0,202.0,1.0099,1,1522.0,0.1016,2.66,207.5,1.0,19.828,199.0,410.0,829.0
2,2024-02-12 00:00:00+01:00,7,2024,2,199.0,156.0,190.5,0.8189,1,2436.0,0.1518,2.66,195.5,1.0,33.6511,211.0,427.0,1099.0
2,2024-02-19 00:00:00+01:00,8,2024,2,211.0,199.0,187.5,1.0613,1,2237.0,0.1394,2.56,190.0,1.0,32.6229,216.0,419.0,1251.0
2,2024-02-26 00:00:00+01:00,9,2024,2,216.0,211.0,192.5,1.0961,1,2026.0,0.1262,2.56,203.0,1.0,28.7784,203.0,672.0,1385.0
2,2024-03-04 00:00:00+01:00,10,2024,3,203.0,216.0,195.5,1.1049,1,1810.0,0.1128,2.79,234.0,1.0,23.2287,469.0,832.0,1500.0
2,2024-03-11 00:00:00+01:00,11,2024,3,469.0,203.0,207.25,0.9795,1,3212.0,0.1819,4.42,302.5,1.0,24.5446,363.0,713.0,1491.0
2,2024-03-18 00:00:00+01:00,12,2024,3,363.0,469.0,274.75,1.707,1,2743.0,0.1554,4.5,362.5,1.0,15.5301,350.0,668.0,1580.0
2,2024-03-25 00:00:00+01:00,13,2024,3,350.0,363.0,312.75,1.1607,1,2380.0,0.1348,4.5,356.0,1.0,11.8376,318.0,778.0,1558.0
2,2024-04-01 00:00:00+01:00,14,2024,4,318.0,350.0,346.25,1.0108,1,2030.0,0.115,5.03,368.0,1.0,8.159,460.0,912.0,1485.0
2,2024-04-08 00:00:00+01:00,15,2024,4,460.0,318.0,375.0,0.848,1,2782.0,0.1486,5.03,440.5,1.0,10.3242,452.0,780.0,1218.0
2,2024-04-15 00:00:00+01:00,16,2024,4,452.0,460.0,372.75,1.2341,1,2322.0,0.124,5.24,481.0,1.0,8.3217,328.0,573.0,942.0
2,2024-04-22 00:00:00+01:00,17,2024,4,328.0,452.0,395.0,1.1443,1,1870.0,0.0999,5.24,337.5,1.0,6.3243,245.0,438.0,834.0
2,2024-04-29 00:00:00+01:00,18,2024,4,245.0,328.0,389.5,0.8421,1,1542.0,0.0823,3.35,236.0,1.0,8.2724,193.0,369.0,825.0
2,2024-05-06 00:00:00+01:00,19,2024,5,193.0,245.0,371.25,0.6599,1,2367.0,0.1196,3.03,253.0,1.0,14.7295,176.0,396.0,845.0
2,2024-05-13 00:00:00+01:00,20,2024,5,176.0,193.0,304.5,0.6338,1,2174.0,0.1098,2.58,220.5,1.0,19.3709,220.0,456.0,924.0
2,2024-05-20 00:00:00+01:00,21,2024,5,220.0,176.0,235.5,0.7473,1,1998.0,0.1009,2.58,222.5,1.0,23.0188,236.0,449.0,973.0
2,2024-05-27 00:00:00+01:00,22,2024,5,236.0,220.0,208.5,1.0552,1,1778.0,0.0898,2.64,219.5,1.0,22.611,213.0,468.0,919.0
2,2024-06-03 00:00:00+01:00,23,2024,6,213.0,236.0,206.25,1.1442,1,1542.0,0.0779,2.64,195.5,1.0,19.8237,255.0,524.0,926.0
2,2024-06-10 00:00:00+01:00,24,2024,6,255.0,213.0,211.25,1.0083,1,2399.0,0.115,3.13,253.0,1.0,25.3973,269.0,451.0,868.0
2,2024-06-17 00:00:00+01:00,25,2024,6,269.0,255.0,231.0,1.1039,1,2144.0,0.1028,3.36,270.5,1.0,19.3362,182.0,402.0,859.0
2,2024-06-24 00:00:00+01:00,26,2024,6,182.0,269.0,243.25,1.1059,1,1875.0,0.0899,3.36,204.5,1.0,16.0586,220.0,417.0,880.0
2,2024-07-01 00:00:00+01:00,27,2024,7,220.0,182.0,229.75,0.7922,1,1693.0,0.0811,2.53,195.5,1.0,20.3882,197.0,457.0,870.0
2,2024-07-08 00:00:00+01:00,28,2024,7,197.0,220.0,231.5,0.9503,1,2543.0,0.1159,2.65,212.5,1.0,29.0167,260.0,463.0,893.0
2,2024-07-15 00:00:00+01:00,29,2024,7,260.0,197.0,217.0,0.9078,1,2346.0,0.107,2.65,208.0,1.0,28.5575,203.0,413.0,843.0
2,2024-07-22 00:00:00+01:00,30,2024,7,203.0,260.0,214.75,1.2107,1,2086.0,0.0951,2.45,193.5,1.0,27.7532,210.0,430.0,862.0
2,2024-07-29 00:00:00+01:00,31,2024,7,210.0,203.0,220.0,0.9227,1,1883.0,0.0858,2.5,210.0,1.0,23.9655,220.0,430.0,851.0
2,2024-08-05 00:00:00+01:00,32,2024,8,220.0,210.0,217.5,0.9655,1,1673.0,0.0763,2.5,211.0,1.0,21.5375,210.0,432.0,912.0
2,2024-08-12 00:00:00+01:00,33,2024,8,210.0,220.0,223.25,0.9854,1,2523.0,0.1097,2.5,195.0,1.0,31.6434,222.0,421.0,928.0
2,2024-08-19 00:00:00+01:00,34,2024,8,222.0,210.0,210.75,0.9964,1,2313.0,0.1005,2.7,197.0,1.0,28.4539,199.0,480.0,925.0
2,2024-08-26 00:00:00+01:00,35,2024,8,199.0,222.0,215.5,1.0302,1,2091.0,0.0909,2.7,217.0,1.0,25.156,281.0,507.0,954.0
2,2024-09-02 00:00:00+01:00,36,2024,9,281.0,199.0,212.75,0.9354,1,1892.0,0.0822,3.52,308.5,1.0,17.6851,226.0,445.0,864.0
2,2024-09-09 00:00:00+01:00,37,2024,9,226.0,281.0,228.0,1.2325,1,2681.0,0.1114,3.52,324.0,1.0,23.3839,219.0,447.0,882.0
2,2024-09-16 00:00:00+01:00,38,2024,9,219.0,226.0,232.0,0.9741,1,2455.0,0.102,2.7,230.5,1.0,27.4345,228.0,419.0,873.0
2,2024-09-23 00:00:00+01:00,39,2024,9,228.0,219.0,231.25,0.947,1,2236.0,0.0929,2.47,211.0,1.0,27.4026,191.0,435.0,842.0
2,2024-09-30 00:00:00+01:00,40,2024,9,191.0,228.0,238.5,0.956,1,2008.0,0.0834,2.47,203.0,1.0,23.8603,244.0,454.0,858.0
2,2024-10-07 00:00:00+01:00,41,2024,10,244.0,191.0,216.0,0.8843,1,2887.0,0.1148,2.47,194.5,1.0,37.8786,210.0,407.0,819.0
2,2024-10-14 00:00:00+01:00,42,2024,10,210.0,244.0,220.5,1.1066,1,2643.0,0.1051,2.44,204.0,1.0,34.3872,197.0,404.0,811.0
2,2024-10-21 00:00:00+01:00,43,2024,10,197.0,210.0,218.25,0.9622,1,2433.0,0.0968,2.52,208.0,1.0,30.966,207.0,412.0,793.0
2,2024-10-28 00:00:00+01:00,44,2024,10,207.0,197.0,210.5,0.9359,1,2236.0,0.0889,2.52,221.0,1.0,29.5065,205.0,407.0,765.0
2,2024-11-04 00:00:00+01:00,45,2024,11,205.0,207.0,214.5,0.965,1,2029.0,0.0807,2.49,212.0,1.0,26.5921,202.0,381.0,731.0
2,2024-11-11 00:00:00+01:00,46,2024,11,202.0,205.0,204.75,1.0012,1,2894.0,0.1104,2.49,211.5,1.0,39.735,179.0,358.0,798.0
2,2024-11-18 00:00:00+01:00,47,2024,11,179.0,202.0,202.75,0.9963,1,2692.0,0.1027,2.44,207.5,1.0,38.091,179.0,350.0,783.0
2,2024-11-25 00:00:00+01:00,48,2024,11,179.0,179.0,198.25,0.9029,1,2513.0,0.0959,2.53,190.5,1.0,35.0717,171.0,440.0,987.0
2,2024-12-02 00:00:00+01:00,49,2024,12,171.0,179.0,191.25,0.9359,1,2334.0,0.089,2.53,200.0,1.0,33.7658,269.0,433.0,1109.0
2,2024-12-09 00:00:00+01:00,50,2024,12,269.0,171.0,182.75,0.9357,1,3768.0,0.1354,2.43,204.0,1.0,59.3944,164.0,547.0,1063.0
2,2024-12-16 00:00:00+01:00,51,2024,12,164.0,269.0,199.5,1.3484,1,3499.0,0.1258,2.52,206.0,1.0,48.719,383.0,676.0,1143.0
2,2024-12-23 00:00:00+01:00,52,2024,12,383.0,164.0,195.75,0.8378,1,3335.0,0.1199,4.76,217.6667,1.0,25.0545,293.0,516.0,957.0
2,2024-12-30 00:00:00+01:00,1,2025,12,293.0,383.0,246.75,1.5522,1,2952.0,0.1061,4.76,222.6667,1.0,17.5934,223.0,467.0,886.0
2,2025-01-06 00:00:00+01:00,2,2025,1,223.0,293.0,277.25,1.0568,1,3729.0,0.1291,3.53,226.4,1.0,26.6713,244.0,441.0,902.0
2,2025-01-13 00:00:00+01:00,3,2025,1,244.0,223.0,265.75,0.8391,1,3506.0,0.1214,2.61,209.75,1.0,35.3831,197.0,419.0,852.0
2,2025-01-20 00:00:00+01:00,4,2025,1,197.0,244.0,285.75,0.8539,1,3262.0,0.1129,2.61,205.0,1.0,30.6165,222.0,461.0,909.0
2,2025-01-27 00:00:00+01:00,5,2025,1,222.0,197.0,239.25,0.8234,1,3065.0,0.1061,2.5,201.25,1.0,35.8704,239.0,433.0,954.0
2,2025-02-03 00:00:00+01:00,6,2025,2,239.0,222.0,221.5,1.0023,1,2843.0,0.0984,2.66,193.75,1.0,33.7769,194.0,448.0,939.0
2,2025-02-10 00:00:00+01:00,7,2025,2,194.0,239.0,225.5,1.0599,1,3674.0,0.1226,2.66,186.5,1.0,42.8755,254.0,521.0,1129.0
2,2025-02-17 00:00:00+01:00,8,2025,2,254.0,194.0,213.0,0.9108,1,3480.0,0.1162,2.56,197.5,1.0,44.6743,267.0,491.0,1275.0
2,2025-02-24 00:00:00+01:00,9,2025,2,267.0,254.0,227.25,1.1177,1,3226.0,0.1077,2.56,208.25,1.0,38.8167,224.0,608.0,1384.0
2,2025-03-03 00:00:00+01:00,10,2025,3,224.0,267.0,238.5,1.1195,1,2959.0,0.0988,2.79,221.75,1.0,31.1279,384.0,784.0,1611.0
2,2025-03-10 00:00:00+01:00,11,2025,3,384.0,224.0,234.75,0.9542,1,4340.0,0.1375,4.42,319.25,1.0,29.2792,400.0,776.0,1648.0
2,2025-03-17 00:00:00+01:00,12,2025,3,400.0,384.0,282.25,1.3605,1,3956.0,0.1253,4.5,389.25,1.0,21.8026,376.0,827.0,1690.0
2,2025-03-24 00:00:00+01:00,13,2025,3,376.0,400.0,318.75,1.2549,1,3556.0,0.1127,4.5,356.25,1.0,17.3539,451.0,872.0,1661.0
2,2025-03-31 00:00:00+01:00,14,2025,3,451.0,376.0,346.0,1.0867,1,3180.0,0.1007,5.03,351.0,1.0,12.7903,421.0,863.0,1490.0
2,2025-04-07 00:00:00+01:00,15,2025,4,421.0,451.0,402.75,1.1198,1,3799.0,0.1164,5.03,414.75,1.0,13.1269,442.0,789.0,1266.0
2,2025-04-14 00:00:00+01:00,16,2025,4,442.0,421.0,412.0,1.0218,1,3378.0,0.1035,5.24,468.5,1.0,10.9529,347.0,627.0,1005.0
2,2025-04-21 00:00:00+01:00,17,2025,4,347.0,442.0,422.5,1.0462,1,2936.0,0.09,5.24,363.75,1.0,9.2832,280.0,477.0,832.0
2,2025-04-28 00:00:00+01:00,18,2025,4,280.0,347.0,415.25,0.8356,1,2589.0,0.0793,3.35,261.25,1.0,13.0279,197.0,378.0,787.0
2,2025-05-05 00:00:00+01:00,19,2025,5,197.0,280.0,372.5,0.7517,1,2309.0,0.0708,3.03,236.0,1.0,14.3203,181.0,355.0,792.0
2,2025-05-12 00:00:00+01:00,20,2025,5,181.0,197.0,316.5,0.6224,1,3182.0,0.0944,2.58,202.5,1.0,27.2775,174.0,409.0,863.0
2,2025-05-19 00:00:00+01:00,21,2025,5,174.0,181.0,251.25,0.7204,1,3001.0,0.089,2.58,210.25,1.0,32.407,235.0,437.0,926.0
2,2025-05-26 00:00:00+01:00,22,2025,5,235.0,174.0,208.0,0.8365,1,2827.0,0.0839,2.64,223.75,1.0,36.0377,202.0,454.0,904.0
2,2025-06-02 00:00:00+01:00,23,2025,6,202.0,235.0,196.75,1.1944,1,2592.0,0.0769,2.64,210.0,1.0,34.9313,252.0,489.0,920.0
2,2025-06-09 00:00:00+01:00,24,2025,6,252.0,202.0,198.0,1.0202,1,3460.0,0.0995,3.13,243.5,1.0,39.0809,237.0,450.0,973.0
2,2025-06-16 00:00:00+01:00,25,2025,6,237.0,252.0,215.75,1.168,1,3208.0,0.0923,3.36,266.25,1.0,30.9772,213.0,431.0,974.0
2,2025-06-23 00:00:00+01:00,26,2025,6,213.0,237.0,231.5,1.0238,1,2971.0,0.0854,3.36,215.0,1.0,26.7369,218.0,523.0,1023.0
2,2025-06-30 00:00:00+01:00,27,2025,6,218.0,213.0,226.0,0.9425,1,2758.0,0.0793,2.53,198.25,1.0,33.7647,305.0,543.0,1012.0
2,2025-07-07 00:00:00+01:00,28,2025,7,305.0,218.0,230.0,0.9478,1,3610.0,0.1007,2.65,210.5,1.0,41.4602,238.0,500.0,895.0
2,2025-07-14 00:00:00+01:00,29,2025,7,238.0,305.0,243.25,1.2539,1,3305.0,0.0922,2.65,218.25,1.0,35.8898,262.0,469.0,856.0
2,2025-07-21 00:00:00+01:00,30,2025,7,262.0,238.0,243.5,0.9774,1,3067.0,0.0856,2.45,212.5,1.0,35.9871,207.0,395.0,793.0
2,2025-07-28 00:00:00+01:00,31,2025,7,207.0,262.0,255.75,1.0244,1,2805.0,0.0783,2.5,208.25,1.0,30.7097,188.0,387.0,776.0
2,2025-08-04 00:00:00+01:00,32,2025,8,188.0,207.0,253.0,0.8182,1,2598.0,0.0725,2.5,213.0,1.0,28.7526,199.0,398.0,863.0
2,2025-08-11 00:00:00+01:00,33,2025,8,199.0,188.0,223.75,0.8402,1,3480.0,0.0943,2.5,205.0,1.0,43.5486,199.0,389.0,878.0
2,2025-08-18 00:00:00+01:00,34,2025,8,199.0,199.0,214.0,0.9299,1,3281.0,0.0889,2.7,206.5,1.0,39.749,190.0,465.0,873.0
2,2025-08-25 00:00:00+01:00,35,2025,8,190.0,199.0,198.25,1.0038,1,3082.0,0.0835,2.7,213.75,1.0,40.3045,275.0,489.0,930.0
2,2025-09-01 00:00:00+01:00,36,2025,9,275.0,190.0,194.0,0.9794,1,2892.0,0.0783,3.52,274.25,1.0,29.645,214.0,408.0,833.0
2,2025-09-08 00:00:00+01:00,37,2025,9,214.0,275.0,215.75,1.2746,1,3687.0,0.0971,3.52,288.75,1.0,33.9843,194.0,441.0,818.0
2,2025-09-15 00:00:00+01:00,38,2025,9,194.0,214.0,219.5,0.9749,1,3473.0,0.0914,2.7,226.5,1.0,41.0208,247.0,425.0,844.0
2,2025-09-22 00:00:00+01:00,39,2025,9,247.0,194.0,218.25,0.8889,1,3279.0,0.0863,2.47,217.25,1.0,42.5783,178.0,377.0,792.0
2,2025-09-29 00:00:00+01:00,40,2025,9,178.0,247.0,232.5,1.0624,1,3032.0,0.0798,2.47,206.25,1.0,36.9579,199.0,419.0,814.0
2,2025-10-06 00:00:00+01:00,41,2025,10,199.0,178.0,208.25,0.8547,1,3924.0,0.1005,2.47,206.0,1.0,53.4005,220.0,415.0,821.0
2,2025-10-13 00:00:00+01:00,42,2025,10,220.0,199.0,204.5,0.9731,1,3725.0,0.0954,2.44,215.5,1.0,52.2566,195.0,395.0,795.0
2,2025-10-20 00:00:00+01:00,43,2025,10,195.0,220.0,211.0,1.0427,1,3505.0,0.0897,2.52,205.75,1.0,46.1427,200.0,406.0,849.0
2,2025-10-27 00:00:00+01:00,44,2025,10,200.0,195.0,198.0,0.9848,1,3310.0,0.0848,2.52,211.5,1.0,46.4366,206.0,400.0,858.0
2,2025-11-03 00:00:00+01:00,45,2025,11,206.0,200.0,203.5,0.9828,1,3110.0,0.0796,2.49,209.0,1.0,42.963,194.0,443.0,858.0
2,2025-11-10 00:00:00+01:00,46,2025,11,194.0,206.0,205.25,1.0037,1,3974.0,0.099,2.49,207.5,1.0,54.4306,249.0,458.0,833.0
2,2025-11-17 00:00:00+01:00,47,2025,11,249.0,194.0,198.75,0.9761,1,3780.0,0.0942,2.44,199.0,1.0,54.5623,209.0,415.0,795.0
2,2025-11-24 00:00:00+01:00,48,2025,11,209.0,249.0,212.25,1.1731,1,3531.0,0.088,2.53,184.75,1.0,46.0286,206.0,375.0,944.0
2,2025-12-01 00:00:00+01:00,49,2025,12,206.0,209.0,214.5,0.9744,1,3322.0,0.0828,2.53,187.5,1.0,42.8499,169.0,380.0,1043.0
2,2025-12-08 00:00:00+01:00,50,2025,12,169.0,206.0,214.5,0.9604,1,4721.0,0.1131,2.43,212.0,1.0,63.4013,211.0,569.0,1102.0
2,2025-12-15 00:00:00+01:00,51,2025,12,211.0,169.0,208.25,0.8115,1,4552.0,0.1091,2.52,211.25,1.0,60.7176,358.0,663.0,1130.0
2,2025-12-22 00:00:00+01:00,52,2025,12,358.0,211.0,198.75,1.0616,1,4341.0,0.104,4.76,240.0,1.0,32.1199,305.0,533.0,956.0
2,2025-12-29 00:00:00+01:00,1,2026,12,305.0,358.0,236.0,1.5169,1,3983.0,0.0954,4.76,257.5,1.0,24.8193,228.0,467.0,863.0
2,2026-01-05 00:00:00+01:00,2,2026,1,228.0,305.0,260.75,1.1697,1,3678.0,0.0881,3.53,237.1429,1.0,27.9712,239.0,423.0,824.0
2,2026-01-12 00:00:00+01:00,3,2026,1,239.0,228.0,275.5,0.8276,1,4520.0,0.1056,2.61,217.6667,1.0,44.0022,184.0,396.0,785.0
2,2026-01-19 00:00:00+01:00,4,2026,1,184.0,239.0,282.5,0.846,1,4281.0,0.1,2.61,210.1667,1.0,40.6429,212.0,401.0,794.0
2,2026-01-26 00:00:00+01:00,5,2026,1,212.0,184.0,239.0,0.7699,1,4097.0,0.0957,2.5,204.0,1.0,47.9983,189.0,389.0,793.0
2,2026-02-02 00:00:00+01:00,6,2026,2,189.0,212.0,215.75,0.9826,1,3885.0,0.0908,2.66,206.0,1.0,47.3867,200.0,393.0,808.0
2,2026-02-09 00:00:00+01:00,7,2026,2,200.0,189.0,206.0,0.9175,1,4766.0,0.1086,2.66,196.5,1.0,60.884,193.0,404.0,934.0
2,2026-02-16 00:00:00+01:00,8,2026,2,193.0,200.0,196.25,1.0191,1,4566.0,0.1041,2.56,206.3333,1.0,63.6186,211.0,415.0,1147.0
2,2026-02-23 00:00:00+01:00,9,2026,2,211.0,193.0,198.5,0.9723,1,4373.0,0.0997,2.56,225.6667,1.0,60.2389,204.0,530.0,1272.0
2,2026-03-02 00:00:00+01:00,10,2026,3,204.0,211.0,198.25,1.0643,1,4162.0,0.0949,2.79,229.6667,1.0,52.6724,326.0,732.0,1531.0
2,2026-03-09 00:00:00+01:00,11,2026,3,326.0,204.0,202.0,1.0099,1,5563.0,0.1223,4.42,314.1667,1.0,43.6148,406.0,742.0,1702.0
2,2026-03-16 00:00:00+01:00,12,2026,3,406.0,326.0,233.5,1.3961,1,5237.0,0.1152,4.5,390.1667,1.0,34.8884,336.0,799.0,1722.0
2,2026-03-23 00:00:00+01:00,13,2026,3,336.0,406.0,286.75,1.4159,1,4831.0,0.1062,4.5,366.8333,1.0,26.2071,463.0,960.0,1519.0
3,2022-12-26 00:00:00+01:00,52,2022,12,15.0,0.0,0.0,0.0,0,0.0,0.0,1.0,0.0,4.0,999.0,88.0,166.0,333.0
3,2023-01-02 00:00:00+01:00,1,2023,1,88.0,15.0,15.0,1.0,1,0.0,0.0,3.53,15.0,1.0,999.0,78.0,157.0,319.0
3,2023-01-09 00:00:00+01:00,2,2023,1,78.0,88.0,51.5,1.7087,1,381.0,0.9071,3.53,51.5,1.0,14.6704,79.0,167.0,304.0
3,2023-01-16 00:00:00+01:00,3,2023,1,79.0,78.0,60.3333,1.2928,1,303.0,0.7214,2.61,60.3333,1.0,13.4692,88.0,162.0,305.0
3,2023-01-23 00:00:00+01:00,4,2023,1,88.0,79.0,65.0,1.2154,1,224.0,0.5333,2.61,65.0,1.0,9.2426,74.0,137.0,293.0
3,2023-01-30 00:00:00+01:00,5,2023,1,74.0,88.0,83.25,1.0571,1,136.0,0.3238,2.5,83.25,1.0,4.5742,63.0,143.0,302.0
3,2023-02-06 00:00:00+01:00,6,2023,2,63.0,74.0,79.75,0.9279,0,482.0,0.5738,2.66,79.75,1.0,15.905,80.0,156.0,344.0
3,2023-02-13 00:00:00+01:00,7,2023,2,80.0,63.0,76.0,0.8289,0,419.0,0.4988,2.66,76.0,1.0,14.5083,76.0,159.0,414.0
3,2023-02-20 00:00:00+01:00,8,2023,2,76.0,80.0,76.25,1.0492,1,339.0,0.4036,2.56,76.25,1.0,12.1568,83.0,188.0,488.0
3,2023-02-27 00:00:00+01:00,9,2023,2,83.0,76.0,73.25,1.0375,1,263.0,0.3131,2.56,73.25,1.0,9.8176,105.0,255.0,552.0
3,2023-03-06 00:00:00+01:00,10,2023,3,105.0,83.0,75.5,1.0993,1,600.0,0.4762,2.79,75.5,1.0,19.9388,150.0,300.0,662.0
3,2023-03-13 00:00:00+01:00,11,2023,3,150.0,105.0,86.0,1.2209,1,495.0,0.3929,4.42,86.0,1.0,9.1155,150.0,297.0,730.0
3,2023-03-20 00:00:00+01:00,12,2023,3,150.0,150.0,103.5,1.4493,0,345.0,0.2738,4.5,103.5,1.0,5.1852,147.0,362.0,751.0
3,2023-03-27 00:00:00+01:00,13,2023,3,147.0,150.0,122.0,1.2295,0,195.0,0.1548,4.5,122.0,1.0,2.4863,215.0,433.0,691.0
3,2023-04-03 00:00:00+01:00,14,2023,4,215.0,147.0,138.0,1.0652,1,48.0,0.0381,5.03,138.0,1.0,0.4841,218.0,389.0,612.0
3,2023-04-10 00:00:00+01:00,15,2023,4,218.0,215.0,165.5,1.2991,1,280.0,0.1667,5.03,165.5,1.0,2.3545,171.0,258.0,471.0
3,2023-04-17 00:00:00+01:00,16,2023,4,171.0,218.0,182.5,1.1945,1,62.0,0.0369,5.24,182.5,1.0,0.4538,87.0,223.0,357.0
3,2023-04-24 00:00:00+01:00,17,2023,4,87.0,171.0,187.75,0.9108,1,0.0,0.0,5.24,187.75,1.0,999.0,136.0,213.0,364.0
3,2023-05-01 00:00:00+01:00,18,2023,5,136.0,87.0,172.75,0.5036,1,0.0,0.0,3.35,172.75,1.0,999.0,77.0,134.0,302.0
3,2023-05-08 00:00:00+01:00,19,2023,5,77.0,136.0,153.0,0.8889,0,389.0,0.1852,3.03,153.0,1.0,5.8737,57.0,151.0,294.0
3,2023-05-15 00:00:00+01:00,20,2023,5,57.0,77.0,117.75,0.6539,0,312.0,0.1486,2.58,117.75,1.0,7.1891,94.0,168.0,377.0
3,2023-05-22 00:00:00+01:00,21,2023,5,94.0,57.0,89.25,0.6387,1,255.0,0.1214,2.58,89.25,1.0,7.7519,74.0,143.0,384.0
3,2023-05-29 00:00:00+01:00,22,2023,5,74.0,94.0,91.0,1.033,1,161.0,0.0767,2.64,91.0,1.0,4.6911,69.0,209.0,388.0
3,2023-06-05 00:00:00+01:00,23,2023,6,69.0,74.0,75.5,0.9801,1,87.0,0.0414,2.64,75.5,1.0,3.0554,140.0,241.0,392.0
3,2023-06-12 00:00:00+01:00,24,2023,6,140.0,69.0,73.5,0.9388,1,438.0,0.1738,3.13,73.5,1.0,13.3272,101.0,179.0,355.0
3,2023-06-19 00:00:00+01:00,25,2023,6,101.0,140.0,94.25,1.4854,0,298.0,0.1183,3.36,94.25,1.0,6.5871,78.0,151.0,338.0
3,2023-06-26 00:00:00+01:00,26,2023,6,78.0,101.0,96.0,1.0521,0,197.0,0.0782,3.36,96.0,1.0,4.2752,73.0,176.0,348.0
3,2023-07-03 00:00:00+01:00,27,2023,7,73.0,78.0,97.0,0.8041,1,119.0,0.0472,2.53,97.0,1.0,3.3943,103.0,187.0,383.0
3,2023-07-10 00:00:00+01:00,28,2023,7,103.0,73.0,98.0,0.7449,1,466.0,0.1585,2.65,98.0,1.0,12.5606,84.0,172.0,357.0
3,2023-07-17 00:00:00+01:00,29,2023,7,84.0,103.0,88.75,1.1606,1,363.0,0.1235,2.65,88.75,1.0,10.8041,88.0,196.0,357.0
3,2023-07-24 00:00:00+01:00,30,2023,7,88.0,84.0,84.5,0.9941,1,279.0,0.0949,2.45,84.5,1.0,9.4336,108.0,185.0,331.0
3,2023-07-31 00:00:00+01:00,31,2023,7,108.0,88.0,87.0,1.0115,0,191.0,0.065,2.5,87.0,1.0,6.1471,77.0,161.0,294.0
3,2023-08-07 00:00:00+01:00,32,2023,8,77.0,108.0,95.75,1.1279,0,503.0,0.1497,2.5,95.75,1.0,14.7091,84.0,146.0,327.0
3,2023-08-14 00:00:00+01:00,33,2023,8,84.0,77.0,89.25,0.8627,0,426.0,0.1268,2.5,89.25,1.0,13.3647,62.0,133.0,314.0
3,2023-08-21 00:00:00+01:00,34,2023,8,62.0,84.0,89.25,0.9412,1,342.0,0.1018,2.7,89.25,1.0,9.9346,71.0,181.0,330.0
3,2023-08-28 00:00:00+01:00,35,2023,8,71.0,62.0,82.75,0.7492,1,280.0,0.0833,2.7,82.75,1.0,8.7725,110.0,181.0,358.0
3,2023-09-04 00:00:00+01:00,36,2023,9,110.0,71.0,73.5,0.966,1,209.0,0.0622,3.52,73.5,1.0,5.6548,71.0,149.0,321.0
3,2023-09-11 00:00:00+01:00,37,2023,9,71.0,110.0,81.75,1.3456,1,519.0,0.1373,3.52,81.75,1.0,12.6251,78.0,177.0,334.0
3,2023-09-18 00:00:00+01:00,38,2023,9,78.0,71.0,78.5,0.9045,0,448.0,0.1185,2.7,78.5,1.0,14.7959,99.0,172.0,336.0
3,2023-09-25 00:00:00+01:00,39,2023,9,99.0,78.0,82.5,0.9455,0,370.0,0.0979,2.47,82.5,1.0,12.7101,73.0,157.0,326.0
3,2023-10-02 00:00:00+01:00,40,2023,10,73.0,99.0,89.5,1.1061,1,271.0,0.0717,2.47,89.5,1.0,8.5812,84.0,164.0,341.0
3,2023-10-09 00:00:00+01:00,41,2023,10,84.0,73.0,80.25,0.9097,1,618.0,0.1471,2.47,80.25,1.0,21.8245,80.0,169.0,338.0
3,2023-10-16 00:00:00+01:00,42,2023,10,80.0,84.0,83.5,1.006,1,534.0,0.1271,2.44,83.5,1.0,18.3469,89.0,177.0,335.0
3,2023-10-23 00:00:00+01:00,43,2023,10,89.0,80.0,84.0,0.9524,1,454.0,0.1081,2.52,84.0,1.0,15.0132,88.0,169.0,327.0
3,2023-10-30 00:00:00+01:00,44,2023,10,88.0,89.0,81.5,1.092,0,365.0,0.0869,2.52,81.5,1.0,12.4404,81.0,158.0,295.0
3,2023-11-06 00:00:00+01:00,45,2023,11,81.0,88.0,85.25,1.0323,0,697.0,0.1509,2.49,85.25,1.0,22.9846,77.0,158.0,287.0
3,2023-11-13 00:00:00+01:00,46,2023,11,77.0,81.0,84.5,0.9586,1,616.0,0.1333,2.49,84.5,1.0,20.4938,81.0,137.0,281.0
3,2023-11-20 00:00:00+01:00,47,2023,11,81.0,77.0,83.75,0.9194,1,539.0,0.1167,2.44,83.75,1.0,18.4634,56.0,129.0,285.0
3,2023-11-27 00:00:00+01:00,48,2023,11,56.0,81.0,81.75,0.9908,1,458.0,0.0991,2.53,81.75,1.0,15.5008,73.0,144.0,417.0
3,2023-12-04 00:00:00+01:00,49,2023,12,73.0,56.0,73.75,0.7593,1,402.0,0.087,2.53,73.75,1.0,15.0814,71.0,156.0,441.0
3,2023-12-11 00:00:00+01:00,50,2023,12,71.0,73.0,71.75,1.0174,1,749.0,0.1486,2.43,71.75,1.0,30.0713,85.0,273.0,463.0
3,2023-12-18 00:00:00+01:00,51,2023,12,85.0,71.0,70.25,1.0107,0,678.0,0.1345,2.52,70.25,1.0,26.809,188.0,285.0,450.0
3,2023-12-25 00:00:00+01:00,52,2023,12,188.0,85.0,71.25,1.193,0,593.0,0.1177,4.76,15.0,1.0,12.2394,97.0,190.0,340.0
3,2024-01-01 00:00:00+01:00,1,2024,1,97.0,188.0,104.25,1.8034,1,405.0,0.0804,4.76,97.0,1.0,5.7131,93.0,165.0,310.0
3,2024-01-08 00:00:00+01:00,2,2024,1,93.0,97.0,110.25,0.8798,1,728.0,0.1333,3.53,83.0,1.0,13.0941,72.0,150.0,282.0
3,2024-01-15 00:00:00+01:00,3,2024,1,72.0,93.0,115.75,0.8035,1,635.0,0.1163,2.61,78.5,1.0,14.7133,78.0,145.0,289.0
3,2024-01-22 00:00:00+01:00,4,2024,1,78.0,72.0,112.5,0.64,1,563.0,0.1031,2.61,83.5,1.0,13.4219,67.0,132.0,292.0
3,2024-01-29 00:00:00+01:00,5,2024,1,67.0,78.0,85.0,0.9176,0,485.0,0.0888,2.5,81.0,1.0,15.9765,65.0,144.0,279.0
3,2024-02-05 00:00:00+01:00,6,2024,2,65.0,67.0,77.5,0.8645,0,418.0,0.0766,2.66,68.5,1.0,14.1935,79.0,160.0,293.0
3,2024-02-12 00:00:00+01:00,7,2024,2,79.0,65.0,70.5,0.922,1,773.0,0.1315,2.66,71.5,1.0,28.8541,81.0,135.0,365.0
3,2024-02-19 00:00:00+01:00,8,2024,2,81.0,79.0,72.25,1.0934,1,694.0,0.118,2.56,78.0,1.0,26.2651,54.0,133.0,421.0
3,2024-02-26 00:00:00+01:00,9,2024,2,54.0,81.0,73.0,1.1096,1,613.0,0.1043,2.56,79.5,1.0,22.9613,79.0,230.0,529.0
3,2024-03-04 00:00:00+01:00,10,2024,3,79.0,54.0,69.75,0.7742,1,559.0,0.0951,2.79,94.0,1.0,20.1077,151.0,288.0,658.0
3,2024-03-11 00:00:00+01:00,11,2024,3,151.0,79.0,73.25,1.0785,1,900.0,0.1429,4.42,127.5,1.0,19.4586,137.0,299.0,712.0
3,2024-03-18 00:00:00+01:00,12,2024,3,137.0,151.0,91.25,1.6548,0,749.0,0.1189,4.5,150.0,1.0,12.7683,162.0,370.0,740.0
3,2024-03-25 00:00:00+01:00,13,2024,3,162.0,137.0,105.25,1.3017,0,612.0,0.0971,4.5,148.5,1.0,9.0451,208.0,413.0,733.0
3,2024-04-01 00:00:00+01:00,14,2024,4,208.0,162.0,132.25,1.225,1,450.0,0.0714,5.03,181.0,1.0,4.7353,205.0,370.0,618.0
3,2024-04-08 00:00:00+01:00,15,2024,4,205.0,208.0,164.5,1.2644,1,662.0,0.0985,5.03,216.5,1.0,5.6004,165.0,320.0,495.0
3,2024-04-15 00:00:00+01:00,16,2024,4,165.0,205.0,178.0,1.1517,1,457.0,0.068,5.24,194.5,1.0,3.4298,155.0,248.0,408.0
3,2024-04-22 00:00:00+01:00,17,2024,4,155.0,165.0,185.0,0.8919,1,292.0,0.0435,5.24,129.0,1.0,2.1085,93.0,175.0,320.0
3,2024-04-29 00:00:00+01:00,18,2024,4,93.0,155.0,183.25,0.8458,0,137.0,0.0204,3.35,111.5,1.0,1.5622,82.0,160.0,310.0
3,2024-05-06 00:00:00+01:00,19,2024,5,82.0,93.0,154.5,0.6019,0,464.0,0.065,3.03,106.5,1.0,6.9382,78.0,145.0,309.0
3,2024-05-13 00:00:00+01:00,20,2024,5,78.0,82.0,123.75,0.6626,1,382.0,0.0535,2.58,67.0,1.0,8.3752,67.0,150.0,350.0
3,2024-05-20 00:00:00+01:00,21,2024,5,67.0,78.0,102.0,0.7647,1,304.0,0.0426,2.58,75.5,1.0,8.0863,83.0,164.0,360.0
3,2024-05-27 00:00:00+01:00,22,2024,5,83.0,67.0,80.0,0.8375,1,237.0,0.0332,2.64,84.0,1.0,7.8551,81.0,200.0,350.0
3,2024-06-03 00:00:00+01:00,23,2024,6,81.0,83.0,77.5,1.071,1,154.0,0.0216,2.64,71.5,1.0,5.2688,119.0,196.0,354.0
3,2024-06-10 00:00:00+01:00,24,2024,6,119.0,81.0,77.25,1.0485,0,493.0,0.0652,3.13,104.5,1.0,14.2726,77.0,150.0,308.0
3,2024-06-17 00:00:00+01:00,25,2024,6,77.0,119.0,87.5,1.36,0,374.0,0.0495,3.36,120.5,1.0,8.9048,73.0,158.0,310.0
3,2024-06-24 00:00:00+01:00,26,2024,6,73.0,77.0,90.0,0.8556,0,297.0,0.0393,3.36,89.5,1.0,6.875,85.0,158.0,301.0
3,2024-07-01 00:00:00+01:00,27,2024,7,85.0,73.0,87.5,0.8343,1,224.0,0.0296,2.53,75.5,1.0,7.083,73.0,152.0,284.0
3,2024-07-08 00:00:00+01:00,28,2024,7,73.0,85.0,88.5,0.9605,1,559.0,0.0701,2.65,88.0,1.0,16.6848,79.0,143.0,289.0
3,2024-07-15 00:00:00+01:00,29,2024,7,79.0,73.0,77.0,0.9481,1,486.0,0.0609,2.65,93.5,1.0,16.6724,64.0,132.0,295.0
3,2024-07-22 00:00:00+01:00,30,2024,7,64.0,79.0,77.5,1.0194,1,407.0,0.051,2.45,86.0,1.0,15.0046,68.0,146.0,315.0
3,2024-07-29 00:00:00+01:00,31,2024,7,68.0,64.0,75.25,0.8505,0,343.0,0.043,2.5,98.0,1.0,12.7628,78.0,163.0,328.0
3,2024-08-05 00:00:00+01:00,32,2024,8,78.0,68.0,71.0,0.9577,0,275.0,0.0345,2.5,92.5,1.0,10.8451,85.0,169.0,388.0
3,2024-08-12 00:00:00+01:00,33,2024,8,85.0,78.0,72.25,1.0796,1,617.0,0.0735,2.5,80.5,1.0,23.9114,84.0,165.0,381.0
3,2024-08-19 00:00:00+01:00,34,2024,8,84.0,85.0,73.75,1.1525,1,532.0,0.0633,2.7,73.0,1.0,18.7018,81.0,219.0,373.0
3,2024-08-26 00:00:00+01:00,35,2024,8,81.0,84.0,78.75,1.0667,1,448.0,0.0533,2.7,66.5,1.0,14.749,138.0,216.0,368.0
3,2024-09-02 00:00:00+01:00,36,2024,9,138.0,81.0,82.0,0.9878,1,367.0,0.0437,3.52,90.5,1.0,8.9004,78.0,154.0,307.0
3,2024-09-09 00:00:00+01:00,37,2024,9,78.0,138.0,97.0,1.4227,0,649.0,0.0736,3.52,90.5,1.0,13.3054,76.0,152.0,313.0
3,2024-09-16 00:00:00+01:00,38,2024,9,76.0,78.0,95.25,0.8189,0,571.0,0.0647,2.7,74.5,1.0,15.5419,76.0,153.0,331.0
3,2024-09-23 00:00:00+01:00,39,2024,9,76.0,76.0,93.25,0.815,1,495.0,0.0561,2.47,88.5,1.0,15.0438,77.0,161.0,325.0
3,2024-09-30 00:00:00+01:00,40,2024,9,77.0,76.0,92.0,0.8261,1,419.0,0.0475,2.47,86.0,1.0,12.9071,84.0,178.0,336.0
3,2024-10-07 00:00:00+01:00,41,2024,10,84.0,77.0,76.75,1.0033,1,762.0,0.0825,2.47,78.5,1.0,28.137,94.0,164.0,334.0
3,2024-10-14 00:00:00+01:00,42,2024,10,94.0,84.0,78.25,1.0735,1,678.0,0.0734,2.44,82.0,1.0,24.8573,70.0,158.0,311.0
3,2024-10-21 00:00:00+01:00,43,2024,10,70.0,94.0,82.75,1.136,1,584.0,0.0632,2.52,84.5,1.0,19.6039,88.0,170.0,318.0
3,2024-10-28 00:00:00+01:00,44,2024,10,88.0,70.0,81.25,0.8615,0,514.0,0.0556,2.52,88.5,1.0,17.5726,82.0,153.0,311.0
3,2024-11-04 00:00:00+01:00,45,2024,11,82.0,88.0,84.0,1.0476,0,426.0,0.0461,2.49,84.5,1.0,14.257,71.0,148.0,310.0
3,2024-11-11 00:00:00+01:00,46,2024,11,71.0,82.0,83.5,0.982,1,764.0,0.0791,2.49,79.0,1.0,25.722,77.0,158.0,317.0
3,2024-11-18 00:00:00+01:00,47,2024,11,77.0,71.0,77.75,0.9132,1,693.0,0.0717,2.44,79.0,1.0,25.5706,81.0,162.0,326.0
3,2024-11-25 00:00:00+01:00,48,2024,11,81.0,77.0,79.5,0.9686,1,616.0,0.0638,2.53,68.5,1.0,21.4383,81.0,159.0,402.0
3,2024-12-02 00:00:00+01:00,49,2024,12,81.0,81.0,77.75,1.0418,1,535.0,0.0554,2.53,64.5,1.0,19.0384,78.0,164.0,426.0
3,2024-12-09 00:00:00+01:00,50,2024,12,78.0,81.0,77.5,1.0452,0,874.0,0.0867,2.43,72.0,1.0,32.4864,86.0,243.0,421.0
3,2024-12-16 00:00:00+01:00,51,2024,12,86.0,78.0,79.25,0.9842,0,796.0,0.079,2.52,78.0,1.0,27.9005,157.0,262.0,421.0
3,2024-12-23 00:00:00+01:00,52,2024,12,157.0,86.0,81.5,1.0552,1,710.0,0.0704,4.76,96.0,1.0,12.8113,105.0,178.0,332.0
3,2024-12-30 00:00:00+01:00,1,2025,12,105.0,157.0,100.5,1.5622,1,553.0,0.0549,4.76,97.0,1.0,8.0919,73.0,159.0,292.0
3,2025-01-06 00:00:00+01:00,2,2025,1,73.0,105.0,106.5,0.9859,1,868.0,0.0827,3.53,92.2,1.0,16.1619,86.0,154.0,301.0
3,2025-01-13 00:00:00+01:00,3,2025,1,86.0,73.0,105.25,0.6936,1,795.0,0.0757,2.61,80.5,1.0,20.2583,68.0,133.0,283.0
3,2025-01-20 00:00:00+01:00,4,2025,1,68.0,86.0,105.25,0.8171,1,709.0,0.0675,2.61,79.25,1.0,18.0668,65.0,147.0,268.0
3,2025-01-27 00:00:00+01:00,5,2025,1,65.0,68.0,83.0,0.8193,0,641.0,0.061,2.5,76.75,1.0,21.6241,82.0,150.0,276.0
3,2025-02-03 00:00:00+01:00,6,2025,2,82.0,65.0,73.0,0.8904,0,576.0,0.0549,2.66,67.25,1.0,20.7642,68.0,121.0,277.0
3,2025-02-10 00:00:00+01:00,7,2025,2,68.0,82.0,75.25,1.0897,1,914.0,0.0837,2.66,71.75,1.0,31.9636,53.0,126.0,351.0
3,2025-02-17 00:00:00+01:00,8,2025,2,53.0,68.0,70.75,0.9611,1,846.0,0.0775,2.56,79.0,1.0,32.6966,73.0,156.0,477.0
3,2025-02-24 00:00:00+01:00,9,2025,2,73.0,53.0,67.0,0.791,1,793.0,0.0726,2.56,73.5,1.0,32.3636,83.0,225.0,557.0
3,2025-03-03 00:00:00+01:00,10,2025,3,83.0,73.0,69.0,1.058,1,720.0,0.0659,2.79,80.25,1.0,26.1805,142.0,321.0,653.0
3,2025-03-10 00:00:00+01:00,11,2025,3,142.0,83.0,69.25,1.1986,0,1057.0,0.0932,4.42,121.25,1.0,24.173,179.0,332.0,674.0
3,2025-03-17 00:00:00+01:00,12,2025,3,179.0,142.0,87.75,1.6182,0,915.0,0.0807,4.5,147.0,1.0,16.2203,153.0,332.0,669.0
3,2025-03-24 00:00:00+01:00,13,2025,3,153.0,179.0,119.25,1.501,1,736.0,0.0649,4.5,149.0,1.0,9.6007,179.0,342.0,635.0
3,2025-03-31 00:00:00+01:00,14,2025,3,179.0,153.0,139.25,1.0987,1,583.0,0.0514,5.03,183.0,1.0,5.8264,163.0,337.0,582.0
3,2025-04-07 00:00:00+01:00,15,2025,4,163.0,179.0,163.25,1.0965,1,824.0,0.0701,5.03,211.5,1.0,7.0243,174.0,293.0,501.0
3,2025-04-14 00:00:00+01:00,16,2025,4,174.0,163.0,168.5,0.9674,1,661.0,0.0562,5.24,189.75,1.0,5.2404,119.0,245.0,413.0
3,2025-04-21 00:00:00+01:00,17,2025,4,119.0,174.0,167.25,1.0404,0,487.0,0.0414,5.24,144.5,1.0,3.8898,126.0,208.0,365.0
3,2025-04-28 00:00:00+01:00,18,2025,4,126.0,119.0,158.75,0.7496,0,368.0,0.0313,3.35,117.75,1.0,4.8438,82.0,168.0,327.0
3,2025-05-05 00:00:00+01:00,19,2025,5,82.0,126.0,145.5,0.866,0,242.0,0.0206,3.03,97.0,1.0,3.8424,86.0,157.0,328.0
3,2025-05-12 00:00:00+01:00,20,2025,5,86.0,82.0,125.25,0.6547,1,580.0,0.0476,2.58,73.5,1.0,12.564,71.0,159.0,347.0
3,2025-05-19 00:00:00+01:00,21,2025,5,71.0,86.0,103.25,0.8329,1,494.0,0.0406,2.58,74.0,1.0,12.9812,88.0,171.0,378.0
3,2025-05-26 00:00:00+01:00,22,2025,5,88.0,71.0,91.25,0.7781,1,423.0,0.0347,2.64,79.5,1.0,12.2914,83.0,188.0,366.0
3,2025-06-02 00:00:00+01:00,23,2025,6,83.0,88.0,81.75,1.0765,1,335.0,0.0275,2.64,76.75,1.0,10.8655,105.0,207.0,368.0
3,2025-06-09 00:00:00+01:00,24,2025,6,105.0,83.0,82.0,1.0122,0,672.0,0.0533,3.13,102.25,1.0,18.3277,102.0,178.0,342.0
3,2025-06-16 00:00:00+01:00,25,2025,6,102.0,105.0,86.75,1.2104,0,567.0,0.045,3.36,109.25,1.0,13.6167,76.0,161.0,309.0
3,2025-06-23 00:00:00+01:00,26,2025,6,76.0,102.0,94.5,1.0794,1,465.0,0.0369,3.36,82.25,1.0,10.2513,85.0,164.0,320.0
3,2025-06-30 00:00:00+01:00,27,2025,6,85.0,76.0,91.5,0.8306,1,389.0,0.0309,2.53,77.25,1.0,11.7627,79.0,148.0,321.0
3,2025-07-07 00:00:00+01:00,28,2025,7,79.0,85.0,92.0,0.9239,1,724.0,0.0556,2.65,83.5,1.0,20.7875,69.0,156.0,324.0
3,2025-07-14 00:00:00+01:00,29,2025,7,69.0,79.0,85.5,0.924,1,645.0,0.0495,2.65,84.75,1.0,19.9272,87.0,173.0,337.0
3,2025-07-21 00:00:00+01:00,30,2025,7,87.0,69.0,77.25,0.8932,0,576.0,0.0442,2.45,78.75,1.0,21.3037,86.0,168.0,327.0
3,2025-07-28 00:00:00+01:00,31,2025,7,86.0,87.0,80.0,1.0875,0,489.0,0.0376,2.5,82.0,1.0,17.115,82.0,164.0,306.0
3,2025-08-04 00:00:00+01:00,32,2025,8,82.0,86.0,80.25,1.0717,1,403.0,0.031,2.5,82.75,1.0,14.0611,82.0,159.0,327.0
3,2025-08-11 00:00:00+01:00,33,2025,8,82.0,82.0,81.0,1.0123,1,741.0,0.0551,2.5,81.0,1.0,25.6148,77.0,142.0,344.0
3,2025-08-18 00:00:00+01:00,34,2025,8,77.0,82.0,84.25,0.9733,1,659.0,0.049,2.7,78.75,1.0,20.2792,65.0,168.0,375.0
3,2025-08-25 00:00:00+01:00,35,2025,8,65.0,77.0,81.75,0.9419,1,582.0,0.0433,2.7,74.5,1.0,18.4574,103.0,202.0,375.0
3,2025-09-01 00:00:00+01:00,36,2025,9,103.0,65.0,76.5,0.8497,1,517.0,0.0385,3.52,100.0,1.0,13.4395,99.0,207.0,349.0
3,2025-09-08 00:00:00+01:00,37,2025,9,99.0,103.0,81.75,1.2599,0,834.0,0.0602,3.52,99.25,1.0,20.2877,108.0,173.0,348.0
3,2025-09-15 00:00:00+01:00,38,2025,9,108.0,99.0,86.0,1.1512,0,735.0,0.053,2.7,75.75,1.0,22.1576,65.0,142.0,325.0
3,2025-09-22 00:00:00+01:00,39,2025,9,65.0,108.0,93.75,1.152,1,627.0,0.0452,2.47,82.25,1.0,18.9538,77.0,175.0,336.0
3,2025-09-29 00:00:00+01:00,40,2025,9,77.0,65.0,93.75,0.6933,1,562.0,0.0405,2.47,81.25,1.0,16.9889,98.0,183.0,352.0
3,2025-10-06 00:00:00+01:00,41,2025,10,98.0,77.0,87.25,0.8825,1,905.0,0.0634,2.47,79.5,1.0,29.3957,85.0,161.0,333.0
3,2025-10-13 00:00:00+01:00,42,2025,10,85.0,98.0,87.0,1.1264,1,807.0,0.0565,2.44,85.5,1.0,26.6111,76.0,169.0,336.0
3,2025-10-20 00:00:00+01:00,43,2025,10,76.0,85.0,81.25,1.0462,0,722.0,0.0506,2.52,83.25,1.0,24.6838,93.0,172.0,340.0
3,2025-10-27 00:00:00+01:00,44,2025,10,93.0,76.0,84.0,0.9048,0,646.0,0.0452,2.52,83.75,1.0,21.3624,79.0,167.0,313.0
3,2025-11-03 00:00:00+01:00,45,2025,11,79.0,93.0,88.0,1.0568,1,553.0,0.0387,2.49,84.75,1.0,17.6661,88.0,168.0,311.0
3,2025-11-10 00:00:00+01:00,46,2025,11,88.0,79.0,83.25,0.9489,1,894.0,0.0608,2.49,77.75,1.0,30.1892,80.0,146.0,320.0
3,2025-11-17 00:00:00+01:00,47,2025,11,80.0,88.0,84.0,1.0476,1,806.0,0.0548,2.44,76.5,1.0,27.5273,66.0,143.0,316.0
3,2025-11-24 00:00:00+01:00,48,2025,11,66.0,80.0,85.0,0.9412,1,726.0,0.0494,2.53,73.75,1.0,23.6317,77.0,174.0,376.0
3,2025-12-01 00:00:00+01:00,49,2025,12,77.0,66.0,78.25,0.8435,1,660.0,0.0449,2.53,72.75,1.0,23.3366,97.0,173.0,435.0
3,2025-12-08 00:00:00+01:00,50,2025,12,97.0,77.0,77.75,0.9904,0,1003.0,0.0663,2.43,75.75,1.0,37.1614,76.0,202.0,427.0
3,2025-12-15 00:00:00+01:00,51,2025,12,76.0,97.0,80.0,1.2125,0,906.0,0.0599,2.52,80.0,1.0,31.4583,126.0,262.0,432.0
3,2025-12-22 00:00:00+01:00,52,2025,12,126.0,76.0,79.0,0.962,1,830.0,0.0549,4.76,106.2,1.0,15.4505,136.0,225.0,389.0
3,2025-12-29 00:00:00+01:00,1,2026,12,136.0,126.0,94.0,1.3404,1,704.0,0.0466,4.76,108.3333,1.0,11.0138,89.0,170.0,333.0
3,2026-01-05 00:00:00+01:00,2,2026,1,89.0,136.0,108.75,1.2506,1,568.0,0.0376,3.53,95.7143,1.0,10.3572,81.0,164.0,328.0
3,2026-01-12 00:00:00+01:00,3,2026,1,81.0,89.0,106.75,0.8337,1,899.0,0.0579,2.61,80.1667,1.0,22.5865,83.0,163.0,334.0
3,2026-01-19 00:00:00+01:00,4,2026,1,83.0,81.0,108.0,0.75,0,818.0,0.0526,2.61,78.5,1.0,20.3136,80.0,164.0,329.0
3,2026-01-26 00:00:00+01:00,5,2026,1,80.0,83.0,97.25,0.8535,0,735.0,0.0473,2.5,73.3333,1.0,21.162,84.0,171.0,330.0
3,2026-02-02 00:00:00+01:00,6,2026,2,84.0,80.0,83.25,0.961,1,655.0,0.0421,2.66,69.3333,1.0,20.7049,87.0,165.0,351.0
3,2026-02-09 00:00:00+01:00,7,2026,2,87.0,84.0,82.0,1.0244,1,991.0,0.0621,2.66,72.8333,1.0,31.8036,78.0,159.0,404.0
3,2026-02-16 00:00:00+01:00,8,2026,2,78.0,87.0,83.5,1.0419,1,904.0,0.0566,2.56,72.8333,1.0,29.6033,81.0,186.0,468.0
3,2026-02-23 00:00:00+01:00,9,2026,2,81.0,78.0,82.25,0.9483,1,826.0,0.0518,2.56,70.0,1.0,27.4601,105.0,245.0,519.0
3,2026-03-02 00:00:00+01:00,10,2026,3,105.0,81.0,82.5,0.9818,0,745.0,0.0467,2.79,79.5,1.0,22.6567,140.0,282.0,577.0
3,2026-03-09 00:00:00+01:00,11,2026,3,140.0,105.0,87.75,1.1966,0,1060.0,0.0647,4.42,118.3333,1.0,19.1309,142.0,274.0,607.0
3,2026-03-16 00:00:00+01:00,12,2026,3,142.0,140.0,101.0,1.3861,0,920.0,0.0562,4.5,151.5,1.0,14.1694,132.0,295.0,619.0
3,2026-03-23 00:00:00+01:00,13,2026,3,132.0,142.0,117.0,1.2137,1,778.0,0.0475,4.5,154.6667,1.0,10.3438,163.0,333.0,538.0
4,2022-12-26 00:00:00+01:00,52,2022,12,292.0,0.0,0.0,0.0,0,0.0,0.0,1.0,0.0,4.0,999.0,1120.0,1926.0,3756.0
4,2023-01-02 00:00:00+01:00,1,2023,1,1120.0,292.0,292.0,1.0,1,0.0,0.0,3.53,292.0,1.0,999.0,806.0,1816.0,3453.0
4,2023-01-09 00:00:00+01:00,2,2023,1,806.0,1120.0,706.0,1.5864,1,4107.0,0.8832,3.53,706.0,1.0,11.5357,1010.0,1830.0,3598.0
4,2023-01-16 00:00:00+01:00,3,2023,1,1010.0,806.0,739.3333,1.0902,1,3301.0,0.7099,2.61,739.3333,1.0,11.9746,820.0,1637.0,3536.0
4,2023-01-23 00:00:00+01:00,4,2023,1,820.0,1010.0,807.0,1.2515,2,2291.0,0.4927,2.61,807.0,1.0,7.6139,817.0,1768.0,3650.0
4,2023-01-30 00:00:00+01:00,5,2023,1,817.0,820.0,939.0,0.8733,2,1471.0,0.3163,2.5,939.0,1.0,4.3864,951.0,1899.0,3739.0
4,2023-02-06 00:00:00+01:00,6,2023,2,951.0,817.0,863.25,0.9464,1,5304.0,0.5703,2.66,863.25,1.0,16.169,948.0,1882.0,3870.0
4,2023-02-13 00:00:00+01:00,7,2023,2,948.0,951.0,899.5,1.0573,2,4353.0,0.4681,2.66,899.5,1.0,12.7351,934.0,1840.0,4631.0
4,2023-02-20 00:00:00+01:00,8,2023,2,934.0,948.0,884.0,1.0724,1,3405.0,0.3661,2.56,884.0,1.0,10.5323,906.0,1988.0,5136.0
4,2023-02-27 00:00:00+01:00,9,2023,2,906.0,934.0,912.5,1.0236,2,2471.0,0.2657,2.56,912.5,1.0,7.4045,1082.0,2791.0,5821.0
4,2023-03-06 00:00:00+01:00,10,2023,3,1082.0,906.0,934.75,0.9692,2,6215.0,0.4455,2.79,934.75,1.0,16.6817,1709.0,3148.0,6364.0
4,2023-03-13 00:00:00+01:00,11,2023,3,1709.0,1082.0,967.5,1.1183,1,5133.0,0.368,4.42,967.5,1.0,8.4023,1439.0,3030.0,6650.0
4,2023-03-20 00:00:00+01:00,12,2023,3,1439.0,1709.0,1157.75,1.4761,2,3424.0,0.2454,4.5,1157.75,1.0,4.6005,1591.0,3216.0,7428.0
4,2023-03-27 00:00:00+01:00,13,2023,3,1591.0,1439.0,1284.0,1.1207,1,1985.0,0.1423,4.5,1284.0,1.0,2.4048,1625.0,3620.0,6994.0
4,2023-04-03 00:00:00+01:00,14,2023,4,1625.0,1591.0,1455.25,1.0933,2,394.0,0.0282,5.03,1455.25,1.0,0.3768,1995.0,4212.0,6610.0
4,2023-04-10 00:00:00+01:00,15,2023,4,1995.0,1625.0,1591.0,1.0214,2,3419.0,0.1838,5.03,1591.0,1.0,2.9906,2217.0,3374.0,5509.0
4,2023-04-17 00:00:00+01:00,16,2023,4,2217.0,1995.0,1662.5,1.2,1,1424.0,0.0766,5.24,1662.5,1.0,1.1442,1157.0,2398.0,4274.0
4,2023-04-24 00:00:00+01:00,17,2023,4,1157.0,2217.0,1857.0,1.1939,2,0.0,0.0,5.24,1857.0,1.0,999.0,1241.0,2135.0,4046.0
4,2023-05-01 00:00:00+01:00,18,2023,5,1241.0,1157.0,1748.5,0.6617,2,0.0,0.0,3.35,1748.5,1.0,999.0,894.0,1876.0,3582.0
4,2023-05-08 00:00:00+01:00,19,2023,5,894.0,1241.0,1652.5,0.751,2,4365.0,0.1877,3.03,1652.5,1.0,6.1024,982.0,1911.0,3655.0
4,2023-05-15 00:00:00+01:00,20,2023,5,982.0,894.0,1377.25,0.6491,2,3471.0,0.1493,2.58,1377.25,1.0,6.8379,929.0,1706.0,3780.0
4,2023-05-22 00:00:00+01:00,21,2023,5,929.0,982.0,1068.5,0.919,1,2489.0,0.1071,2.58,1068.5,1.0,6.3202,777.0,1744.0,3915.0
4,2023-05-29 00:00:00+01:00,22,2023,5,777.0,929.0,1011.5,0.9184,2,1560.0,0.0671,2.64,1011.5,1.0,4.0893,967.0,2074.0,4063.0
4,2023-06-05 00:00:00+01:00,23,2023,6,967.0,777.0,895.5,0.8677,2,783.0,0.0337,2.64,895.5,1.0,2.3184,1107.0,2171.0,3907.0
4,2023-06-12 00:00:00+01:00,24,2023,6,1107.0,967.0,913.75,1.0583,1,4466.0,0.1601,3.13,913.75,1.0,10.9306,1064.0,1989.0,3717.0
4,2023-06-19 00:00:00+01:00,25,2023,6,1064.0,1107.0,945.0,1.1714,2,3359.0,0.1204,3.36,945.0,1.0,7.4052,925.0,1736.0,3682.0
4,2023-06-26 00:00:00+01:00,26,2023,6,925.0,1064.0,978.75,1.0871,1,2295.0,0.0823,3.36,978.75,1.0,4.8851,811.0,1728.0,3675.0
4,2023-07-03 00:00:00+01:00,27,2023,7,811.0,925.0,1015.75,0.9107,2,1370.0,0.0491,2.53,1015.75,1.0,3.7317,917.0,1946.0,3676.0
4,2023-07-10 00:00:00+01:00,28,2023,7,917.0,811.0,976.75,0.8303,2,5209.0,0.16,2.65,976.75,1.0,14.0871,1029.0,1947.0,3760.0
4,2023-07-17 00:00:00+01:00,29,2023,7,1029.0,917.0,929.25,0.9868,1,4292.0,0.1319,2.65,929.25,1.0,12.2005,918.0,1730.0,3658.0
4,2023-07-24 00:00:00+01:00,30,2023,7,918.0,1029.0,920.5,1.1179,2,3263.0,0.1002,2.45,920.5,1.0,10.128,812.0,1813.0,3687.0
4,2023-07-31 00:00:00+01:00,31,2023,7,812.0,918.0,918.75,0.9992,1,2345.0,0.072,2.5,918.75,1.0,7.1467,1001.0,1928.0,3933.0
4,2023-08-07 00:00:00+01:00,32,2023,8,1001.0,812.0,919.0,0.8836,2,6183.0,0.1662,2.5,919.0,1.0,18.8383,927.0,1874.0,4199.0
4,2023-08-14 00:00:00+01:00,33,2023,8,927.0,1001.0,940.0,1.0649,2,5182.0,0.1393,2.5,940.0,1.0,15.4357,947.0,2005.0,4210.0
4,2023-08-21 00:00:00+01:00,34,2023,8,947.0,927.0,914.5,1.0137,1,4255.0,0.1144,2.7,914.5,1.0,12.0629,1058.0,2325.0,4031.0
4,2023-08-28 00:00:00+01:00,35,2023,8,1058.0,947.0,921.75,1.0274,2,3308.0,0.0889,2.7,921.75,1.0,9.3044,1267.0,2205.0,3911.0
4,2023-09-04 00:00:00+01:00,36,2023,9,1267.0,1058.0,983.25,1.076,2,2250.0,0.0605,3.52,983.25,1.0,4.5507,938.0,1706.0,3801.0
4,2023-09-11 00:00:00+01:00,37,2023,9,938.0,1267.0,1049.75,1.207,2,5633.0,0.1346,3.52,1049.75,1.0,10.6711,768.0,1706.0,3799.0
4,2023-09-18 00:00:00+01:00,38,2023,9,768.0,938.0,1052.5,0.8912,2,4695.0,0.1122,2.7,1052.5,1.0,11.5651,938.0,2095.0,3945.0
4,2023-09-25 00:00:00+01:00,39,2023,9,938.0,768.0,1007.75,0.7621,1,3927.0,0.0938,2.47,1007.75,1.0,11.0436,1157.0,2093.0,4010.0
4,2023-10-02 00:00:00+01:00,40,2023,10,1157.0,938.0,977.75,0.9593,2,2989.0,0.0714,2.47,977.75,1.0,8.6636,936.0,1850.0,3792.0
4,2023-10-09 00:00:00+01:00,41,2023,10,936.0,1157.0,950.25,1.2176,2,6482.0,0.1394,2.47,950.25,1.0,19.3318,914.0,1917.0,3811.0
4,2023-10-16 00:00:00+01:00,42,2023,10,914.0,936.0,949.75,0.9855,1,5546.0,0.1193,2.44,949.75,1.0,16.7525,1003.0,1942.0,3822.0
4,2023-10-23 00:00:00+01:00,43,2023,10,1003.0,914.0,986.25,0.9267,2,4632.0,0.0996,2.52,986.25,1.0,13.046,939.0,1894.0,3578.0
4,2023-10-30 00:00:00+01:00,44,2023,10,939.0,1003.0,1002.5,1.0005,1,3629.0,0.078,2.52,1002.5,1.0,10.0554,955.0,1880.0,3563.0
4,2023-11-06 00:00:00+01:00,45,2023,11,955.0,939.0,948.0,0.9905,2,7340.0,0.1435,2.49,948.0,1.0,21.7664,925.0,1684.0,3575.0
4,2023-11-13 00:00:00+01:00,46,2023,11,925.0,955.0,952.75,1.0024,2,6385.0,0.1248,2.49,952.75,1.0,18.84,759.0,1683.0,3508.0
4,2023-11-20 00:00:00+01:00,47,2023,11,759.0,925.0,955.5,0.9681,1,5460.0,0.1067,2.44,955.5,1.0,16.3934,924.0,1891.0,3793.0
4,2023-11-27 00:00:00+01:00,48,2023,11,924.0,759.0,894.5,0.8485,2,4701.0,0.0919,2.53,894.5,1.0,14.5408,967.0,1825.0,4377.0
4,2023-12-04 00:00:00+01:00,49,2023,12,967.0,924.0,890.75,1.0373,1,3777.0,0.0738,2.53,890.75,1.0,11.7319,858.0,1902.0,4547.0
4,2023-12-11 00:00:00+01:00,50,2023,12,858.0,967.0,893.75,1.082,2,7460.0,0.1337,2.43,893.75,1.0,24.0444,1044.0,2552.0,4622.0
4,2023-12-18 00:00:00+01:00,51,2023,12,1044.0,858.0,877.0,0.9783,2,6602.0,0.1183,2.52,877.0,1.0,20.9109,1508.0,2645.0,4603.0
4,2023-12-25 00:00:00+01:00,52,2023,12,1508.0,1044.0,948.25,1.101,1,5558.0,0.0996,4.76,292.0,1.0,8.6196,1137.0,2070.0,4013.0
4,2024-01-01 00:00:00+01:00,1,2024,1,1137.0,1508.0,1094.25,1.3781,2,4050.0,0.0726,4.76,973.3333,1.0,5.4429,933.0,1958.0,3880.0
4,2024-01-08 00:00:00+01:00,2,2024,1,933.0,1137.0,1136.75,1.0002,2,7563.0,0.1251,3.53,963.0,1.0,13.1933,1025.0,1943.0,4018.0
4,2024-01-15 00:00:00+01:00,3,2024,1,1025.0,933.0,1155.5,0.8074,2,6630.0,0.1097,2.61,908.0,1.0,15.3887,918.0,1922.0,3705.0
4,2024-01-22 00:00:00+01:00,4,2024,1,918.0,1025.0,1150.75,0.8907,2,5605.0,0.0927,2.61,915.0,1.0,13.0633,1004.0,2075.0,3621.0
4,2024-01-29 00:00:00+01:00,5,2024,1,1004.0,918.0,1003.25,0.915,1,4687.0,0.0775,2.5,818.5,1.0,13.0811,1071.0,1783.0,3542.0
4,2024-02-05 00:00:00+01:00,6,2024,2,1071.0,1004.0,970.0,1.0351,2,3683.0,0.0609,2.66,884.0,1.0,9.9919,712.0,1546.0,3371.0
4,2024-02-12 00:00:00+01:00,7,2024,2,712.0,1071.0,1004.5,1.0662,2,7262.0,0.1116,2.66,949.5,1.0,19.0249,834.0,1759.0,4267.0
4,2024-02-19 00:00:00+01:00,8,2024,2,834.0,712.0,926.25,0.7687,1,6550.0,0.1006,2.56,941.0,1.0,19.3362,925.0,1825.0,5047.0
4,2024-02-26 00:00:00+01:00,9,2024,2,925.0,834.0,905.25,0.9213,2,5716.0,0.0878,2.56,920.0,1.0,17.2656,900.0,2508.0,5729.0
4,2024-03-04 00:00:00+01:00,10,2024,3,900.0,925.0,885.5,1.0446,1,4791.0,0.0736,2.79,994.0,1.0,13.5747,1608.0,3222.0,7034.0
4,2024-03-11 00:00:00+01:00,11,2024,3,1608.0,900.0,842.75,1.0679,2,8541.0,0.1225,4.42,1395.5,1.0,16.0504,1614.0,3221.0,7281.0
4,2024-03-18 00:00:00+01:00,12,2024,3,1614.0,1608.0,1066.75,1.5074,2,6933.0,0.0994,4.5,1574.0,1.0,10.1098,1607.0,3812.0,7659.0
4,2024-03-25 00:00:00+01:00,13,2024,3,1607.0,1614.0,1261.75,1.2792,1,5319.0,0.0763,4.5,1515.0,1.0,6.5576,2205.0,4060.0,7658.0
4,2024-04-01 00:00:00+01:00,14,2024,4,2205.0,1607.0,1432.25,1.122,2,3712.0,0.0532,5.03,1608.0,1.0,3.6068,1855.0,3847.0,6205.0
4,2024-04-08 00:00:00+01:00,15,2024,4,1855.0,2205.0,1758.5,1.2539,1,6157.0,0.0828,5.03,1810.0,1.0,4.8726,1992.0,3598.0,5267.0
4,2024-04-15 00:00:00+01:00,16,2024,4,1992.0,1855.0,1820.25,1.0191,2,4302.0,0.0578,5.24,2106.0,1.0,3.1572,1606.0,2358.0,4448.0
4,2024-04-22 00:00:00+01:00,17,2024,4,1606.0,1992.0,1914.75,1.0403,2,2310.0,0.031,5.24,1687.0,1.0,1.6116,752.0,1669.0,3864.0
4,2024-04-29 00:00:00+01:00,18,2024,4,752.0,1606.0,1914.5,0.8389,1,704.0,0.0095,3.35,1199.0,1.0,0.7684,917.0,2090.0,4156.0
4,2024-05-06 00:00:00+01:00,19,2024,5,917.0,752.0,1551.25,0.4848,2,4650.0,0.0588,3.03,1067.5,1.0,6.9251,1173.0,2195.0,4183.0
4,2024-05-13 00:00:00+01:00,20,2024,5,1173.0,917.0,1316.75,0.6964,2,3733.0,0.0472,2.58,938.0,1.0,7.6919,1022.0,2066.0,4138.0
4,2024-05-20 00:00:00+01:00,21,2024,5,1022.0,1173.0,1112.0,1.0549,2,2560.0,0.0324,2.58,955.5,1.0,6.2462,1044.0,1988.0,4380.0
4,2024-05-27 00:00:00+01:00,22,2024,5,1044.0,1022.0,966.0,1.058,2,1538.0,0.0195,2.64,853.0,1.0,4.2216,944.0,2072.0,4335.0
4,2024-06-03 00:00:00+01:00,23,2024,6,944.0,1044.0,1039.0,1.0048,1,494.0,0.0062,2.64,872.0,1.0,1.2607,1128.0,2392.0,4216.0
4,2024-06-10 00:00:00+01:00,24,2024,6,1128.0,944.0,1045.75,0.9027,2,4200.0,0.0502,3.13,1037.0,1.0,8.982,1264.0,2263.0,3955.0
4,2024-06-17 00:00:00+01:00,25,2024,6,1264.0,1128.0,1034.5,1.0904,2,3072.0,0.0367,3.36,1085.5,1.0,6.1866,999.0,1824.0,3667.0
4,2024-06-24 00:00:00+01:00,26,2024,6,999.0,1264.0,1095.0,1.1543,1,1808.0,0.0216,3.36,994.5,1.0,3.4399,825.0,1692.0,3662.0
4,2024-07-01 00:00:00+01:00,27,2024,7,825.0,999.0,1083.75,0.9218,2,809.0,0.0097,2.53,868.0,1.0,2.0654,867.0,1843.0,3746.0
4,2024-07-08 00:00:00+01:00,28,2024,7,867.0,825.0,1054.0,0.7827,1,4634.0,0.0525,2.65,864.0,1.0,11.6136,976.0,1970.0,3735.0
4,2024-07-15 00:00:00+01:00,29,2024,7,976.0,867.0,988.75,0.8769,2,3767.0,0.0426,2.65,973.0,1.0,10.0638,994.0,1903.0,3678.0
4,2024-07-22 00:00:00+01:00,30,2024,7,994.0,976.0,916.75,1.0646,2,2791.0,0.0316,2.45,973.5,1.0,8.6984,909.0,1765.0,3574.0
4,2024-07-29 00:00:00+01:00,31,2024,7,909.0,994.0,915.5,1.0857,1,1797.0,0.0203,2.5,865.0,1.0,5.496,856.0,1775.0,3599.0
4,2024-08-05 00:00:00+01:00,32,2024,8,856.0,909.0,936.5,0.9706,2,888.0,0.0101,2.5,906.5,1.0,2.655,919.0,1809.0,4016.0
4,2024-08-12 00:00:00+01:00,33,2024,8,919.0,856.0,933.75,0.9167,1,4682.0,0.0503,2.5,964.0,1.0,14.0397,890.0,1824.0,4135.0
4,2024-08-19 00:00:00+01:00,34,2024,8,890.0,919.0,919.5,0.9995,2,3763.0,0.0405,2.7,937.0,1.0,10.61,934.0,2207.0,4066.0
4,2024-08-26 00:00:00+01:00,35,2024,8,934.0,890.0,893.5,0.9961,2,2873.0,0.0309,2.7,1002.5,1.0,8.3363,1273.0,2311.0,3985.0
4,2024-09-02 00:00:00+01:00,36,2024,9,1273.0,934.0,899.75,1.0381,1,1939.0,0.0208,3.52,1162.5,1.0,4.2856,1038.0,1859.0,3568.0
4,2024-09-09 00:00:00+01:00,37,2024,9,1038.0,1273.0,1004.0,1.2679,2,5316.0,0.0544,3.52,1102.5,1.0,10.5295,821.0,1674.0,3296.0
4,2024-09-16 00:00:00+01:00,38,2024,9,821.0,1038.0,1033.75,1.0041,2,4278.0,0.0438,2.7,853.0,1.0,10.729,853.0,1709.0,3441.0
4,2024-09-23 00:00:00+01:00,39,2024,9,853.0,821.0,1016.5,0.8077,2,3457.0,0.0354,2.47,853.0,1.0,9.6381,856.0,1622.0,3457.0
4,2024-09-30 00:00:00+01:00,40,2024,9,856.0,853.0,996.25,0.8562,2,2604.0,0.0267,2.47,1047.5,1.0,7.4075,766.0,1732.0,3394.0
4,2024-10-07 00:00:00+01:00,41,2024,10,766.0,856.0,892.0,0.9596,1,6398.0,0.0625,2.47,1046.5,1.0,20.3273,966.0,1835.0,3550.0
4,2024-10-14 00:00:00+01:00,42,2024,10,966.0,766.0,824.0,0.9296,2,5632.0,0.0551,2.44,925.0,1.0,19.6085,869.0,1662.0,3448.0
4,2024-10-21 00:00:00+01:00,43,2024,10,869.0,966.0,860.25,1.1229,2,4666.0,0.0456,2.52,958.5,1.0,15.0667,793.0,1715.0,3320.0
4,2024-10-28 00:00:00+01:00,44,2024,10,793.0,869.0,864.25,1.0055,1,3797.0,0.0371,2.52,971.0,1.0,12.2039,922.0,1786.0,3584.0
4,2024-11-04 00:00:00+01:00,45,2024,11,922.0,793.0,848.5,0.9346,2,3004.0,0.0294,2.49,947.0,1.0,9.9528,864.0,1605.0,3620.0
4,2024-11-11 00:00:00+01:00,46,2024,11,864.0,922.0,887.5,1.0389,1,6732.0,0.0629,2.49,940.0,1.0,21.3243,741.0,1798.0,3625.0
4,2024-11-18 00:00:00+01:00,47,2024,11,741.0,864.0,862.0,1.0023,2,5868.0,0.0549,2.44,842.0,1.0,19.5295,1057.0,2015.0,3805.0
4,2024-11-25 00:00:00+01:00,48,2024,11,1057.0,741.0,830.0,0.8928,2,5127.0,0.0479,2.53,841.5,1.0,17.0908,958.0,1827.0,4629.0
4,2024-12-02 00:00:00+01:00,49,2024,12,958.0,1057.0,896.0,1.1797,1,4070.0,0.0381,2.53,945.5,1.0,12.5679,869.0,1790.0,4936.0
4,2024-12-09 00:00:00+01:00,50,2024,12,869.0,958.0,905.0,1.0586,2,7762.0,0.0696,2.43,912.5,1.0,24.7068,921.0,2802.0,5049.0
4,2024-12-16 00:00:00+01:00,51,2024,12,921.0,869.0,906.25,0.9589,1,6893.0,0.0618,2.52,951.0,1.0,21.128,1881.0,3146.0,5087.0
4,2024-12-23 00:00:00+01:00,52,2024,12,1881.0,921.0,951.25,0.9682,2,5972.0,0.0535,4.76,948.0,1.0,9.2324,1265.0,2247.0,4230.0
4,2024-12-30 00:00:00+01:00,1,2025,12,1265.0,1881.0,1157.25,1.6254,2,4091.0,0.0367,4.76,973.3333,1.0,5.1987,982.0,1941.0,3774.0
4,2025-01-06 00:00:00+01:00,2,2025,1,982.0,1265.0,1234.0,1.0251,1,7476.0,0.0643,3.53,1052.2,1.0,12.0137,959.0,1983.0,3594.0
4,2025-01-13 00:00:00+01:00,3,2025,1,959.0,982.0,1262.25,0.778,2,6494.0,0.0559,2.61,943.5,1.0,13.7983,1024.0,1833.0,3489.0
4,2025-01-20 00:00:00+01:00,4,2025,1,1024.0,959.0,1271.75,0.7541,2,5535.0,0.0476,2.61,943.25,1.0,11.6728,809.0,1611.0,3468.0
4,2025-01-27 00:00:00+01:00,5,2025,1,809.0,1024.0,1057.5,0.9683,2,4511.0,0.0388,2.5,889.75,1.0,11.944,802.0,1656.0,3585.0
4,2025-02-03 00:00:00+01:00,6,2025,2,802.0,809.0,943.5,0.8574,2,3702.0,0.0318,2.66,960.75,1.0,10.3255,854.0,1857.0,3752.0
4,2025-02-10 00:00:00+01:00,7,2025,2,854.0,802.0,898.5,0.8926,1,7550.0,0.0624,2.66,920.5,1.0,22.1129,1003.0,1929.0,4445.0
4,2025-02-17 00:00:00+01:00,8,2025,2,1003.0,854.0,872.25,0.9791,2,6696.0,0.0554,2.56,857.0,1.0,20.991,926.0,1895.0,5683.0
4,2025-02-24 00:00:00+01:00,9,2025,2,926.0,1003.0,867.0,1.1569,2,5693.0,0.0471,2.56,899.75,1.0,17.9548,969.0,2516.0,6167.0
4,2025-03-03 00:00:00+01:00,10,2025,3,969.0,926.0,896.25,1.0332,1,4767.0,0.0394,2.79,953.25,1.0,13.3447,1547.0,3788.0,6981.0
4,2025-03-10 00:00:00+01:00,11,2025,3,1547.0,969.0,938.0,1.033,2,8448.0,0.0673,4.42,1324.75,1.0,14.2635,2241.0,3651.0,7387.0
4,2025-03-17 00:00:00+01:00,12,2025,3,2241.0,1547.0,1111.25,1.3921,1,6901.0,0.055,4.5,1592.5,1.0,9.6602,1410.0,3193.0,6886.0
4,2025-03-24 00:00:00+01:00,13,2025,3,1410.0,2241.0,1420.75,1.5773,2,4660.0,0.0371,4.5,1562.75,1.0,5.1022,1783.0,3736.0,7109.0
4,2025-03-31 00:00:00+01:00,14,2025,3,1783.0,1410.0,1541.75,0.9145,2,3250.0,0.0259,5.03,1757.0,1.0,2.9336,1953.0,3693.0,6375.0
4,2025-04-07 00:00:00+01:00,15,2025,4,1953.0,1783.0,1745.25,1.0216,1,6117.0,0.047,5.03,1920.0,1.0,4.8777,1740.0,3373.0,5324.0
4,2025-04-14 00:00:00+01:00,16,2025,4,1740.0,1953.0,1846.75,1.0575,2,4164.0,0.032,5.24,2014.75,1.0,3.0121,1633.0,2682.0,4531.0
4,2025-04-21 00:00:00+01:00,17,2025,4,1633.0,1740.0,1721.5,1.0107,1,2424.0,0.0186,5.24,1743.0,1.0,1.881,1049.0,1951.0,3735.0
4,2025-04-28 00:00:00+01:00,18,2025,4,1049.0,1633.0,1777.25,0.9188,2,791.0,0.0061,3.35,1189.0,1.0,0.93,902.0,1849.0,3476.0
4,2025-05-05 00:00:00+01:00,19,2025,5,902.0,1049.0,1593.75,0.6582,2,0.0,0.0,3.03,951.0,1.0,999.0,947.0,1784.0,3388.0
4,2025-05-12 00:00:00+01:00,20,2025,5,947.0,902.0,1331.0,0.6777,1,3748.0,0.0278,2.58,991.5,1.0,7.6401,837.0,1627.0,3604.0
4,2025-05-19 00:00:00+01:00,21,2025,5,837.0,947.0,1132.75,0.836,2,2801.0,0.0208,2.58,1026.5,1.0,6.709,790.0,1604.0,4223.0
4,2025-05-26 00:00:00+01:00,22,2025,5,790.0,837.0,933.75,0.8964,2,1964.0,0.0146,2.64,943.0,1.0,5.5771,814.0,1977.0,4115.0
4,2025-06-02 00:00:00+01:00,23,2025,6,814.0,790.0,869.0,0.9091,2,1174.0,0.0087,2.64,933.0,1.0,3.5821,1163.0,2619.0,4118.0
4,2025-06-09 00:00:00+01:00,24,2025,6,1163.0,814.0,847.0,0.961,2,5010.0,0.0359,3.13,1036.5,1.0,13.2284,1456.0,2138.0,3971.0
4,2025-06-16 00:00:00+01:00,25,2025,6,1456.0,1163.0,901.0,1.2908,1,3847.0,0.0276,3.36,1140.75,1.0,8.8952,682.0,1499.0,3352.0
4,2025-06-23 00:00:00+01:00,26,2025,6,682.0,1456.0,1055.75,1.3791,2,2391.0,0.0171,3.36,1063.0,1.0,4.7182,817.0,1833.0,3500.0
4,2025-06-30 00:00:00+01:00,27,2025,6,817.0,682.0,1028.75,0.6629,2,1709.0,0.0123,2.53,890.0,1.0,4.5963,1016.0,1853.0,3734.0
4,2025-07-07 00:00:00+01:00,28,2025,7,1016.0,817.0,1029.5,0.7936,1,5542.0,0.0384,2.65,855.0,1.0,14.2198,837.0,1667.0,3649.0
4,2025-07-14 00:00:00+01:00,29,2025,7,837.0,1016.0,992.75,1.0234,2,4526.0,0.0314,2.65,947.25,1.0,12.0428,830.0,1881.0,3707.0
4,2025-07-21 00:00:00+01:00,30,2025,7,830.0,837.0,838.0,0.9988,1,3689.0,0.0256,2.45,979.25,1.0,12.5776,1051.0,1982.0,3712.0
4,2025-07-28 00:00:00+01:00,31,2025,7,1051.0,830.0,875.0,0.9486,2,2859.0,0.0198,2.5,908.25,1.0,9.1488,931.0,1826.0,3453.0
4,2025-08-04 00:00:00+01:00,32,2025,8,931.0,1051.0,933.5,1.1259,2,1808.0,0.0125,2.5,894.5,1.0,5.423,895.0,1730.0,3432.0
4,2025-08-11 00:00:00+01:00,33,2025,8,895.0,931.0,912.25,1.0206,1,5527.0,0.0371,2.5,925.75,1.0,16.9642,835.0,1627.0,3316.0
4,2025-08-18 00:00:00+01:00,34,2025,8,835.0,895.0,926.75,0.9657,2,4632.0,0.0311,2.7,920.75,1.0,12.9581,792.0,1702.0,3323.0
4,2025-08-25 00:00:00+01:00,35,2025,8,792.0,835.0,928.0,0.8998,1,3797.0,0.0255,2.7,957.25,1.0,10.6078,910.0,1689.0,3396.0
4,2025-09-01 00:00:00+01:00,36,2025,9,910.0,792.0,863.25,0.9175,2,3005.0,0.0202,3.52,1133.0,1.0,6.9225,779.0,1621.0,3259.0
4,2025-09-08 00:00:00+01:00,37,2025,9,779.0,910.0,858.0,1.0606,2,6745.0,0.044,3.52,1129.0,1.0,15.6333,842.0,1707.0,3438.0
4,2025-09-15 00:00:00+01:00,38,2025,9,842.0,779.0,829.0,0.9397,1,5966.0,0.0389,2.7,891.25,1.0,18.6579,865.0,1638.0,3464.0
4,2025-09-22 00:00:00+01:00,39,2025,9,865.0,842.0,830.75,1.0135,2,5124.0,0.0334,2.47,845.0,1.0,17.4799,773.0,1731.0,3414.0
4,2025-09-29 00:00:00+01:00,40,2025,9,773.0,865.0,849.0,1.0188,2,4259.0,0.0278,2.47,951.0,1.0,14.2168,958.0,1826.0,3580.0
4,2025-10-06 00:00:00+01:00,41,2025,10,958.0,773.0,814.75,0.9488,2,8136.0,0.0515,2.47,928.75,1.0,28.3001,868.0,1683.0,3453.0
4,2025-10-13 00:00:00+01:00,42,2025,10,868.0,958.0,859.5,1.1146,2,7178.0,0.0454,2.44,895.5,1.0,23.9588,815.0,1754.0,3280.0
4,2025-10-20 00:00:00+01:00,43,2025,10,815.0,868.0,866.0,1.0023,1,6310.0,0.0399,2.52,938.0,1.0,20.2399,939.0,1770.0,3183.0
4,2025-10-27 00:00:00+01:00,44,2025,10,939.0,815.0,853.5,0.9549,2,5495.0,0.0348,2.52,901.0,1.0,17.8839,831.0,1526.0,3077.0
4,2025-11-03 00:00:00+01:00,45,2025,11,831.0,939.0,895.0,1.0492,2,4556.0,0.0288,2.49,902.25,1.0,14.3107,695.0,1413.0,3185.0
4,2025-11-10 00:00:00+01:00,46,2025,11,695.0,831.0,863.25,0.9626,1,8375.0,0.0515,2.49,916.5,1.0,27.2739,718.0,1551.0,3342.0
4,2025-11-17 00:00:00+01:00,47,2025,11,718.0,695.0,820.0,0.8476,2,7680.0,0.0472,2.44,822.25,1.0,26.8693,833.0,1772.0,3591.0
4,2025-11-24 00:00:00+01:00,48,2025,11,833.0,718.0,795.75,0.9023,1,6962.0,0.0428,2.53,870.25,1.0,24.2067,939.0,1791.0,4256.0
4,2025-12-01 00:00:00+01:00,49,2025,12,939.0,833.0,769.25,1.0829,2,6129.0,0.0377,2.53,976.5,1.0,22.0445,852.0,1819.0,5084.0
4,2025-12-08 00:00:00+01:00,50,2025,12,852.0,939.0,796.25,1.1793,2,9840.0,0.0588,2.43,913.0,1.0,35.599,967.0,2465.0,5230.0
4,2025-12-15 00:00:00+01:00,51,2025,12,967.0,852.0,835.5,1.0197,1,8988.0,0.0537,2.52,923.0,1.0,29.8823,1498.0,3265.0,5204.0
4,2025-12-22 00:00:00+01:00,52,2025,12,1498.0,967.0,897.75,1.0771,2,8021.0,0.0479,4.76,1129.2,1.0,13.1391,1767.0,2765.0,4609.0
4,2025-12-29 00:00:00+01:00,1,2026,12,1767.0,1498.0,1064.0,1.4079,1,6523.0,0.039,4.76,1200.5,1.0,9.0156,998.0,1939.0,3755.0
4,2026-01-05 00:00:00+01:00,2,2026,1,998.0,1767.0,1271.0,1.3902,2,4756.0,0.0284,3.53,1144.2857,1.0,7.4203,941.0,1844.0,3514.0
4,2026-01-12 00:00:00+01:00,3,2026,1,941.0,998.0,1307.5,0.7633,2,8408.0,0.0489,2.61,952.5,1.0,17.2468,903.0,1816.0,3460.0
4,2026-01-19 00:00:00+01:00,4,2026,1,903.0,941.0,1301.0,0.7233,1,7467.0,0.0434,2.61,959.3333,1.0,15.3931,913.0,1670.0,3454.0
4,2026-01-26 00:00:00+01:00,5,2026,1,913.0,903.0,1152.25,0.7837,2,6564.0,0.0382,2.5,898.6667,1.0,15.9507,757.0,1644.0,3474.0
4,2026-02-02 00:00:00+01:00,6,2026,2,757.0,913.0,938.75,0.9726,2,5651.0,0.0328,2.66,909.0,1.0,15.8413,887.0,1784.0,3641.0
4,2026-02-09 00:00:00+01:00,7,2026,2,887.0,757.0,878.5,0.8617,2,9544.0,0.054,2.66,889.6667,1.0,28.5894,897.0,1830.0,4369.0
4,2026-02-16 00:00:00+01:00,8,2026,2,897.0,887.0,865.0,1.0254,2,8657.0,0.049,2.56,880.8333,1.0,27.3659,933.0,1857.0,5052.0
4,2026-02-23 00:00:00+01:00,9,2026,2,933.0,897.0,863.5,1.0388,1,7760.0,0.0439,2.56,921.3333,1.0,24.573,924.0,2539.0,5655.0
4,2026-03-02 00:00:00+01:00,10,2026,3,924.0,933.0,868.5,1.0743,2,6827.0,0.0386,2.79,951.3333,1.0,19.7221,1615.0,3195.0,6796.0
4,2026-03-09 00:00:00+01:00,11,2026,3,1615.0,924.0,910.25,1.0151,2,10553.0,0.0582,4.42,1302.5,1.0,18.3608,1580.0,3116.0,6978.0
4,2026-03-16 00:00:00+01:00,12,2026,3,1580.0,1615.0,1092.25,1.4786,1,8938.0,0.0493,4.5,1693.0,1.0,12.7293,1536.0,3601.0,7156.0
4,2026-03-23 00:00:00+01:00,13,2026,3,1536.0,1580.0,1263.0,1.251,2,7358.0,0.0406,4.5,1650.3333,1.0,9.0624,2065.0,3862.0,6275.0
5,2022-12-26 00:00:00+01:00,52,2022,12,2.0,0.0,0.0,0.0,0,0.0,0.0,1.0,0.0,4.0,999.0,40.0,71.0,138.0
5,2023-01-02 00:00:00+01:00,1,2023,1,40.0,2.0,2.0,1.0,1,0.0,0.0,3.53,2.0,1.0,999.0,31.0,67.0,142.0
5,2023-01-09 00:00:00+01:00,2,2023,1,31.0,40.0,21.0,1.9048,1,188.0,0.8952,3.53,21.0,1.0,17.7526,36.0,67.0,152.0
5,2023-01-16 00:00:00+01:00,3,2023,1,36.0,31.0,24.3333,1.274,1,157.0,0.7476,2.61,24.3333,1.0,17.3044,31.0,75.0,160.0
5,2023-01-23 00:00:00+01:00,4,2023,1,31.0,36.0,27.25,1.3211,1,121.0,0.5762,2.61,27.25,1.0,11.909,44.0,85.0,171.0
5,2023-01-30 00:00:00+01:00,5,2023,1,44.0,31.0,34.5,0.8986,1,90.0,0.4286,2.5,34.5,1.0,7.3043,41.0,85.0,157.0
5,2023-02-06 00:00:00+01:00,6,2023,2,41.0,44.0,35.5,1.2394,0,256.0,0.6095,2.66,35.5,1.0,18.977,44.0,86.0,159.0
5,2023-02-13 00:00:00+01:00,7,2023,2,44.0,41.0,38.0,1.0789,0,215.0,0.5119,2.66,38.0,1.0,14.8892,42.0,72.0,188.0
5,2023-02-20 00:00:00+01:00,8,2023,2,42.0,44.0,40.0,1.1,0,171.0,0.4071,2.56,40.0,1.0,11.6895,30.0,73.0,223.0
5,2023-02-27 00:00:00+01:00,9,2023,2,30.0,42.0,42.75,0.9825,0,129.0,0.3071,2.56,42.75,1.0,8.2511,43.0,116.0,266.0
5,2023-03-06 00:00:00+01:00,10,2023,3,43.0,30.0,39.25,0.7643,1,309.0,0.4905,2.79,39.25,1.0,19.7521,73.0,150.0,305.0
5,2023-03-13 00:00:00+01:00,11,2023,3,73.0,43.0,39.75,1.0818,1,266.0,0.4222,4.42,39.75,1.0,10.5979,77.0,150.0,317.0
5,2023-03-20 00:00:00+01:00,12,2023,3,77.0,73.0,47.0,1.5532,1,193.0,0.3063,4.5,47.0,1.0,6.3877,73.0,155.0,336.0
5,2023-03-27 00:00:00+01:00,13,2023,3,73.0,77.0,55.75,1.3812,1,116.0,0.1841,4.5,55.75,1.0,3.2367,82.0,167.0,318.0
5,2023-04-03 00:00:00+01:00,14,2023,4,82.0,73.0,66.5,1.0977,0,43.0,0.0683,5.03,66.5,1.0,0.8999,85.0,181.0,287.0
5,2023-04-10 00:00:00+01:00,15,2023,4,85.0,82.0,76.25,1.0754,0,171.0,0.2036,5.03,76.25,1.0,3.1209,96.0,151.0,234.0
5,2023-04-17 00:00:00+01:00,16,2023,4,96.0,85.0,79.25,1.0726,0,86.0,0.1024,5.24,79.25,1.0,1.4497,55.0,106.0,177.0
5,2023-04-24 00:00:00+01:00,17,2023,4,55.0,96.0,84.0,1.1429,0,0.0,0.0,5.24,84.0,1.0,999.0,51.0,83.0,170.0
5,2023-05-01 00:00:00+01:00,18,2023,5,51.0,55.0,79.5,0.6918,0,0.0,0.0,3.35,79.5,1.0,999.0,32.0,71.0,165.0
5,2023-05-08 00:00:00+01:00,19,2023,5,32.0,51.0,71.75,0.7108,1,200.0,0.1905,3.03,71.75,1.0,6.4397,39.0,87.0,179.0
5,2023-05-15 00:00:00+01:00,20,2023,5,39.0,32.0,58.5,0.547,1,168.0,0.16,2.58,58.5,1.0,7.7917,48.0,94.0,194.0
5,2023-05-22 00:00:00+01:00,21,2023,5,48.0,39.0,44.25,0.8814,1,129.0,0.1229,2.58,44.25,1.0,7.9096,46.0,92.0,187.0
5,2023-05-29 00:00:00+01:00,22,2023,5,46.0,48.0,42.5,1.1294,1,81.0,0.0771,2.64,42.5,1.0,5.0535,46.0,100.0,176.0
5,2023-06-05 00:00:00+01:00,23,2023,6,46.0,46.0,41.25,1.1152,0,35.0,0.0333,2.64,41.25,1.0,2.2498,54.0,95.0,181.0
5,2023-06-12 00:00:00+01:00,24,2023,6,54.0,46.0,44.75,1.0279,0,199.0,0.1579,3.13,44.75,1.0,9.9452,41.0,76.0,165.0
5,2023-06-19 00:00:00+01:00,25,2023,6,41.0,54.0,48.5,1.1134,0,145.0,0.1151,3.36,48.5,1.0,6.2285,35.0,86.0,159.0
5,2023-06-26 00:00:00+01:00,26,2023,6,35.0,41.0,46.75,0.877,0,104.0,0.0825,3.36,46.75,1.0,4.6346,51.0,89.0,154.0
5,2023-07-03 00:00:00+01:00,27,2023,7,51.0,35.0,44.0,0.7955,1,69.0,0.0548,2.53,44.0,1.0,4.3388,38.0,73.0,136.0
5,2023-07-10 00:00:00+01:00,28,2023,7,38.0,51.0,45.25,1.1271,1,228.0,0.1551,2.65,45.25,1.0,13.3097,35.0,65.0,142.0
5,2023-07-17 00:00:00+01:00,29,2023,7,35.0,38.0,41.25,0.9212,1,190.0,0.1293,2.65,41.25,1.0,12.167,30.0,63.0,142.0
5,2023-07-24 00:00:00+01:00,30,2023,7,30.0,35.0,39.75,0.8805,1,155.0,0.1054,2.45,39.75,1.0,11.1411,33.0,77.0,148.0
5,2023-07-31 00:00:00+01:00,31,2023,7,33.0,30.0,38.5,0.7792,0,125.0,0.085,2.5,38.5,1.0,9.0909,44.0,79.0,159.0
5,2023-08-07 00:00:00+01:00,32,2023,8,44.0,33.0,34.0,0.9706,0,302.0,0.1798,2.5,34.0,1.0,24.8706,35.0,71.0,172.0
5,2023-08-14 00:00:00+01:00,33,2023,8,35.0,44.0,35.5,1.2394,0,258.0,0.1536,2.5,35.5,1.0,20.3493,36.0,80.0,174.0
5,2023-08-21 00:00:00+01:00,34,2023,8,36.0,35.0,35.5,0.9859,0,223.0,0.1327,2.7,35.5,1.0,16.2859,44.0,101.0,178.0
5,2023-08-28 00:00:00+01:00,35,2023,8,44.0,36.0,37.0,0.973,0,187.0,0.1113,2.7,37.0,1.0,13.1031,57.0,94.0,171.0
5,2023-09-04 00:00:00+01:00,36,2023,9,57.0,44.0,39.75,1.1069,1,143.0,0.0851,3.52,39.75,1.0,7.1541,37.0,77.0,147.0
5,2023-09-11 00:00:00+01:00,37,2023,9,37.0,57.0,43.0,1.3256,1,296.0,0.1566,3.52,43.0,1.0,13.6892,40.0,77.0,146.0
5,2023-09-18 00:00:00+01:00,38,2023,9,40.0,37.0,43.5,0.8506,1,259.0,0.137,2.7,43.5,1.0,15.4364,37.0,70.0,144.0
5,2023-09-25 00:00:00+01:00,39,2023,9,37.0,40.0,44.5,0.8989,1,219.0,0.1159,2.47,44.5,1.0,13.9471,33.0,69.0,148.0
5,2023-10-02 00:00:00+01:00,40,2023,10,33.0,37.0,42.75,0.8655,0,182.0,0.0963,2.47,42.75,1.0,12.0653,36.0,74.0,146.0
5,2023-10-09 00:00:00+01:00,41,2023,10,36.0,33.0,36.75,0.898,0,359.0,0.171,2.47,36.75,1.0,27.6846,38.0,79.0,154.0
5,2023-10-16 00:00:00+01:00,42,2023,10,38.0,36.0,36.5,0.9863,0,323.0,0.1538,2.44,36.5,1.0,25.3874,41.0,72.0,153.0
5,2023-10-23 00:00:00+01:00,43,2023,10,41.0,38.0,36.0,1.0556,0,285.0,0.1357,2.52,36.0,1.0,21.9907,31.0,75.0,155.0
5,2023-10-30 00:00:00+01:00,44,2023,10,31.0,41.0,37.0,1.1081,1,244.0,0.1162,2.52,37.0,1.0,18.3183,44.0,81.0,159.0
5,2023-11-06 00:00:00+01:00,45,2023,11,44.0,31.0,36.5,0.8493,1,423.0,0.1831,2.49,36.5,1.0,32.5796,37.0,80.0,152.0
5,2023-11-13 00:00:00+01:00,46,2023,11,37.0,44.0,38.5,1.1429,1,379.0,0.1641,2.49,38.5,1.0,27.6743,43.0,78.0,155.0
5,2023-11-20 00:00:00+01:00,47,2023,11,43.0,37.0,38.25,0.9673,1,342.0,0.1481,2.44,38.25,1.0,25.6509,35.0,72.0,151.0
5,2023-11-27 00:00:00+01:00,48,2023,11,35.0,43.0,38.75,1.1097,1,299.0,0.1294,2.53,38.75,1.0,21.349,37.0,77.0,175.0
5,2023-12-04 00:00:00+01:00,49,2023,12,37.0,35.0,39.75,0.8805,0,264.0,0.1143,2.53,39.75,1.0,18.3757,40.0,79.0,187.0
5,2023-12-11 00:00:00+01:00,50,2023,12,40.0,37.0,38.0,0.9737,0,437.0,0.1734,2.43,38.0,1.0,33.1276,39.0,98.0,184.0
5,2023-12-18 00:00:00+01:00,51,2023,12,39.0,40.0,38.75,1.0323,0,397.0,0.1575,2.52,38.75,1.0,28.4588,59.0,108.0,189.0
5,2023-12-25 00:00:00+01:00,52,2023,12,59.0,39.0,37.75,1.0331,0,358.0,0.1421,4.76,2.0,1.0,13.9462,49.0,86.0,166.0
5,2024-01-01 00:00:00+01:00,1,2024,1,49.0,59.0,43.75,1.3486,1,299.0,0.1187,4.76,33.6667,1.0,10.0504,37.0,81.0,160.0
5,2024-01-08 00:00:00+01:00,2,2024,1,37.0,49.0,46.75,1.0481,1,460.0,0.1685,3.53,35.5,1.0,19.5119,44.0,80.0,165.0
5,2024-01-15 00:00:00+01:00,3,2024,1,44.0,37.0,46.0,0.8043,1,423.0,0.1549,2.61,33.5,1.0,24.6627,36.0,79.0,166.0
5,2024-01-22 00:00:00+01:00,4,2024,1,36.0,44.0,47.25,0.9312,1,379.0,0.1388,2.61,33.5,1.0,21.5127,43.0,85.0,175.0
5,2024-01-29 00:00:00+01:00,5,2024,1,43.0,36.0,41.5,0.8675,0,343.0,0.1256,2.5,37.5,1.0,23.1422,42.0,87.0,173.0
5,2024-02-05 00:00:00+01:00,6,2024,2,42.0,43.0,40.0,1.075,0,300.0,0.1099,2.66,42.5,1.0,19.7368,45.0,90.0,174.0
5,2024-02-12 00:00:00+01:00,7,2024,2,45.0,42.0,41.25,1.0182,0,468.0,0.1592,2.66,42.5,1.0,29.8565,45.0,86.0,194.0
5,2024-02-19 00:00:00+01:00,8,2024,2,45.0,45.0,41.5,1.0843,0,423.0,0.1439,2.56,43.0,1.0,27.8709,41.0,84.0,209.0
5,2024-02-26 00:00:00+01:00,9,2024,2,41.0,45.0,43.75,1.0286,1,378.0,0.1286,2.56,36.0,1.0,23.625,43.0,108.0,248.0
5,2024-03-04 00:00:00+01:00,10,2024,3,43.0,41.0,43.25,0.948,1,337.0,0.1146,2.79,36.5,1.0,19.5496,65.0,125.0,288.0
5,2024-03-11 00:00:00+01:00,11,2024,3,65.0,43.0,43.5,0.9885,1,504.0,0.16,4.42,58.0,1.0,18.3492,60.0,140.0,298.0
5,2024-03-18 00:00:00+01:00,12,2024,3,60.0,65.0,48.5,1.3402,1,439.0,0.1394,4.5,75.0,1.0,14.0802,80.0,163.0,319.0
5,2024-03-25 00:00:00+01:00,13,2024,3,80.0,60.0,52.25,1.1483,1,379.0,0.1203,4.5,75.0,1.0,11.2834,83.0,158.0,300.0
5,2024-04-01 00:00:00+01:00,14,2024,4,83.0,80.0,62.0,1.2903,0,299.0,0.0949,5.03,77.5,1.0,6.7113,75.0,156.0,269.0
5,2024-04-08 00:00:00+01:00,15,2024,4,75.0,83.0,72.0,1.1528,0,426.0,0.1268,5.03,83.5,1.0,8.2339,81.0,142.0,232.0
5,2024-04-15 00:00:00+01:00,16,2024,4,81.0,75.0,74.5,1.0067,0,351.0,0.1045,5.24,90.5,1.0,6.2939,61.0,113.0,187.0
5,2024-04-22 00:00:00+01:00,17,2024,4,61.0,81.0,79.75,1.0157,0,270.0,0.0804,5.24,75.5,1.0,4.5227,52.0,90.0,158.0
5,2024-04-29 00:00:00+01:00,18,2024,4,52.0,61.0,75.0,0.8133,1,209.0,0.0622,3.35,53.0,1.0,5.8229,38.0,74.0,143.0
5,2024-05-06 00:00:00+01:00,19,2024,5,38.0,52.0,67.25,0.7732,1,367.0,0.1028,3.03,41.5,1.0,12.6075,36.0,68.0,140.0
5,2024-05-13 00:00:00+01:00,20,2024,5,36.0,38.0,58.0,0.6552,1,329.0,0.0922,2.58,35.5,1.0,15.3903,32.0,69.0,150.0
5,2024-05-20 00:00:00+01:00,21,2024,5,32.0,36.0,46.75,0.7701,1,293.0,0.0821,2.58,43.5,1.0,17.0045,37.0,72.0,165.0
5,2024-05-27 00:00:00+01:00,22,2024,5,37.0,32.0,39.5,0.8101,0,261.0,0.0731,2.64,47.0,1.0,17.5201,35.0,81.0,166.0
5,2024-06-03 00:00:00+01:00,23,2024,6,35.0,37.0,35.75,1.035,0,224.0,0.0627,2.64,46.0,1.0,16.6137,46.0,93.0,172.0
5,2024-06-10 00:00:00+01:00,24,2024,6,46.0,35.0,35.0,1.0,0,399.0,0.1056,3.13,50.0,1.0,25.4952,47.0,85.0,160.0
5,2024-06-17 00:00:00+01:00,25,2024,6,47.0,46.0,37.5,1.2267,0,353.0,0.0934,3.36,47.5,1.0,19.6111,38.0,79.0,154.0
5,2024-06-24 00:00:00+01:00,26,2024,6,38.0,47.0,41.25,1.1394,0,306.0,0.081,3.36,38.0,1.0,15.4545,41.0,75.0,151.0
5,2024-07-01 00:00:00+01:00,27,2024,7,41.0,38.0,41.5,0.9157,1,268.0,0.0709,2.53,43.0,1.0,17.8675,34.0,75.0,153.0
5,2024-07-08 00:00:00+01:00,28,2024,7,34.0,41.0,43.0,0.9535,1,437.0,0.1095,2.65,44.5,1.0,26.8451,41.0,76.0,161.0
5,2024-07-15 00:00:00+01:00,29,2024,7,41.0,34.0,40.0,0.85,1,403.0,0.101,2.65,36.5,1.0,26.6132,35.0,78.0,159.0
5,2024-07-22 00:00:00+01:00,30,2024,7,35.0,41.0,38.5,1.0649,1,362.0,0.0907,2.45,32.5,1.0,26.8646,43.0,85.0,159.0
5,2024-07-29 00:00:00+01:00,31,2024,7,43.0,35.0,37.75,0.9272,0,327.0,0.082,2.5,31.5,1.0,24.2543,42.0,81.0,155.0
5,2024-08-05 00:00:00+01:00,32,2024,8,42.0,43.0,38.25,1.1242,0,284.0,0.0712,2.5,38.5,1.0,20.7895,39.0,74.0,166.0
5,2024-08-12 00:00:00+01:00,33,2024,8,39.0,42.0,40.25,1.0435,0,452.0,0.1076,2.5,39.5,1.0,31.4435,35.0,74.0,173.0
5,2024-08-19 00:00:00+01:00,34,2024,8,35.0,39.0,39.75,0.9811,0,413.0,0.0983,2.7,35.5,1.0,26.9369,39.0,92.0,170.0
5,2024-08-26 00:00:00+01:00,35,2024,8,39.0,35.0,39.75,0.8805,1,378.0,0.09,2.7,40.0,1.0,24.6541,53.0,99.0,163.0
5,2024-09-02 00:00:00+01:00,36,2024,9,53.0,39.0,38.75,1.0065,1,339.0,0.0807,3.52,50.5,1.0,17.3974,46.0,78.0,138.0
5,2024-09-09 00:00:00+01:00,37,2024,9,46.0,53.0,41.5,1.2771,1,496.0,0.1125,3.52,47.0,1.0,23.7678,32.0,64.0,126.0
5,2024-09-16 00:00:00+01:00,38,2024,9,32.0,46.0,43.25,1.0636,1,450.0,0.102,2.7,38.5,1.0,26.975,32.0,60.0,125.0
5,2024-09-23 00:00:00+01:00,39,2024,9,32.0,32.0,42.5,0.7529,0,418.0,0.0948,2.47,38.5,1.0,27.8733,28.0,62.0,128.0
5,2024-09-30 00:00:00+01:00,40,2024,9,28.0,32.0,40.75,0.7853,0,386.0,0.0875,2.47,35.0,1.0,26.8448,34.0,65.0,136.0
5,2024-10-07 00:00:00+01:00,41,2024,10,34.0,28.0,34.5,0.8116,0,568.0,0.1229,2.47,34.5,1.0,46.6585,31.0,66.0,141.0
5,2024-10-14 00:00:00+01:00,42,2024,10,31.0,34.0,31.5,1.0794,0,534.0,0.1156,2.44,37.0,1.0,48.6339,35.0,71.0,146.0
5,2024-10-21 00:00:00+01:00,43,2024,10,35.0,31.0,31.25,0.992,0,503.0,0.1089,2.52,39.5,1.0,44.7111,36.0,75.0,148.0
5,2024-10-28 00:00:00+01:00,44,2024,10,36.0,35.0,32.0,1.0938,1,468.0,0.1013,2.52,36.0,1.0,40.625,39.0,75.0,144.0
5,2024-11-04 00:00:00+01:00,45,2024,11,39.0,36.0,34.0,1.0588,1,432.0,0.0935,2.49,37.5,1.0,35.7193,36.0,73.0,150.0
5,2024-11-11 00:00:00+01:00,46,2024,11,36.0,39.0,35.25,1.1064,1,603.0,0.1248,2.49,40.5,1.0,48.0902,37.0,69.0,151.0
5,2024-11-18 00:00:00+01:00,47,2024,11,37.0,36.0,36.5,0.9863,1,567.0,0.1174,2.44,40.0,1.0,44.5655,32.0,77.0,152.0
5,2024-11-25 00:00:00+01:00,48,2024,11,32.0,37.0,37.0,1.0,0,530.0,0.1097,2.53,39.0,1.0,39.6325,45.0,82.0,188.0
5,2024-12-02 00:00:00+01:00,49,2024,12,45.0,32.0,36.0,0.8889,0,498.0,0.1031,2.53,36.0,1.0,38.274,37.0,75.0,188.0
5,2024-12-09 00:00:00+01:00,50,2024,12,37.0,45.0,37.5,1.2,0,663.0,0.1315,2.43,38.5,1.0,50.93,38.0,106.0,186.0
5,2024-12-16 00:00:00+01:00,51,2024,12,38.0,37.0,37.75,0.9801,0,626.0,0.1242,2.52,39.5,1.0,46.0633,68.0,113.0,188.0
5,2024-12-23 00:00:00+01:00,52,2024,12,68.0,38.0,38.0,1.0,1,588.0,0.1167,4.76,33.3333,1.0,22.7554,45.0,80.0,167.0
5,2024-12-30 00:00:00+01:00,1,2025,12,45.0,68.0,47.0,1.4468,1,520.0,0.1032,4.76,33.6667,1.0,16.2703,35.0,75.0,161.0
5,2025-01-06 00:00:00+01:00,2,2025,1,35.0,45.0,47.0,0.9574,1,685.0,0.1305,3.53,40.4,1.0,28.9012,40.0,87.0,157.0
5,2025-01-13 00:00:00+01:00,3,2025,1,40.0,35.0,46.5,0.7527,1,650.0,0.1238,2.61,37.0,1.0,37.4902,47.0,86.0,153.0
5,2025-01-20 00:00:00+01:00,4,2025,1,47.0,40.0,47.0,0.8511,1,610.0,0.1162,2.61,36.75,1.0,34.8088,39.0,70.0,137.0
5,2025-01-27 00:00:00+01:00,5,2025,1,39.0,47.0,41.75,1.1257,0,563.0,0.1072,2.5,38.5,1.0,37.7581,31.0,67.0,135.0
5,2025-02-03 00:00:00+01:00,6,2025,2,31.0,39.0,40.25,0.9689,0,524.0,0.0998,2.66,42.5,1.0,34.2596,36.0,67.0,142.0
5,2025-02-10 00:00:00+01:00,7,2025,2,36.0,31.0,39.25,0.7898,0,703.0,0.1288,2.66,43.0,1.0,47.1338,31.0,68.0,174.0
5,2025-02-17 00:00:00+01:00,8,2025,2,31.0,36.0,38.25,0.9412,0,667.0,0.1222,2.56,44.0,1.0,47.6818,37.0,75.0,211.0
5,2025-02-24 00:00:00+01:00,9,2025,2,37.0,31.0,34.25,0.9051,1,636.0,0.1165,2.56,39.5,1.0,50.7755,38.0,106.0,266.0
5,2025-03-03 00:00:00+01:00,10,2025,3,38.0,37.0,33.75,1.0963,1,599.0,0.1097,2.79,39.25,1.0,44.5294,68.0,136.0,311.0
5,2025-03-10 00:00:00+01:00,11,2025,3,68.0,38.0,35.5,1.0704,1,771.0,0.136,4.42,56.0,1.0,34.3955,68.0,160.0,327.0
5,2025-03-17 00:00:00+01:00,12,2025,3,68.0,68.0,43.5,1.5632,1,703.0,0.124,4.5,68.75,1.0,25.1392,92.0,175.0,344.0
5,2025-03-24 00:00:00+01:00,13,2025,3,92.0,68.0,52.75,1.2891,0,635.0,0.112,4.5,72.5,1.0,18.7256,83.0,167.0,324.0
5,2025-03-31 00:00:00+01:00,14,2025,3,83.0,92.0,66.5,1.3835,0,543.0,0.0958,5.03,79.5,1.0,11.3634,84.0,169.0,289.0
5,2025-04-07 00:00:00+01:00,15,2025,4,84.0,83.0,77.75,1.0675,0,670.0,0.1139,5.03,81.25,1.0,11.9924,85.0,157.0,240.0
5,2025-04-14 00:00:00+01:00,16,2025,4,85.0,84.0,81.75,1.0275,0,586.0,0.0997,5.24,84.25,1.0,9.5758,72.0,120.0,193.0
5,2025-04-21 00:00:00+01:00,17,2025,4,72.0,85.0,86.0,0.9884,1,501.0,0.0852,5.24,73.25,1.0,7.7823,48.0,83.0,157.0
5,2025-04-28 00:00:00+01:00,18,2025,4,48.0,72.0,81.0,0.8889,1,429.0,0.073,3.35,54.75,1.0,11.0669,35.0,73.0,146.0
5,2025-05-05 00:00:00+01:00,19,2025,5,35.0,48.0,72.25,0.6644,1,381.0,0.0648,3.03,43.25,1.0,12.1827,38.0,74.0,164.0
5,2025-05-12 00:00:00+01:00,20,2025,5,38.0,35.0,60.0,0.5833,1,556.0,0.0913,2.58,36.25,1.0,25.1421,36.0,73.0,169.0
5,2025-05-19 00:00:00+01:00,21,2025,5,36.0,38.0,48.25,0.7876,1,518.0,0.0851,2.58,38.75,1.0,29.128,37.0,90.0,187.0
5,2025-05-26 00:00:00+01:00,22,2025,5,37.0,36.0,39.25,0.9172,0,482.0,0.0791,2.64,40.75,1.0,32.5613,53.0,96.0,179.0
5,2025-06-02 00:00:00+01:00,23,2025,6,53.0,37.0,36.5,1.0137,0,445.0,0.0731,2.64,41.0,1.0,32.3267,43.0,97.0,162.0
5,2025-06-09 00:00:00+01:00,24,2025,6,43.0,53.0,41.0,1.2927,0,602.0,0.0956,3.13,45.25,1.0,32.8372,54.0,83.0,157.0
5,2025-06-16 00:00:00+01:00,25,2025,6,54.0,43.0,42.25,1.0178,0,559.0,0.0887,3.36,47.0,1.0,27.5641,29.0,65.0,141.0
5,2025-06-23 00:00:00+01:00,26,2025,6,29.0,54.0,46.75,1.1551,1,505.0,0.0802,3.36,40.25,1.0,22.5045,36.0,74.0,155.0
5,2025-06-30 00:00:00+01:00,27,2025,6,36.0,29.0,44.75,0.648,1,476.0,0.0756,2.53,41.25,1.0,29.4301,38.0,76.0,156.0
5,2025-07-07 00:00:00+01:00,28,2025,7,38.0,36.0,40.5,0.8889,1,650.0,0.0998,2.65,41.0,1.0,42.3946,38.0,81.0,157.0
5,2025-07-14 00:00:00+01:00,29,2025,7,38.0,38.0,39.25,0.9682,1,612.0,0.094,2.65,37.0,1.0,41.1874,43.0,80.0,158.0
5,2025-07-21 00:00:00+01:00,30,2025,7,43.0,38.0,35.25,1.078,0,574.0,0.0882,2.45,35.25,1.0,46.5248,37.0,76.0,164.0
5,2025-07-28 00:00:00+01:00,31,2025,7,37.0,43.0,38.75,1.1097,0,531.0,0.0816,2.5,35.25,1.0,38.369,39.0,78.0,173.0
5,2025-08-04 00:00:00+01:00,32,2025,8,39.0,37.0,39.0,0.9487,0,494.0,0.0759,2.5,40.5,1.0,35.4667,39.0,88.0,180.0
5,2025-08-11 00:00:00+01:00,33,2025,8,39.0,39.0,39.25,0.9936,0,665.0,0.099,2.5,40.0,1.0,47.4395,49.0,95.0,185.0
5,2025-08-18 00:00:00+01:00,34,2025,8,49.0,39.0,39.5,0.9873,0,626.0,0.0932,2.7,36.25,1.0,41.0877,46.0,92.0,182.0
5,2025-08-25 00:00:00+01:00,35,2025,8,46.0,49.0,41.0,1.1951,1,577.0,0.0859,2.7,38.5,1.0,36.486,46.0,90.0,184.0
5,2025-09-01 00:00:00+01:00,36,2025,9,46.0,46.0,43.25,1.0636,1,531.0,0.079,3.52,48.25,1.0,24.4154,44.0,90.0,187.0
5,2025-09-08 00:00:00+01:00,37,2025,9,44.0,46.0,45.0,1.0222,1,695.0,0.1003,3.52,48.25,1.0,30.7134,46.0,94.0,175.0
5,2025-09-15 00:00:00+01:00,38,2025,9,46.0,44.0,46.25,0.9514,1,651.0,0.0939,2.7,38.75,1.0,36.4925,48.0,97.0,171.0
5,2025-09-22 00:00:00+01:00,39,2025,9,48.0,46.0,45.5,1.011,0,605.0,0.0873,2.47,35.25,1.0,37.683,49.0,81.0,158.0
5,2025-09-29 00:00:00+01:00,40,2025,9,49.0,48.0,46.0,1.0435,0,557.0,0.0804,2.47,32.5,1.0,34.3161,32.0,74.0,147.0
5,2025-10-06 00:00:00+01:00,41,2025,10,32.0,49.0,46.75,1.0481,0,718.0,0.1006,2.47,32.75,1.0,43.5255,42.0,77.0,148.0
5,2025-10-13 00:00:00+01:00,42,2025,10,42.0,32.0,43.75,0.7314,0,686.0,0.0961,2.44,34.75,1.0,44.9836,35.0,73.0,144.0
5,2025-10-20 00:00:00+01:00,43,2025,10,35.0,42.0,42.75,0.9825,1,644.0,0.0902,2.52,36.25,1.0,41.8454,38.0,71.0,145.0
5,2025-10-27 00:00:00+01:00,44,2025,10,38.0,35.0,39.5,0.8861,1,609.0,0.0853,2.52,35.75,1.0,42.827,33.0,71.0,154.0
5,2025-11-03 00:00:00+01:00,45,2025,11,33.0,38.0,36.75,1.034,1,571.0,0.08,2.49,37.5,1.0,43.6795,38.0,74.0,159.0
5,2025-11-10 00:00:00+01:00,46,2025,11,38.0,33.0,37.0,0.8919,1,748.0,0.1018,2.49,39.0,1.0,56.8327,36.0,83.0,162.0
5,2025-11-17 00:00:00+01:00,47,2025,11,36.0,38.0,36.0,1.0556,0,710.0,0.0966,2.44,38.25,1.0,56.5801,47.0,85.0,159.0
5,2025-11-24 00:00:00+01:00,48,2025,11,47.0,36.0,36.25,0.9931,0,674.0,0.0917,2.53,36.75,1.0,51.4434,38.0,79.0,179.0
5,2025-12-01 00:00:00+01:00,49,2025,12,38.0,47.0,38.5,1.2208,0,627.0,0.0853,2.53,37.25,1.0,45.0593,41.0,74.0,207.0
5,2025-12-08 00:00:00+01:00,50,2025,12,41.0,38.0,39.75,0.956,0,799.0,0.1057,2.43,39.75,1.0,57.903,33.0,100.0,195.0
5,2025-12-15 00:00:00+01:00,51,2025,12,33.0,41.0,40.5,1.0123,0,758.0,0.1003,2.52,38.5,1.0,51.989,67.0,133.0,203.0
5,2025-12-22 00:00:00+01:00,52,2025,12,67.0,33.0,39.75,0.8302,1,725.0,0.0959,4.76,41.2,1.0,26.822,66.0,95.0,175.0
5,2025-12-29 00:00:00+01:00,1,2026,12,66.0,67.0,44.75,1.4972,1,658.0,0.087,4.76,43.8333,1.0,21.6234,29.0,70.0,138.0
5,2026-01-05 00:00:00+01:00,2,2026,1,29.0,66.0,51.75,1.2754,1,592.0,0.0783,3.53,43.2857,1.0,22.6848,41.0,80.0,149.0
5,2026-01-12 00:00:00+01:00,3,2026,1,41.0,29.0,48.75,0.5949,1,773.0,0.0995,2.61,37.1667,1.0,42.5268,39.0,68.0,145.0
5,2026-01-19 00:00:00+01:00,4,2026,1,39.0,41.0,50.75,0.8079,0,732.0,0.0942,2.61,39.0,1.0,38.6841,29.0,69.0,142.0
5,2026-01-26 00:00:00+01:00,5,2026,1,29.0,39.0,43.75,0.8914,0,693.0,0.0892,2.5,40.0,1.0,44.352,40.0,77.0,150.0
5,2026-02-02 00:00:00+01:00,6,2026,2,40.0,29.0,34.5,0.8406,0,664.0,0.0855,2.66,40.0,1.0,50.6484,37.0,73.0,146.0
5,2026-02-09 00:00:00+01:00,7,2026,2,37.0,40.0,37.25,1.0738,0,834.0,0.1045,2.66,39.8333,1.0,58.9191,36.0,73.0,172.0
5,2026-02-16 00:00:00+01:00,8,2026,2,36.0,37.0,36.25,1.0207,1,797.0,0.0999,2.56,40.5,1.0,60.1185,37.0,73.0,205.0
5,2026-02-23 00:00:00+01:00,9,2026,2,37.0,36.0,35.5,1.0141,1,761.0,0.0954,2.56,37.6667,1.0,58.6158,36.0,99.0,252.0
5,2026-03-02 00:00:00+01:00,10,2026,3,36.0,37.0,37.5,0.9867,1,724.0,0.0907,2.79,38.6667,1.0,48.4397,63.0,132.0,300.0
5,2026-03-09 00:00:00+01:00,11,2026,3,63.0,36.0,36.5,0.9863,1,898.0,0.1096,4.42,55.0,1.0,38.9636,69.0,153.0,308.0
5,2026-03-16 00:00:00+01:00,12,2026,3,69.0,63.0,43.0,1.4651,1,835.0,0.102,4.5,68.5,1.0,30.2067,84.0,168.0,320.0
5,2026-03-23 00:00:00+01:00,13,2026,3,84.0,69.0,51.25,1.3463,0,766.0,0.0935,4.5,75.0,1.0,23.2499,84.0,155.0,269.0
